mask,stem,CO6,area,convex_area,perimeter,axis_major_length,axis_minor_length,extent,eccentricity,solidity,feret_diameter_max,hu_moment_0,hu_moment_1,hu_moment_2,hu_moment_3,hu_moment_4,hu_moment_5,hu_moment_6,bbox_width,bbox_height,bbox_aspect_ratio
WE00001---A001--PO01--LO001--CO6--SL001--PX32500--PW0100--IN0020--TM250--X014463--Y011163--Z211270--T2936162510.png,WE00001---A001--PO01--LO001--CO6--SL001--PX32500--PW0100--IN0020--TM250--X014463--Y011163--Z211270--T2936162510,WE00001---A001--PO01--LO001--CO6--SL001--PX32500--PW0100--IN0020--TM250--X014463--Y011163--Z211270--T2936162510,3240.0,4890.0,358.8122292025696,142.3773965137383,45.8702082156846,0.38895558223289317,0.9466806790234963,0.6625766871165644,128.15615474880636,0.4316242098723093,0.12281410783671098,0.015333351721925478,0.0030945106146746076,4.734682956259445e-06,-0.0002936426306192128,2.0783558702714566e-05,119.0,70.0,1.7
WE00001---A001--PO01--LO001--CO6--SL001--PX32500--PW0100--IN0020--TM257--X014463--Y011163--Z209973--T2924162000.png,WE00001---A001--PO01--LO001--CO6--SL001--PX32500--PW0100--IN0020--TM257--X014463--Y011163--Z209973--T2924162000,WE00001---A001--PO01--LO001--CO6--SL001--PX32500--PW0100--IN0020--TM257--X014463--Y011163--Z209973--T2924162000,5749.0,7372.0,550.936074863071,270.06914779354304,32.07833470061058,0.5326600574446401,0.9929208088520958,0.7798426478567553,251.9622987670973,0.8041220663060422,0.6111302244741805,0.13139850391053945,0.11831547324283608,0.014752047021476894,0.09229685621843245,7.246727817029159e-05,251.0,43.0,5.837209302325581
WE00001---A001--PO01--LO001--CO6--SL001--PX32500--PW0100--IN0020--TM258--X014463--Y011163--Z212869--T2923104354.png,WE00001---A001--PO01--LO001--CO6--SL001--PX32500--PW0100--IN0020--TM258--X014463--Y011163--Z212869--T2923104354,WE00001---A001--PO01--LO001--CO6--SL001--PX32500--PW0100--IN0020--TM258--X014463--Y011163--Z212869--T2923104354,4319.0,5756.0,529.0365799264592,261.9744656597762,27.034152011778104,0.4133409895683797,0.9946612642817282,0.7503474635163307,244.49539872971025,1.0037257761160159,0.9654511418478865,0.3120047689882677,0.2861611142656944,0.08550583863265063,0.2810629942285167,-0.00016128506683043067,243.0,43.0,5.651162790697675
WE00001---A001--PO01--LO001--CO6--SL001--PX32500--PW0100--IN0020--TM262--X014463--Y011163--Z214771--T2944093717.png,WE00001---A001--PO01--LO001--CO6--SL001--PX32500--PW0100--IN0020--TM262--X014463--Y011163--Z214771--T2944093717,WE00001---A001--PO01--LO001--CO6--SL001--PX32500--PW0100--IN0020--TM262--X014463--Y011163--Z214771--T2944093717,3368.0,5945.0,408.6761902332485,112.71934215811208,80.14681231202285,0.4376868096166342,0.7031618667709284,0.5665264928511354,96.76776322722355,0.35497998850089374,0.013590357866564387,0.004715024984655964,0.003275341510483673,1.0562080049285422e-05,-8.240332631992483e-05,7.356374064854737e-06,81.0,95.0,0.8526315789473684
WE00001---A001--PO01--LO001--CO6--SL001--PX32500--PW0100--IN0020--TM264--X014463--Y011163--Z215183--T2841906030.png,WE00001---A001--PO01--LO001--CO6--SL001--PX32500--PW0100--IN0020--TM264--X014463--Y011163--Z215183--T2841906030,WE00001---A001--PO01--LO001--CO6--SL001--PX32500--PW0100--IN0020--TM264--X014463--Y011163--Z215183--T2841906030,2458.0,3616.0,316.2558800164656,78.64479417744812,59.887201629654335,0.5017350479689733,0.6481769968689953,0.6797566371681416,75.76938695805846,0.24846116177390287,0.004365667498108041,0.0009067169729177387,0.000793508935053905,4.186552799598843e-07,-2.153959115278929e-05,5.270275271773823e-07,71.0,69.0,1.0289855072463767
WE00001---A001--PO01--LO001--CO6--SL001--PX32500--PW0100--IN0020--TM276--X014463--Y011163--Z211275--T2850025244.png,WE00001---A001--PO01--LO001--CO6--SL001--PX32500--PW0100--IN0020--TM276--X014463--Y011163--Z211275--T2850025244,WE00001---A001--PO01--LO001--CO6--SL001--PX32500--PW0100--IN0020--TM276--X014463--Y011163--Z211275--T2850025244,4429.0,5840.0,524.3086578651014,259.460782688224,28.62932375479604,0.5083792470156107,0.9938937198357171,0.7583904109589041,242.52834885843757,0.9615536228810501,0.8806338098417845,0.3628341921107517,0.3309182750644578,0.11466560468930001,0.3102697848080314,0.00035364208084543575,242.0,36.0,6.722222222222222
WE00001---A001--PO01--LO001--CO6--SL001--PX32500--PW0100--IN0020--TM278--X014463--Y011163--Z212661--T2334471973.png,WE00001---A001--PO01--LO001--CO6--SL001--PX32500--PW0100--IN0020--TM278--X014463--Y011163--Z212661--T2334471973,WE00001---A001--PO01--LO001--CO6--SL001--PX32500--PW0100--IN0020--TM278--X014463--Y011163--Z212661--T2334471973,3904.0,7593.0,437.2447327281724,168.3239471384247,69.77252512165121,0.3057644110275689,0.9100432260470541,0.5141577768997762,142.46754016266303,0.5315246612786668,0.14111465832788775,0.05586663384616494,0.03470008789986345,0.0014577339419631393,0.010105935880758529,0.0004574329314634716,96.0,133.0,0.7218045112781954
WE00001---A001--PO01--LO001--CO6--SL001--PX32500--PW0100--IN0020--TM280--X014463--Y011163--Z211255--T2247736734.png,WE00001---A001--PO01--LO001--CO6--SL001--PX32500--PW0100--IN0020--TM280--X014463--Y011163--Z211255--T2247736734,WE00001---A001--PO01--LO001--CO6--SL001--PX32500--PW0100--IN0020--TM280--X014463--Y011163--Z211255--T2247736734,5250.0,6556.0,553.4041122946064,258.1485996553921,31.09939362878271,0.2984141419882908,0.9927168592931934,0.8007931665649787,248.35659846277488,0.8048556165252128,0.6112545603048585,0.14881510147550212,0.13206481189396185,0.01851376178026638,0.10279898184275099,-0.00012250094246479652,241.0,73.0,3.3013698630136985
WE00001---A001--PO01--LO001--CO6--SL001--PX32500--PW0100--IN0020--TM280--X014463--Y011163--Z211486--T2671858312.png,WE00001---A001--PO01--LO001--CO6--SL001--PX32500--PW0100--IN0020--TM280--X014463--Y011163--Z211486--T2671858312,WE00001---A001--PO01--LO001--CO6--SL001--PX32500--PW0100--IN0020--TM280--X014463--Y011163--Z211486--T2671858312,3250.0,5763.0,382.7766952966369,123.21037448985055,65.84196952907185,0.4425381263616558,0.8452401982800601,0.5639423911157383,105.65036677645753,0.3753069487191623,0.04350137615585241,0.011662693458925956,0.005144487791454926,2.332536270346148e-05,-0.00014554938655790572,-3.230843946201561e-05,102.0,72.0,1.4166666666666667
WE00001---A001--PO01--LO001--CO6--SL001--PX32500--PW0100--IN0020--TM280--X014463--Y011163--Z211881--T2685934452.png,WE00001---A001--PO01--LO001--CO6--SL001--PX32500--PW0100--IN0020--TM280--X014463--Y011163--Z211881--T2685934452,WE00001---A001--PO01--LO001--CO6--SL001--PX32500--PW0100--IN0020--TM280--X014463--Y011163--Z211881--T2685934452,5083.0,6372.0,486.1076477383247,227.47324181979982,34.72350670778447,0.5609756097560976,0.9882805058298739,0.7977087256748274,221.11083193728885,0.6510647951762575,0.38615529878771443,0.07111631591449269,0.057459776983847646,0.0036717600050980015,0.035049746116933345,-9.850872116509029e-05,221.0,41.0,5.390243902439025
WE00001---A001--PO01--LO001--CO6--SL001--PX32500--PW0100--IN0020--TM280--X014463--Y011163--Z212393--T2252457583.png,WE00001---A001--PO01--LO001--CO6--SL001--PX32500--PW0100--IN0020--TM280--X014463--Y011163--Z212393--T2252457583,WE00001---A001--PO01--LO001--CO6--SL001--PX32500--PW0100--IN0020--TM280--X014463--Y011163--Z212393--T2252457583,4537.0,5639.0,482.1076477383247,231.37729625351682,28.319954998398398,0.47083852220838524,0.9924811848972244,0.8045752793048413,220.20445045457188,0.7485325252465699,0.5277090871412686,0.08031425868960487,0.07139217956436375,0.005405953091783362,0.05186129061880077,1.4683075862070676e-06,219.0,44.0,4.9772727272727275
WE00001---A001--PO01--LO001--CO6--SL001--PX32500--PW0100--IN0020--TM280--X014463--Y011163--Z212839--T2359620775.png,WE00001---A001--PO01--LO001--CO6--SL001--PX32500--PW0100--IN0020--TM280--X014463--Y011163--Z212839--T2359620775,WE00001---A001--PO01--LO001--CO6--SL001--PX32500--PW0100--IN0020--TM280--X014463--Y011163--Z212839--T2359620775,3179.0,5082.0,365.94826817189073,100.39513635900913,75.22271966480541,0.5039632213062778,0.6622685286868685,0.6255411255411255,88.68483523128404,0.3094062786708466,0.007553811536346301,0.00367167390398424,0.0014259577421293908,1.5608398725461115e-06,-6.131789911675751e-05,-2.8652609382633695e-06,83.0,76.0,1.0921052631578947
WE00001---A001--PO01--LO001--CO6--SL001--PX32500--PW0100--IN0020--TM283--X014463--Y011163--Z213337--T2349132326.png,WE00001---A001--PO01--LO001--CO6--SL001--PX32500--PW0100--IN0020--TM283--X014463--Y011163--Z213337--T2349132326,WE00001---A001--PO01--LO001--CO6--SL001--PX32500--PW0100--IN0020--TM283--X014463--Y011163--Z213337--T2349132326,2862.0,4128.0,322.8355697996826,87.7818429332537,60.16256145598994,0.5489067894131185,0.7282001524906556,0.6933139534883721,81.49233092751734,0.24731799767872525,0.007962374781436174,0.0011978081296883606,0.0007058494684527431,-1.9190260031125523e-07,-3.940250907406022e-05,6.200060506339677e-07,79.0,66.0,1.196969696969697
WE00001---A001--PO01--LO001--CO6--SL001--PX32500--PW0100--IN0020--TM283--X014463--Y011163--Z215577--T2858337118.png,WE00001---A001--PO01--LO001--CO6--SL001--PX32500--PW0100--IN0020--TM283--X014463--Y011163--Z215577--T2858337118,WE00001---A001--PO01--LO001--CO6--SL001--PX32500--PW0100--IN0020--TM283--X014463--Y011163--Z215577--T2858337118,3531.0,7621.0,434.13203435596427,141.2419919056494,75.48921248699507,0.29454454454454454,0.8451892142922495,0.46332502296286576,119.57006314291216,0.45397765292024617,0.06362616089640914,0.028880755493701643,0.01389829977965231,0.00024264645588317822,8.896756744954126e-05,-0.00013659042671162493,111.0,108.0,1.0277777777777777
WE00002---A002--PO01--LO001--CO6--SL001--PX32500--PW0100--IN0020--TM250--X023472--Y011163--Z209870--T2936243413.png,WE00002---A002--PO01--LO001--CO6--SL001--PX32500--PW0100--IN0020--TM250--X023472--Y011163--Z209870--T2936243413,WE00002---A002--PO01--LO001--CO6--SL001--PX32500--PW0100--IN0020--TM250--X023472--Y011163--Z209870--T2936243413,2406.0,2873.0,234.20815280171308,92.47513052852541,37.90517366491974,0.4773809523809524,0.9121323256242084,0.8374521406195614,91.0659101969557,0.25946726820541194,0.03415859424924046,0.003053034275682739,0.0005986400904647573,4.5045694957131924e-07,1.5339498125945843e-05,-6.723615820740634e-07,63.0,80.0,0.7875
WE00002---A002--PO01--LO001--CO6--SL001--PX32500--PW0100--IN0020--TM257--X023472--Y011163--Z211373--T2924245561.png,WE00002---A002--PO01--LO001--CO6--SL001--PX32500--PW0100--IN0020--TM257--X023472--Y011163--Z211373--T2924245561,WE00002---A002--PO01--LO001--CO6--SL001--PX32500--PW0100--IN0020--TM257--X023472--Y011163--Z211373--T2924245561,4289.0,6497.0,545.7056274847714,259.9530634795716,33.071284605989874,0.3122224648758827,0.9918744965542384,0.6601508388486994,243.67396249907375,1.000660192904881,0.9385439105499346,0.6907085488237108,0.6263880160235796,0.412006994178938,0.6056432368112504,0.00249881462757115,241.0,57.0,4.228070175438597
WE00002---A002--PO01--LO001--CO6--SL001--PX32500--PW0100--IN0020--TM258--X023472--Y011163--Z215069--T2923185861.png,WE00002---A002--PO01--LO001--CO6--SL001--PX32500--PW0100--IN0020--TM258--X023472--Y011163--Z215069--T2923185861,WE00002---A002--PO01--LO001--CO6--SL001--PX32500--PW0100--IN0020--TM258--X023472--Y011163--Z215069--T2923185861,4441.0,7039.0,543.6883835420683,274.16632367949694,30.89142214685201,0.24655785032200755,0.9936320068128065,0.6309134820286972,236.54386485385749,1.0712881811836537,1.090830350162676,0.2659726815205061,0.2386569405330511,0.06011927664974298,0.24453506613871012,0.0010471821108023402,228.0,79.0,2.8860759493670884
WE00002---A002--PO01--LO001--CO6--SL001--PX32500--PW0100--IN0020--TM262--X023472--Y011163--Z213971--T2944175794.png,WE00002---A002--PO01--LO001--CO6--SL001--PX32500--PW0100--IN0020--TM262--X023472--Y011163--Z213971--T2944175794,WE00002---A002--PO01--LO001--CO6--SL001--PX32500--PW0100--IN0020--TM262--X023472--Y011163--Z213971--T2944175794,3926.0,5839.0,435.3624817342638,186.16589331168666,38.06311509581592,0.39386035313001605,0.9788753274695137,0.6723754067477308,181.0331461362808,0.5747984679593675,0.2794920426549397,0.09086502250619483,0.07029499269059487,0.005613478858298266,0.03642291804251519,-0.0002263781463254476,178.0,56.0,3.1785714285714284
WE00002---A002--PO01--LO001--CO6--SL001--PX32500--PW0100--IN0020--TM264--X023472--Y011163--Z212383--T2841989604.png,WE00002---A002--PO01--LO001--CO6--SL001--PX32500--PW0100--IN0020--TM264--X023472--Y011163--Z212383--T2841989604,WE00002---A002--PO01--LO001--CO6--SL001--PX32500--PW0100--IN0020--TM264--X023472--Y011163--Z212383--T2841989604,3409.0,6429.0,390.91883092036784,134.82604968126415,60.105484225521465,0.3417201283079391,0.8951324779953903,0.5302535386529786,120.33287165193059,0.39950742348634355,0.07131001574357416,0.01853648450759297,0.011896861615257864,0.00016926332077367925,0.0014152735451544581,-5.061762667736826e-05,116.0,86.0,1.3488372093023255
WE00002---A002--PO01--LO001--CO6--SL001--PX32500--PW0100--IN0020--TM276--X023472--Y011163--Z211475--T2850108718.png,WE00002---A002--PO01--LO001--CO6--SL001--PX32500--PW0100--IN0020--TM276--X023472--Y011163--Z211475--T2850108718,WE00002---A002--PO01--LO001--CO6--SL001--PX32500--PW0100--IN0020--TM276--X023472--Y011163--Z211475--T2850108718,4272.0,5300.0,451.01933598375615,212.8889558142575,31.00893093175752,0.307426597582038,0.9893350360378507,0.8060377358490566,201.2411488736834,0.6771310467172196,0.4211954114736576,0.08658947780815458,0.07318865791020111,0.005825929885202169,0.047311064523653315,-7.180283458959203e-05,193.0,72.0,2.6805555555555554
WE00002---A002--PO01--LO001--CO6--SL001--PX32500--PW0100--IN0020--TM280--X023472--Y011163--Z210555--T2247794914.png,WE00002---A002--PO01--LO001--CO6--SL001--PX32500--PW0100--IN0020--TM280--X023472--Y011163--Z210555--T2247794914,WE00002---A002--PO01--LO001--CO6--SL001--PX32500--PW0100--IN0020--TM280--X023472--Y011163--Z210555--T2247794914,4872.0,6198.0,565.2203461105328,276.3893637913553,26.68663530108817,0.36742081447963804,0.9953276996021546,0.7860600193610843,258.6000773395089,0.9891119781491614,0.9425299128725653,0.2329324965228596,0.21700195224532445,0.048787532668086483,0.21053175506771374,0.000134365287414253,255.0,52.0,4.903846153846154
WE00002---A002--PO01--LO001--CO6--SL001--PX32500--PW0100--IN0020--TM280--X023472--Y011163--Z210881--T2686018147.png,WE00002---A002--PO01--LO001--CO6--SL001--PX32500--PW0100--IN0020--TM280--X023472--Y011163--Z210881--T2686018147,WE00002---A002--PO01--LO001--CO6--SL001--PX32500--PW0100--IN0020--TM280--X023472--Y011163--Z210881--T2686018147,4797.0,6447.0,517.0365799264594,247.93958223974164,32.95444714001884,0.4747154873824839,0.9911276795295216,0.7440670079106562,235.2126697267815,0.8150931835981069,0.6190453677200791,0.18404948317980022,0.15664868238755647,0.026595200446927175,0.12228761904444069,-0.00042001314100956113,235.0,43.0,5.465116279069767
WE00002---A002--PO01--LO001--CO6--SL001--PX32500--PW0100--IN0020--TM280--X023472--Y011163--Z210886--T2671942769.png,WE00002---A002--PO01--LO001--CO6--SL001--PX32500--PW0100--IN0020--TM280--X023472--Y011163--Z210886--T2671942769,WE00002---A002--PO01--LO001--CO6--SL001--PX32500--PW0100--IN0020--TM280--X023472--Y011163--Z210886--T2671942769,3224.0,5196.0,374.95436482630055,108.38990059518638,65.89045713280389,0.4797619047619048,0.7940119246657303,0.6204772902232486,97.32420048477151,0.31191692951698685,0.020617373551447167,0.004029457360980557,0.002760021230802314,8.14350748272477e-06,-3.251949012396457e-05,-4.289857042358759e-06,96.0,70.0,1.3714285714285714
WE00002---A002--PO01--LO001--CO6--SL001--PX32500--PW0100--IN0020--TM280--X023472--Y011163--Z211039--T2359703072.png,WE00002---A002--PO01--LO001--CO6--SL001--PX32500--PW0100--IN0020--TM280--X023472--Y011163--Z211039--T2359703072,WE00002---A002--PO01--LO001--CO6--SL001--PX32500--PW0100--IN0020--TM280--X023472--Y011163--Z211039--T2359703072,2842.0,3776.0,300.63455967290594,83.56397657729555,56.24148650282633,0.5710267229254571,0.7396105730332867,0.7526483050847458,79.63039620647382,0.22312726481039757,0.007056684908355761,0.0016557205216344696,0.0004285077951954542,9.084361616277116e-08,-9.517453172177227e-06,-3.493180161279649e-07,79.0,63.0,1.253968253968254
WE00002---A002--PO01--LO001--CO6--SL001--PX32500--PW0100--IN0020--TM280--X023472--Y011163--Z211743--T2252515831.png,WE00002---A002--PO01--LO001--CO6--SL001--PX32500--PW0100--IN0020--TM280--X023472--Y011163--Z211743--T2252515831,WE00002---A002--PO01--LO001--CO6--SL001--PX32500--PW0100--IN0020--TM280--X023472--Y011163--Z211743--T2252515831,4173.0,5269.0,484.3158005400378,219.932181960977,29.286838479072056,0.22421018697614442,0.9910941449376646,0.7919908901119757,213.17832910500073,0.7372975612601179,0.5063817424026111,0.12652663927742394,0.11112670606661001,0.013176926068626612,0.07901358066373601,6.024722793942887e-05,198.0,94.0,2.106382978723404
WE00002---A002--PO01--LO001--CO6--SL001--PX32500--PW0100--IN0020--TM283--X023472--Y011163--Z213177--T2858420745.png,WE00002---A002--PO01--LO001--CO6--SL001--PX32500--PW0100--IN0020--TM283--X023472--Y011163--Z213177--T2858420745,WE00002---A002--PO01--LO001--CO6--SL001--PX32500--PW0100--IN0020--TM283--X023472--Y011163--Z213177--T2858420745,4385.0,8519.0,470.6589462905455,180.24539354120662,64.15521032464012,0.28492527615334634,0.934511631356571,0.5147317760300505,173.4589288563722,0.5217259536006738,0.16353713374437157,0.08200280683277582,0.05261320530427857,0.003417663850778469,0.014889184336022657,-0.0005124079580667721,162.0,95.0,1.7052631578947368
WE00002---A002--PO01--LO001--CO6--SL001--PX32500--PW0100--IN0020--TM283--X023472--Y011163--Z213937--T2349215044.png,WE00002---A002--PO01--LO001--CO6--SL001--PX32500--PW0100--IN0020--TM283--X023472--Y011163--Z213937--T2349215044,WE00002---A002--PO01--LO001--CO6--SL001--PX32500--PW0100--IN0020--TM283--X023472--Y011163--Z213937--T2349215044,2948.0,4939.0,363.74725804511405,89.92945295411862,71.68942653069001,0.4335294117647059,0.60374955784647,0.5968819599109132,87.09190547921202,0.2804163921498947,0.0039060714708530567,0.0026202149567748625,0.00238261287152966,3.4325100100919787e-06,-0.0001036320557318031,-4.863966860809701e-06,80.0,85.0,0.9411764705882353
WE00002---A002--PO01--LO001--CO6--SL003--PX32500--PW0100--IN0020--TM278--X023472--Y011163--Z215561--T2334557173.png,WE00002---A002--PO01--LO001--CO6--SL003--PX32500--PW0100--IN0020--TM278--X023472--Y011163--Z215561--T2334557173,WE00002---A002--PO01--LO001--CO6--SL003--PX32500--PW0100--IN0020--TM278--X023472--Y011163--Z215561--T2334557173,4087.0,6959.0,412.13203435596427,129.51305338455938,80.6660624769896,0.4851614434947768,0.782348304454471,0.5872970254346889,110.21796586763884,0.3560167089633795,0.024649352269048876,0.012952485124532022,0.004202075210797739,1.3332958942717788e-05,-4.931702641611045e-05,-2.7987123300005627e-05,108.0,78.0,1.3846153846153846
WE00003---A003--PO01--LO001--CO6--SL001--PX32500--PW0100--IN0020--TM250--X032481--Y011163--Z211670--T2936324045.png,WE00003---A003--PO01--LO001--CO6--SL001--PX32500--PW0100--IN0020--TM250--X032481--Y011163--Z211670--T2936324045,WE00003---A003--PO01--LO001--CO6--SL001--PX32500--PW0100--IN0020--TM250--X032481--Y011163--Z211670--T2936324045,3705.0,6832.0,429.30360723121805,141.40120004850252,80.20213033921888,0.3567989214175655,0.8235831572029633,0.5423009367681498,122.5275479229059,0.44579421535266006,0.052339047748290304,0.022553272249591118,0.0030451830743228824,-2.414761219362746e-05,-0.0006449679713698249,-7.332213023098951e-06,118.0,88.0,1.3409090909090908
WE00003---A003--PO01--LO001--CO6--SL001--PX32500--PW0100--IN0020--TM257--X032481--Y011163--Z210173--T2924327797.png,WE00003---A003--PO01--LO001--CO6--SL001--PX32500--PW0100--IN0020--TM257--X032481--Y011163--Z210173--T2924327797,WE00003---A003--PO01--LO001--CO6--SL001--PX32500--PW0100--IN0020--TM257--X032481--Y011163--Z210173--T2924327797,4458.0,6512.0,546.1909088590099,248.750162779593,34.59197408684589,0.31352415781700543,0.9902835191319201,0.6845823095823096,244.13520843991347,0.8842705270594862,0.7237217192049398,0.47708769465116696,0.42329829117487094,0.19022473241260482,0.35999666866891744,0.000562479007740424,241.0,59.0,4.084745762711864
WE00003---A003--PO01--LO001--CO6--SL001--PX32500--PW0100--IN0020--TM258--X032481--Y011163--Z212469--T2923267267.png,WE00003---A003--PO01--LO001--CO6--SL001--PX32500--PW0100--IN0020--TM258--X032481--Y011163--Z212469--T2923267267,WE00003---A003--PO01--LO001--CO6--SL001--PX32500--PW0100--IN0020--TM258--X032481--Y011163--Z212469--T2923267267,4029.0,5294.0,483.96551211459376,235.68259592370146,27.325593877059063,0.49050401753104456,0.9932559446701141,0.7610502455610124,223.0874268084152,0.8732466819010409,0.7226370829943543,0.2541532285178919,0.23135520326791106,0.056100296691658995,0.19649057259732472,-0.0001505828232303292,222.0,37.0,6.0
WE00003---A003--PO01--LO001--CO6--SL001--PX32500--PW0100--IN0020--TM263--X032481--Y011163--Z211971--T2944258376.png,WE00003---A003--PO01--LO001--CO6--SL001--PX32500--PW0100--IN0020--TM263--X032481--Y011163--Z211971--T2944258376,WE00003---A003--PO01--LO001--CO6--SL001--PX32500--PW0100--IN0020--TM263--X032481--Y011163--Z211971--T2944258376,3485.0,6949.0,460.3807716974934,122.6606803192676,86.86095215906921,0.37545787545787546,0.7060719032731282,0.5015110087782415,103.16006979447037,0.4051375090811634,0.01809554493264258,0.00431542875563903,0.0060577982019116225,3.094428714689837e-05,0.00012242394814635668,1.3348500059335213e-06,102.0,91.0,1.120879120879121
WE00003---A003--PO01--LO001--CO6--SL001--PX32500--PW0100--IN0020--TM263--X032481--Y011163--Z215183--T2842072615.png,WE00003---A003--PO01--LO001--CO6--SL001--PX32500--PW0100--IN0020--TM263--X032481--Y011163--Z215183--T2842072615,WE00003---A003--PO01--LO001--CO6--SL001--PX32500--PW0100--IN0020--TM263--X032481--Y011163--Z215183--T2842072615,2978.0,4960.0,366.63455967290594,97.12738851605873,67.70662236621342,0.4960026648900733,0.7169827223562414,0.6004032258064517,88.60022573334675,0.2941973705547022,0.010358866991336165,0.002164203007657364,0.0017649540559968719,2.4498792778016952e-06,-0.00012381772850309986,-2.428323655935325e-06,76.0,79.0,0.9620253164556962
WE00003---A003--PO01--LO001--CO6--SL001--PX32500--PW0100--IN0020--TM276--X032481--Y011163--Z215675--T2850191162.png,WE00003---A003--PO01--LO001--CO6--SL001--PX32500--PW0100--IN0020--TM276--X032481--Y011163--Z215675--T2850191162,WE00003---A003--PO01--LO001--CO6--SL001--PX32500--PW0100--IN0020--TM276--X032481--Y011163--Z215675--T2850191162,4579.0,6515.0,554.2985565973347,270.48238520070265,28.17580195698549,0.17201352366641623,0.994559640861623,0.7028396009209517,248.70866490735702,1.0094261372540478,0.9756589306972846,0.3548127304063525,0.3295544526436472,0.11269075207145282,0.32525943164387094,-0.0003500487833253789,220.0,121.0,1.8181818181818181
WE00003---A003--PO01--LO001--CO6--SL001--PX32500--PW0100--IN0020--TM278--X032481--Y011163--Z213061--T2334641579.png,WE00003---A003--PO01--LO001--CO6--SL001--PX32500--PW0100--IN0020--TM278--X032481--Y011163--Z213061--T2334641579,WE00003---A003--PO01--LO001--CO6--SL001--PX32500--PW0100--IN0020--TM278--X032481--Y011163--Z213061--T2334641579,4096.0,6577.0,451.445742854949,110.4615817097322,83.1124209255481,0.46545454545454545,0.6586948375706271,0.622776341797172,100.9752444909147,0.29158684609865304,0.006525626429206525,0.001412279368364337,0.002459583458683501,4.561091988310268e-06,0.00011541429755597898,4.585567359410114e-07,100.0,88.0,1.1363636363636365
WE00003---A003--PO01--LO001--CO6--SL001--PX32500--PW0100--IN0020--TM280--X032481--Y011163--Z209005--T2247853096.png,WE00003---A003--PO01--LO001--CO6--SL001--PX32500--PW0100--IN0020--TM280--X032481--Y011163--Z209005--T2247853096,WE00003---A003--PO01--LO001--CO6--SL001--PX32500--PW0100--IN0020--TM280--X032481--Y011163--Z209005--T2247853096,5672.0,7241.0,573.4213562373095,274.98855462084356,32.38196365886546,0.5092933465026488,0.9930423818262829,0.7833172213782627,259.77105304479176,0.8448000787075187,0.6751763162407087,0.16174059864722307,0.14358970224315407,0.02188236685704531,0.11798560235861416,-1.9407682808779067e-05,259.0,43.0,6.023255813953488
WE00003---A003--PO01--LO001--CO6--SL001--PX32500--PW0100--IN0020--TM280--X032481--Y011163--Z209086--T2672027112.png,WE00003---A003--PO01--LO001--CO6--SL001--PX32500--PW0100--IN0020--TM280--X032481--Y011163--Z209086--T2672027112,WE00003---A003--PO01--LO001--CO6--SL001--PX32500--PW0100--IN0020--TM280--X032481--Y011163--Z209086--T2672027112,3298.0,3798.0,275.1370849898476,111.97183339453215,41.34432031125439,0.7005097706032285,0.9293346404908505,0.8683517640863613,107.56393447619885,0.26999401712652493,0.042109723662212634,0.0028856547454601846,0.0010611770633667153,1.7899893940620584e-06,0.00019257327817509282,4.942275933585412e-07,107.0,44.0,2.4318181818181817
WE00003---A003--PO01--LO001--CO6--SL001--PX32500--PW0100--IN0020--TM280--X032481--Y011163--Z211243--T2252573875.png,WE00003---A003--PO01--LO001--CO6--SL001--PX32500--PW0100--IN0020--TM280--X032481--Y011163--Z211243--T2252573875,WE00003---A003--PO01--LO001--CO6--SL001--PX32500--PW0100--IN0020--TM280--X032481--Y011163--Z211243--T2252573875,4673.0,5825.0,511.86500705120545,241.71114523817107,28.120846775172513,0.5705738705738705,0.9932093629708656,0.8022317596566524,234.7701003109212,0.7919840005844876,0.5941805027489934,0.10902112112669314,0.09901512382763357,0.01028743725008945,0.07630872354885021,-1.439429985237604e-05,234.0,35.0,6.685714285714286
WE00003---A003--PO01--LO001--CO6--SL001--PX32500--PW0100--IN0020--TM280--X032481--Y011163--Z211681--T2686102348.png,WE00003---A003--PO01--LO001--CO6--SL001--PX32500--PW0100--IN0020--TM280--X032481--Y011163--Z211681--T2686102348,WE00003---A003--PO01--LO001--CO6--SL001--PX32500--PW0100--IN0020--TM280--X032481--Y011163--Z211681--T2686102348,4512.0,6601.0,538.3086578651014,246.2007144460233,34.59089949071788,0.4202682563338301,0.9900808519594038,0.6835327980608998,244.07375934335914,0.8562073653771785,0.6774258014040204,0.4403565443101119,0.39166919943502515,0.1626556515161589,0.3216241032583928,-0.0012192270435775398,244.0,44.0,5.545454545454546
WE00003---A003--PO01--LO001--CO6--SL001--PX32500--PW0100--IN0020--TM280--X032481--Y011163--Z212839--T2359785961.png,WE00003---A003--PO01--LO001--CO6--SL001--PX32500--PW0100--IN0020--TM280--X032481--Y011163--Z212839--T2359785961,WE00003---A003--PO01--LO001--CO6--SL001--PX32500--PW0100--IN0020--TM280--X032481--Y011163--Z212839--T2359785961,3076.0,5086.0,404.43964620053913,102.45161269764849,74.01770052721632,0.45235294117647057,0.691407533903183,0.6047974832874558,89.02246907382428,0.3245886080885413,0.010394389785587738,0.0009851238566772897,0.0015278422104052314,1.3291862219858013e-06,-6.455496897645148e-05,1.3216103415042882e-06,85.0,80.0,1.0625
WE00003---A003--PO01--LO001--CO6--SL001--PX32500--PW0100--IN0020--TM282--X032481--Y011163--Z211355--T2255480177.png,WE00003---A003--PO01--LO001--CO6--SL001--PX32500--PW0100--IN0020--TM282--X032481--Y011163--Z211355--T2255480177,WE00003---A003--PO01--LO001--CO6--SL001--PX32500--PW0100--IN0020--TM282--X032481--Y011163--Z211355--T2255480177,4685.0,6246.0,517.0365799264594,245.8333062402286,31.616337556319863,0.468687474989996,0.9916953993089517,0.750080051232789,238.47222060441337,0.8195518577571663,0.6286615895688352,0.2307244907767675,0.2043046856167058,0.04435593182489892,0.16155417092967939,-0.0003383030817293419,238.0,42.0,5.666666666666667
WE00003---A003--PO01--LO001--CO6--SL001--PX32500--PW0100--IN0020--TM283--X032481--Y011163--Z211577--T2858504317.png,WE00003---A003--PO01--LO001--CO6--SL001--PX32500--PW0100--IN0020--TM283--X032481--Y011163--Z211577--T2858504317,WE00003---A003--PO01--LO001--CO6--SL001--PX32500--PW0100--IN0020--TM283--X032481--Y011163--Z211577--T2858504317,3491.0,4504.0,386.2914139223983,88.82483902454003,69.60166509068137,0.6245080500894454,0.6212866735238278,0.775088809946714,87.13208364316786,0.22798345408068646,0.0029728035175167994,0.0001376539277193745,0.00014153466619145513,7.406795515175474e-10,-3.534959688194008e-06,-1.974163368195942e-08,86.0,65.0,1.323076923076923
WE00003---A003--PO01--LO001--CO6--SL001--PX32500--PW0100--IN0020--TM283--X032481--Y011163--Z213337--T2349297317.png,WE00003---A003--PO01--LO001--CO6--SL001--PX32500--PW0100--IN0020--TM283--X032481--Y011163--Z213337--T2349297317,WE00003---A003--PO01--LO001--CO6--SL001--PX32500--PW0100--IN0020--TM283--X032481--Y011163--Z213337--T2349297317,3190.0,4326.0,316.97770542341357,90.16332812350765,64.45698054224023,0.5519031141868512,0.6992355843500018,0.7374017568192326,86.02325267042627,0.24067649057464816,0.006064464962671873,0.00440346483580559,0.0005177837979416008,-6.6514680285563e-07,-3.847772263719354e-05,-4.1092497013870514e-07,85.0,68.0,1.25
WE00003---A003--PO01--LO001--CO6--SL002--PX32500--PW0100--IN0020--TM282--X032481--Y011163--Z211205--T2255480330.png,WE00003---A003--PO01--LO001--CO6--SL002--PX32500--PW0100--IN0020--TM282--X032481--Y011163--Z211205--T2255480330,WE00003---A003--PO01--LO001--CO6--SL002--PX32500--PW0100--IN0020--TM282--X032481--Y011163--Z211205--T2255480330,4677.0,6229.0,518.6934341759516,245.50116255230284,31.585852657213746,0.46788715486194477,0.9916889366395661,0.7508428319152352,238.47222060441337,0.8187471523227421,0.6273954719125264,0.23030275564048552,0.20390699832286,0.04418604776239396,0.16107852295436903,-0.00033668011325160884,238.0,42.0,5.666666666666667
WE00003---A003--PO01--LO001--CO6--SL003--PX32500--PW0100--IN0020--TM282--X032481--Y011163--Z211055--T2255480481.png,WE00003---A003--PO01--LO001--CO6--SL003--PX32500--PW0100--IN0020--TM282--X032481--Y011163--Z211055--T2255480481,WE00003---A003--PO01--LO001--CO6--SL003--PX32500--PW0100--IN0020--TM282--X032481--Y011163--Z211055--T2255480481,4667.0,6224.0,517.8650070512055,245.36566894590493,31.564090089131287,0.46688675470188074,0.9916912260388806,0.7498393316195373,238.47222060441337,0.8195923944775313,0.628702959232407,0.23202818861631455,0.2055094592346084,0.044875109884380364,0.16251717809062888,-0.0003414914380292051,238.0,42.0,5.666666666666667
WE00004---A004--PO01--LO001--CO6--SL001--PX32500--PW0100--IN0020--TM250--X041490--Y011163--Z210070--T2936404790.png,WE00004---A004--PO01--LO001--CO6--SL001--PX32500--PW0100--IN0020--TM250--X041490--Y011163--Z210070--T2936404790,WE00004---A004--PO01--LO001--CO6--SL001--PX32500--PW0100--IN0020--TM250--X041490--Y011163--Z210070--T2936404790,3255.0,5551.0,360.73506473629425,141.61650095315977,47.57668381902074,0.4378531073446328,0.9418782587746001,0.5863808322824716,123.664869708418,0.4285478914253335,0.11670583672341818,0.012846335126815111,0.008777914050537386,8.897703638343339e-05,0.0018212204945947665,-2.778048477792533e-05,118.0,63.0,1.873015873015873
WE00004---A004--PO01--LO001--CO6--SL001--PX32500--PW0100--IN0020--TM257--X041490--Y011163--Z209373--T2924410547.png,WE00004---A004--PO01--LO001--CO6--SL001--PX32500--PW0100--IN0020--TM257--X041490--Y011163--Z209373--T2924410547,WE00004---A004--PO01--LO001--CO6--SL001--PX32500--PW0100--IN0020--TM257--X041490--Y011163--Z209373--T2924410547,4649.0,6286.0,541.6467529817257,251.25063200664735,31.15158693029327,0.26871279116814056,0.9922839543567508,0.7395800190900413,243.52617929085162,0.8617081825663496,0.6982540583731376,0.29329981711164943,0.26282878646685554,0.07297259969726314,0.21920024507775043,0.000366327553752481,237.0,73.0,3.2465753424657535
WE00004---A004--PO01--LO001--CO6--SL001--PX32500--PW0100--IN0020--TM257--X041490--Y011163--Z211269--T2923349287.png,WE00004---A004--PO01--LO001--CO6--SL001--PX32500--PW0100--IN0020--TM257--X041490--Y011163--Z211269--T2923349287,WE00004---A004--PO01--LO001--CO6--SL001--PX32500--PW0100--IN0020--TM257--X041490--Y011163--Z211269--T2923349287,3970.0,6181.0,502.8355697996826,247.8933034175374,29.895121827910476,0.37541371158392434,0.9927015808729811,0.6422908914415143,225.5681715136247,0.9814988694641823,0.9088936197244974,0.27037223258654464,0.22545391842756277,0.05564439609861876,0.21003006931327184,0.0014445333629673693,225.0,47.0,4.787234042553192
WE00004---A004--PO01--LO001--CO6--SL001--PX32500--PW0100--IN0020--TM263--X041490--Y011163--Z211971--T2944340207.png,WE00004---A004--PO01--LO001--CO6--SL001--PX32500--PW0100--IN0020--TM263--X041490--Y011163--Z211971--T2944340207,WE00004---A004--PO01--LO001--CO6--SL001--PX32500--PW0100--IN0020--TM263--X041490--Y011163--Z211971--T2944340207,3553.0,6529.0,384.6406563273158,124.40595864820568,68.73324119204635,0.360930516050386,0.8335184969675122,0.5441874712819728,113.46365056704283,0.35535288826243816,0.035776291128579406,0.019777975890646327,0.007669052816762742,6.770384584808423e-05,0.00028001289684305707,-6.585632494859763e-05,92.0,107.0,0.8598130841121495
WE00004---A004--PO01--LO001--CO6--SL001--PX32500--PW0100--IN0020--TM263--X041490--Y011163--Z212583--T2842155080.png,WE00004---A004--PO01--LO001--CO6--SL001--PX32500--PW0100--IN0020--TM263--X041490--Y011163--Z212583--T2842155080,WE00004---A004--PO01--LO001--CO6--SL001--PX32500--PW0100--IN0020--TM263--X041490--Y011163--Z212583--T2842155080,2962.0,4532.0,329.6051224213831,97.16197194434137,60.88512710337647,0.4728607918263091,0.7793125994853589,0.6535745807590467,87.36704184073076,0.2774191318050998,0.014635986454591986,0.0025319570135959647,0.0011766645296327166,9.674108826703094e-07,-7.565477271488248e-05,-1.7857840385574485e-06,87.0,72.0,1.2083333333333333
WE00004---A004--PO01--LO001--CO6--SL001--PX32500--PW0100--IN0020--TM276--X041490--Y011163--Z210675--T2850273787.png,WE00004---A004--PO01--LO001--CO6--SL001--PX32500--PW0100--IN0020--TM276--X041490--Y011163--Z210675--T2850273787,WE00004---A004--PO01--LO001--CO6--SL001--PX32500--PW0100--IN0020--TM276--X041490--Y011163--Z210675--T2850273787,4272.0,5557.0,522.2081528017131,252.3554318561646,26.43801742022039,0.46842105263157896,0.9944970056643305,0.7687601223681843,240.53274205396653,0.9419217104462666,0.849106361852919,0.3007040849204389,0.2792666654000769,0.08092782446584566,0.25711143251430946,0.00011614297143359639,240.0,38.0,6.315789473684211
WE00004---A004--PO01--LO001--CO6--SL001--PX32500--PW0100--IN0020--TM277--X041490--Y011163--Z217861--T2334725697.png,WE00004---A004--PO01--LO001--CO6--SL001--PX32500--PW0100--IN0020--TM277--X041490--Y011163--Z217861--T2334725697,WE00004---A004--PO01--LO001--CO6--SL001--PX32500--PW0100--IN0020--TM277--X041490--Y011163--Z217861--T2334725697,3723.0,6346.0,477.2447327281723,120.92269803962272,86.17146680443116,0.44242424242424244,0.7015541541801389,0.5866687677277025,104.30723848324239,0.3701286024779909,0.014596545292222794,0.004252764463800113,0.0015246199219949804,1.0765993368829227e-08,-9.054784976645337e-05,-3.882186371763735e-06,99.0,85.0,1.1647058823529413
WE00004---A004--PO01--LO001--CO6--SL001--PX32500--PW0100--IN0020--TM280--X041490--Y011163--Z208855--T2247911650.png,WE00004---A004--PO01--LO001--CO6--SL001--PX32500--PW0100--IN0020--TM280--X041490--Y011163--Z208855--T2247911650,WE00004---A004--PO01--LO001--CO6--SL001--PX32500--PW0100--IN0020--TM280--X041490--Y011163--Z208855--T2247911650,5562.0,8081.0,572.6761902332486,255.85927512402915,36.88186978671523,0.3755824160983186,0.989555987931035,0.6882811533226086,254.16726775885206,0.7509016651604399,0.5188767494967217,0.17722599839956588,0.15353829484807105,0.025323166951488597,0.10900716649880679,0.000457185623964464,251.0,59.0,4.254237288135593
WE00004---A004--PO01--LO001--CO6--SL001--PX32500--PW0100--IN0020--TM280--X041490--Y011163--Z209886--T2672110886.png,WE00004---A004--PO01--LO001--CO6--SL001--PX32500--PW0100--IN0020--TM280--X041490--Y011163--Z209886--T2672110886,WE00004---A004--PO01--LO001--CO6--SL001--PX32500--PW0100--IN0020--TM280--X041490--Y011163--Z209886--T2672110886,3562.0,5125.0,320.8772003600252,119.69020971859167,55.32668427473235,0.5153356481481481,0.8867501491776709,0.6950243902439024,108.77959367454909,0.305074191032362,0.03906715602638425,0.0071674153914276515,0.0028532251834112506,1.0056242125362357e-05,0.00023061025751321837,-8.084263202825773e-06,108.0,64.0,1.6875
WE00004---A004--PO01--LO001--CO6--SL001--PX32500--PW0100--IN0020--TM280--X041490--Y011163--Z211081--T2686185558.png,WE00004---A004--PO01--LO001--CO6--SL001--PX32500--PW0100--IN0020--TM280--X041490--Y011163--Z211081--T2686185558,WE00004---A004--PO01--LO001--CO6--SL001--PX32500--PW0100--IN0020--TM280--X041490--Y011163--Z211081--T2686185558,4987.0,8140.0,566.8183258569795,271.3248017299925,38.32821579959376,0.24828238574131237,0.9899720713269642,0.6126535626535626,252.20031720836514,0.9410241648310603,0.8175814817086136,0.39952032222235184,0.33512069772433845,0.12258080322989531,0.2971619153733304,0.003209942985633929,242.0,83.0,2.9156626506024095
WE00004---A004--PO01--LO001--CO6--SL001--PX32500--PW0100--IN0020--TM280--X041490--Y011163--Z212293--T2252631984.png,WE00004---A004--PO01--LO001--CO6--SL001--PX32500--PW0100--IN0020--TM280--X041490--Y011163--Z212293--T2252631984,WE00004---A004--PO01--LO001--CO6--SL001--PX32500--PW0100--IN0020--TM280--X041490--Y011163--Z212293--T2252631984,4264.0,5599.0,492.0660171779821,237.10757656816676,30.0164016305276,0.49650675360968793,0.9919546127403486,0.7615645651009109,226.03539545832197,0.8372564967295117,0.6574679315603517,0.25276392000254594,0.22486913019250956,0.053609933779057165,0.18192791197823788,0.0003050406000555282,226.0,38.0,5.947368421052632
WE00004---A004--PO01--LO001--CO6--SL001--PX32500--PW0100--IN0020--TM280--X041490--Y011163--Z215039--T2359868589.png,WE00004---A004--PO01--LO001--CO6--SL001--PX32500--PW0100--IN0020--TM280--X041490--Y011163--Z215039--T2359868589,WE00004---A004--PO01--LO001--CO6--SL001--PX32500--PW0100--IN0020--TM280--X041490--Y011163--Z215039--T2359868589,3128.0,4945.0,357.1198410471445,100.66647164802515,69.54247897014817,0.449038185472294,0.7230261459096912,0.6325581395348837,90.07774419910837,0.2991107515860004,0.01120422813744866,0.004395432350897337,0.0018856195759450684,2.6420440812775426e-06,-9.242510057019837e-05,4.742203809335924e-06,86.0,81.0,1.0617283950617284
WE00004---A004--PO01--LO001--CO6--SL001--PX32500--PW0100--IN0020--TM282--X041490--Y011163--Z211355--T2255538237.png,WE00004---A004--PO01--LO001--CO6--SL001--PX32500--PW0100--IN0020--TM282--X041490--Y011163--Z211355--T2255538237,WE00004---A004--PO01--LO001--CO6--SL001--PX32500--PW0100--IN0020--TM282--X041490--Y011163--Z211355--T2255538237,4526.0,5705.0,496.06601717798213,237.25625465501338,28.20127626527991,0.6230726872246696,0.9929105199336629,0.793339176161262,227.14092541856036,0.7883042746895053,0.5872757458098001,0.12456520776755882,0.11252603844259837,0.013322234923209927,0.0861581882669798,-2.6122905017641942e-05,227.0,32.0,7.09375
WE00004---A004--PO01--LO001--CO6--SL001--PX32500--PW0100--IN0020--TM283--X041490--Y011163--Z210977--T2858586930.png,WE00004---A004--PO01--LO001--CO6--SL001--PX32500--PW0100--IN0020--TM283--X041490--Y011163--Z210977--T2858586930,WE00004---A004--PO01--LO001--CO6--SL001--PX32500--PW0100--IN0020--TM283--X041490--Y011163--Z210977--T2858586930,4285.0,6804.0,484.51681066681454,206.3365774412653,41.48496449366278,0.2491279069767442,0.9795799902485169,0.6297766019988242,212.22865028077618,0.6460878860737415,0.3550772872620755,0.19617736999187707,0.16391138431437421,0.0293770258746369,0.09400056684248748,-0.000956969086774148,200.0,86.0,2.3255813953488373
WE00004---A004--PO01--LO001--CO6--SL001--PX32500--PW0100--IN0020--TM283--X041490--Y011163--Z212137--T2349380081.png,WE00004---A004--PO01--LO001--CO6--SL001--PX32500--PW0100--IN0020--TM283--X041490--Y011163--Z212137--T2349380081,WE00004---A004--PO01--LO001--CO6--SL001--PX32500--PW0100--IN0020--TM283--X041490--Y011163--Z212137--T2349380081,1834.0,3493.0,294.9360748630709,95.38508688624003,55.012508723958646,0.34656084656084657,0.8169269228511955,0.5250501002004008,88.25531145489205,0.413191484337486,0.042816989325000374,0.025760411414612147,0.014017325018151103,0.000248123020261723,0.0013737778410094906,-9.687251820901245e-05,84.0,63.0,1.3333333333333333
WE00004---A004--PO01--LO001--CO6--SL002--PX32500--PW0100--IN0020--TM282--X041490--Y011163--Z211205--T2255538433.png,WE00004---A004--PO01--LO001--CO6--SL002--PX32500--PW0100--IN0020--TM282--X041490--Y011163--Z211205--T2255538433,WE00004---A004--PO01--LO001--CO6--SL002--PX32500--PW0100--IN0020--TM282--X041490--Y011163--Z211205--T2255538433,4537.0,5713.0,498.0660171779822,237.5838652897338,28.228025225939618,0.6218475877192983,0.9929166619593144,0.7941536845790302,228.07893370497854,0.7885567893730254,0.5876807227306177,0.12499455184236188,0.11294572570690388,0.013419906552719081,0.08651355400103841,-2.4948818064924726e-05,228.0,32.0,7.125
WE00004---A004--PO01--LO001--CO6--SL003--PX32500--PW0100--IN0020--TM282--X041490--Y011163--Z211055--T2255538575.png,WE00004---A004--PO01--LO001--CO6--SL003--PX32500--PW0100--IN0020--TM282--X041490--Y011163--Z211055--T2255538575,WE00004---A004--PO01--LO001--CO6--SL003--PX32500--PW0100--IN0020--TM282--X041490--Y011163--Z211055--T2255538575,4532.0,5707.0,496.651803615609,237.40569767967648,28.230079802819365,0.623898678414097,0.9929049518025774,0.7941124934291222,227.14092541856036,0.7882612904960213,0.5871857258266668,0.12471827177833493,0.11270779477060287,0.013362728956186428,0.08629095442491608,-2.5830699716179652e-05,227.0,32.0,7.09375
WE00005---A005--PO01--LO001--CO6--SL001--PX32500--PW0100--IN0020--TM250--X050499--Y011163--Z213670--T2936485310.png,WE00005---A005--PO01--LO001--CO6--SL001--PX32500--PW0100--IN0020--TM250--X050499--Y011163--Z213670--T2936485310,WE00005---A005--PO01--LO001--CO6--SL001--PX32500--PW0100--IN0020--TM250--X050499--Y011163--Z213670--T2936485310,2786.0,4408.0,324.0904037956217,97.37519489293086,58.83350567130793,0.4627906976744186,0.7968372766794476,0.6320326678765881,87.36131867136622,0.2903649939432002,0.018241886122716468,0.003525531802644281,0.0018588135682500234,2.5257771209997467e-06,-3.625167769489456e-05,-4.03278497065731e-06,86.0,70.0,1.2285714285714286
WE00005---A005--PO01--LO001--CO6--SL001--PX32500--PW0100--IN0020--TM257--X050499--Y011163--Z210869--T2923431423.png,WE00005---A005--PO01--LO001--CO6--SL001--PX32500--PW0100--IN0020--TM257--X050499--Y011163--Z210869--T2923431423,WE00005---A005--PO01--LO001--CO6--SL001--PX32500--PW0100--IN0020--TM257--X050499--Y011163--Z210869--T2923431423,4046.0,5423.0,503.48023074035524,252.4172026315427,25.562998812625118,0.5284743991640544,0.9948586926937428,0.7460815047021944,232.36393868240398,0.9943139998243258,0.9489201559341015,0.27934160634494454,0.2579294996449753,0.0692339529130865,0.2512110416454721,-6.779672181546088e-05,232.0,33.0,7.03030303030303
WE00005---A005--PO01--LO001--CO6--SL001--PX32500--PW0100--IN0020--TM257--X050499--Y011163--Z212573--T2924492292.png,WE00005---A005--PO01--LO001--CO6--SL001--PX32500--PW0100--IN0020--TM257--X050499--Y011163--Z212573--T2924492292,WE00005---A005--PO01--LO001--CO6--SL001--PX32500--PW0100--IN0020--TM257--X050499--Y011163--Z212573--T2924492292,4575.0,6481.0,549.2619766708755,257.0099625737961,32.509324040022236,0.295389979338843,0.9919678160730999,0.705909581854652,245.96747752497686,0.9168166258432138,0.7884388194865544,0.44589289618780203,0.4042583665950618,0.17163051526093037,0.3578586348904147,0.0011229585953040772,242.0,64.0,3.78125
WE00005---A005--PO01--LO001--CO6--SL001--PX32500--PW0100--IN0020--TM263--X050499--Y011163--Z222183--T2842236616.png,WE00005---A005--PO01--LO001--CO6--SL001--PX32500--PW0100--IN0020--TM263--X050499--Y011163--Z222183--T2842236616,WE00005---A005--PO01--LO001--CO6--SL001--PX32500--PW0100--IN0020--TM263--X050499--Y011163--Z222183--T2842236616,3869.0,6127.0,399.7888886054567,116.79782854534508,69.21175903796055,0.4409619329838158,0.8055134818705635,0.631467275991513,107.67079455451233,0.2977513624650514,0.020445272540657512,0.004926111738477128,0.001842187563979194,4.393569421432831e-07,-0.00015505080351765953,-5.532068328048269e-06,107.0,82.0,1.3048780487804879
WE00005---A005--PO01--LO001--CO6--SL001--PX32500--PW0100--IN0020--TM264--X050499--Y011163--Z212371--T2944421727.png,WE00005---A005--PO01--LO001--CO6--SL001--PX32500--PW0100--IN0020--TM264--X050499--Y011163--Z212371--T2944421727,WE00005---A005--PO01--LO001--CO6--SL001--PX32500--PW0100--IN0020--TM264--X050499--Y011163--Z212371--T2944421727,3706.0,6551.0,425.5462479183374,120.80796471059492,81.98712832464646,0.4286871023713129,0.7344556860505437,0.5657151579911464,102.7277956543408,0.3594922684234753,0.017627627524421242,0.006191221002273893,0.003162582242540477,5.934713771594821e-06,-0.00013970673983732123,1.2673568899415332e-05,95.0,91.0,1.043956043956044
WE00005---A005--PO01--LO001--CO6--SL001--PX32500--PW0100--IN0020--TM276--X050499--Y011163--Z216475--T2850356395.png,WE00005---A005--PO01--LO001--CO6--SL001--PX32500--PW0100--IN0020--TM276--X050499--Y011163--Z216475--T2850356395,WE00005---A005--PO01--LO001--CO6--SL001--PX32500--PW0100--IN0020--TM276--X050499--Y011163--Z216475--T2850356395,4446.0,6182.0,498.20815280171314,229.40846472211075,33.78200070989939,0.44107142857142856,0.9890982650773353,0.7191847298608864,224.72205054244233,0.7558685793145464,0.5238616810373725,0.24818466864963265,0.2158695453269303,0.049965780841882176,0.15615988165815503,0.00014629037061721951,224.0,45.0,4.977777777777778
WE00005---A005--PO01--LO001--CO6--SL001--PX32500--PW0100--IN0020--TM277--X050499--Y011163--Z218061--T2334809624.png,WE00005---A005--PO01--LO001--CO6--SL001--PX32500--PW0100--IN0020--TM277--X050499--Y011163--Z218061--T2334809624,WE00005---A005--PO01--LO001--CO6--SL001--PX32500--PW0100--IN0020--TM277--X050499--Y011163--Z218061--T2334809624,3969.0,5370.0,425.6467529817257,111.83995023708464,67.74049209240479,0.5807726075504829,0.795699673664741,0.7391061452513966,103.0970416646375,0.2692263280731092,0.015551862839453976,0.0010104249129211176,0.0002849827038087324,-8.38482137324242e-08,-3.514662969497802e-05,-1.278892932887195e-07,102.0,67.0,1.5223880597014925
WE00005---A005--PO01--LO001--CO6--SL001--PX32500--PW0100--IN0020--TM280--X050499--Y011163--Z210481--T2686268769.png,WE00005---A005--PO01--LO001--CO6--SL001--PX32500--PW0100--IN0020--TM280--X050499--Y011163--Z210481--T2686268769,WE00005---A005--PO01--LO001--CO6--SL001--PX32500--PW0100--IN0020--TM280--X050499--Y011163--Z210481--T2686268769,4859.0,7020.0,547.2031021678297,255.48666783325282,34.68739820180412,0.25482483742395634,0.9907403976153131,0.6921652421652421,236.68122020980033,0.8550711699237162,0.6791703094735524,0.23581643150169096,0.20191018201813957,0.04405592199066355,0.16606830963750957,0.0004235298772194314,227.0,84.0,2.7023809523809526
WE00005---A005--PO01--LO001--CO6--SL001--PX32500--PW0100--IN0020--TM280--X050499--Y011163--Z210686--T2672194117.png,WE00005---A005--PO01--LO001--CO6--SL001--PX32500--PW0100--IN0020--TM280--X050499--Y011163--Z210686--T2672194117,WE00005---A005--PO01--LO001--CO6--SL001--PX32500--PW0100--IN0020--TM280--X050499--Y011163--Z210686--T2672194117,3581.0,5975.0,401.747258045114,134.24717646047182,63.657539687638106,0.506649688737974,0.8804270662550053,0.5993305439330544,114.73883387938018,0.3852727371316022,0.05944913973848399,0.008485995597676897,0.00531869742306154,3.3283040189457746e-05,0.00048314183966696094,-1.3001031975024346e-05,114.0,62.0,1.8387096774193548
WE00005---A005--PO01--LO001--CO6--SL001--PX32500--PW0100--IN0020--TM280--X050499--Y011163--Z211355--T2247970031.png,WE00005---A005--PO01--LO001--CO6--SL001--PX32500--PW0100--IN0020--TM280--X050499--Y011163--Z211355--T2247970031,WE00005---A005--PO01--LO001--CO6--SL001--PX32500--PW0100--IN0020--TM280--X050499--Y011163--Z211355--T2247970031,4803.0,6199.0,511.4213562373095,237.7866188301592,32.69542251626718,0.43317099567099565,0.990501905476114,0.7748023874818519,232.69078194032525,0.7496807561445537,0.5210816371873789,0.17345873682995333,0.1513365303606482,0.024519226842005738,0.10904209554439194,0.00013898864648158836,231.0,48.0,4.8125
WE00005---A005--PO01--LO001--CO6--SL001--PX32500--PW0100--IN0020--TM280--X050499--Y011163--Z212193--T2252690125.png,WE00005---A005--PO01--LO001--CO6--SL001--PX32500--PW0100--IN0020--TM280--X050499--Y011163--Z212193--T2252690125,WE00005---A005--PO01--LO001--CO6--SL001--PX32500--PW0100--IN0020--TM280--X050499--Y011163--Z212193--T2252690125,5206.0,6956.0,562.1076477383247,270.0634852305847,32.550010218698915,0.48230498425050955,0.9927100186350457,0.7484186313973548,257.1575392633862,0.8883234395424471,0.7445687399756955,0.30315575421190327,0.2732494915541957,0.07864453455607615,0.23563781156825264,0.0003114372028540698,257.0,42.0,6.119047619047619
WE00005---A005--PO01--LO001--CO6--SL001--PX32500--PW0100--IN0020--TM280--X050499--Y011163--Z212639--T2359951129.png,WE00005---A005--PO01--LO001--CO6--SL001--PX32500--PW0100--IN0020--TM280--X050499--Y011163--Z212639--T2359951129,WE00005---A005--PO01--LO001--CO6--SL001--PX32500--PW0100--IN0020--TM280--X050499--Y011163--Z212639--T2359951129,2448.0,2962.0,232.40916292848976,77.9930591633559,47.7313747472182,0.5589041095890411,0.7908615073032841,0.8264686022957461,75.76938695805846,0.213470215811839,0.00943545355595345,0.002378973209098772,0.00019130224628695428,-1.2498554210347078e-07,-1.6283352868877157e-05,3.215292722522211e-08,73.0,60.0,1.2166666666666666
WE00005---A005--PO01--LO001--CO6--SL001--PX32500--PW0100--IN0020--TM282--X050499--Y011163--Z210737--T2349462933.png,WE00005---A005--PO01--LO001--CO6--SL001--PX32500--PW0100--IN0020--TM282--X050499--Y011163--Z210737--T2349462933,WE00005---A005--PO01--LO001--CO6--SL001--PX32500--PW0100--IN0020--TM282--X050499--Y011163--Z210737--T2349462933,2575.0,3233.0,265.4213562373095,81.49840781978817,51.79095644382348,0.5364583333333334,0.7721138120592439,0.7964738632848747,77.62087348130012,0.22631780695452747,0.00923692358817322,0.0011115713557599872,0.00018682962415976877,-6.546864444319623e-08,-1.7739088954137954e-05,5.443158672175631e-08,64.0,75.0,0.8533333333333334
WE00005---A005--PO01--LO001--CO6--SL001--PX32500--PW0100--IN0020--TM283--X050499--Y011163--Z213777--T2858670522.png,WE00005---A005--PO01--LO001--CO6--SL001--PX32500--PW0100--IN0020--TM283--X050499--Y011163--Z213777--T2858670522,WE00005---A005--PO01--LO001--CO6--SL001--PX32500--PW0100--IN0020--TM283--X050499--Y011163--Z213777--T2858670522,3588.0,6937.0,417.5462479183374,128.99611211677453,75.32489156826323,0.42592592592592593,0.8118029431244737,0.51722646677238,112.80514172678478,0.38868861885127637,0.036489182713231025,0.015462770087608164,0.008580632115615341,7.382454175539782e-05,-1.9165905958814285e-05,-6.571777069549524e-05,78.0,108.0,0.7222222222222222
WE00006---A006--PO01--LO001--CO6--SL001--PX32500--PW0100--IN0020--TM250--X059508--Y011163--Z211070--T2936566047.png,WE00006---A006--PO01--LO001--CO6--SL001--PX32500--PW0100--IN0020--TM250--X059508--Y011163--Z211070--T2936566047,WE00006---A006--PO01--LO001--CO6--SL001--PX32500--PW0100--IN0020--TM250--X059508--Y011163--Z211070--T2936566047,3421.0,6363.0,393.50461735799473,139.3208432547046,57.99133759790732,0.3612078977932636,0.9092533718436228,0.5376394782335376,123.40583454602137,0.41605693878976224,0.08595238757380791,0.01614442677941027,0.004052806600166973,2.1960377199159153e-06,-0.0007576308440393091,3.27090949343982e-05,123.0,77.0,1.5974025974025974
WE00006---A006--PO01--LO001--CO6--SL001--PX32500--PW0100--IN0020--TM257--X059508--Y011163--Z210669--T2923513149.png,WE00006---A006--PO01--LO001--CO6--SL001--PX32500--PW0100--IN0020--TM257--X059508--Y011163--Z210669--T2923513149,WE00006---A006--PO01--LO001--CO6--SL001--PX32500--PW0100--IN0020--TM257--X059508--Y011163--Z210669--T2923513149,3241.0,3914.0,351.26197667087547,92.82301371060002,57.28437817604434,0.5778213585309324,0.7868568857845908,0.8280531425651507,89.55445270895244,0.22943558811582665,0.010582971584606075,0.00028418932330399687,4.891982631546258e-05,2.730864236450362e-09,-4.827974837264197e-06,5.0806615523851635e-09,71.0,79.0,0.8987341772151899
WE00006---A006--PO01--LO001--CO6--SL001--PX32500--PW0100--IN0020--TM257--X059508--Y011163--Z211773--T2924573855.png,WE00006---A006--PO01--LO001--CO6--SL001--PX32500--PW0100--IN0020--TM257--X059508--Y011163--Z211773--T2924573855,WE00006---A006--PO01--LO001--CO6--SL001--PX32500--PW0100--IN0020--TM257--X059508--Y011163--Z211773--T2924573855,4600.0,6694.0,567.2619766708754,257.35717784541487,34.09205527121469,0.2551161887859797,0.9911870412053603,0.6871825515386913,253.26863208853953,0.915692733983316,0.7816493570747312,0.5196702620081887,0.4658963477183289,0.22924190435042577,0.4115840270911562,0.0009695099031203913,247.0,73.0,3.3835616438356166
WE00006---A006--PO01--LO001--CO6--SL001--PX32500--PW0100--IN0020--TM263--X059508--Y011163--Z215183--T2842318243.png,WE00006---A006--PO01--LO001--CO6--SL001--PX32500--PW0100--IN0020--TM263--X059508--Y011163--Z215183--T2842318243,WE00006---A006--PO01--LO001--CO6--SL001--PX32500--PW0100--IN0020--TM263--X059508--Y011163--Z215183--T2842318243,3016.0,4780.0,336.3919189857866,104.8100681612454,55.98555850840378,0.4247887323943662,0.8453821197587956,0.6309623430962343,103.07764064044152,0.29259642633999516,0.026468029265961854,0.008786655699276818,0.005187482295366356,3.2493821520558424e-05,0.00049183818204879,1.3066170832841786e-05,100.0,71.0,1.408450704225352
WE00006---A006--PO01--LO001--CO6--SL001--PX32500--PW0100--IN0020--TM264--X059508--Y011163--Z212371--T2944504359.png,WE00006---A006--PO01--LO001--CO6--SL001--PX32500--PW0100--IN0020--TM264--X059508--Y011163--Z212371--T2944504359,WE00006---A006--PO01--LO001--CO6--SL001--PX32500--PW0100--IN0020--TM264--X059508--Y011163--Z212371--T2944504359,3185.0,5438.0,381.1614716074871,113.42419071970822,69.51341340771278,0.41363636363636364,0.7901897042716933,0.585693269584406,100.24470060806208,0.34727554324984944,0.024847882543711564,0.005252290757041489,0.0018137419641454271,4.934321289652481e-08,-0.0002266518167071493,-5.597843600728576e-06,100.0,77.0,1.2987012987012987
WE00006---A006--PO01--LO001--CO6--SL001--PX32500--PW0100--IN0020--TM276--X059508--Y011163--Z215675--T2850438303.png,WE00006---A006--PO01--LO001--CO6--SL001--PX32500--PW0100--IN0020--TM276--X059508--Y011163--Z215675--T2850438303,WE00006---A006--PO01--LO001--CO6--SL001--PX32500--PW0100--IN0020--TM276--X059508--Y011163--Z215675--T2850438303,4887.0,6562.0,548.9087296526011,268.8203656940459,28.10868236908757,0.15413486406358418,0.9945182575808537,0.7447424565681194,249.8039231077046,0.9342961816606155,0.8355550501939876,0.19609529501758843,0.17896914883084497,0.033526872527598,0.1629527117428394,0.0002009726684652005,191.0,166.0,1.1506024096385543
WE00006---A006--PO01--LO001--CO6--SL001--PX32500--PW0100--IN0020--TM280--X059508--Y011163--Z209239--T2360033346.png,WE00006---A006--PO01--LO001--CO6--SL001--PX32500--PW0100--IN0020--TM280--X059508--Y011163--Z209239--T2360033346,WE00006---A006--PO01--LO001--CO6--SL001--PX32500--PW0100--IN0020--TM280--X059508--Y011163--Z209239--T2360033346,3217.0,4480.0,341.8832970144351,87.91255186910875,65.85805819648913,0.5728276353276354,0.6624213598476043,0.7180803571428571,81.8413098624405,0.23441678204753813,0.004341089812482993,0.0009674063659697279,0.0006176358025441653,1.634233490388426e-08,-2.813604829210559e-05,4.771430264742611e-07,78.0,72.0,1.0833333333333333
WE00006---A006--PO01--LO001--CO6--SL001--PX32500--PW0100--IN0020--TM280--X059508--Y011163--Z210086--T2672277876.png,WE00006---A006--PO01--LO001--CO6--SL001--PX32500--PW0100--IN0020--TM280--X059508--Y011163--Z210086--T2672277876,WE00006---A006--PO01--LO001--CO6--SL001--PX32500--PW0100--IN0020--TM280--X059508--Y011163--Z210086--T2672277876,3057.0,3850.0,302.97770542341357,133.9666995334766,37.47822306979889,0.4469298245614035,0.9600706217094542,0.7940259740259741,118.59595271340417,0.3956430689475467,0.114385061763681,0.007471005069957005,0.0024232117698353315,8.861899592774098e-06,0.0005266871909370481,5.269876718636053e-06,60.0,114.0,0.5263157894736842
WE00006---A006--PO01--LO001--CO6--SL001--PX32500--PW0100--IN0020--TM280--X059508--Y011163--Z211081--T2686351821.png,WE00006---A006--PO01--LO001--CO6--SL001--PX32500--PW0100--IN0020--TM280--X059508--Y011163--Z211081--T2686351821,WE00006---A006--PO01--LO001--CO6--SL001--PX32500--PW0100--IN0020--TM280--X059508--Y011163--Z211081--T2686351821,5230.0,6722.0,543.0193359837562,255.31950075793327,31.506082964363607,0.32046568627450983,0.9923571796323197,0.7780422493305564,245.35892076710803,0.7908781158106793,0.588524663512866,0.12221319944426673,0.10621984621937018,0.012101337892249769,0.08061807879811785,-0.00015181268575913728,240.0,68.0,3.5294117647058822
WE00006---A006--PO01--LO001--CO6--SL001--PX32500--PW0100--IN0020--TM280--X059508--Y011163--Z211205--T2248028087.png,WE00006---A006--PO01--LO001--CO6--SL001--PX32500--PW0100--IN0020--TM280--X059508--Y011163--Z211205--T2248028087,WE00006---A006--PO01--LO001--CO6--SL001--PX32500--PW0100--IN0020--TM280--X059508--Y011163--Z211205--T2248028087,5000.0,6437.0,510.3563850798539,237.17690758554363,32.822156360582206,0.46455449224193995,0.9903782560136515,0.7767593599502874,230.95670589961227,0.7166272430000001,0.4756790472180221,0.13023461598333205,0.11376535852475488,0.013847656904928694,0.07838610482370324,4.183473753382018e-05,229.0,47.0,4.872340425531915
WE00006---A006--PO01--LO001--CO6--SL001--PX32500--PW0100--IN0020--TM280--X059508--Y011163--Z212393--T2252747983.png,WE00006---A006--PO01--LO001--CO6--SL001--PX32500--PW0100--IN0020--TM280--X059508--Y011163--Z212393--T2252747983,WE00006---A006--PO01--LO001--CO6--SL001--PX32500--PW0100--IN0020--TM280--X059508--Y011163--Z212393--T2252747983,4517.0,6780.0,565.5462479183374,260.47083389906254,33.20225258088261,0.24914506343077772,0.9918424090890401,0.6662241887905604,251.09759058979438,0.9539994034829221,0.8528388007186407,0.5365763724375938,0.4833954679063441,0.24618489183249473,0.4456552023869129,-0.001516251670926061,245.0,74.0,3.310810810810811
WE00006---A006--PO01--LO001--CO6--SL001--PX32500--PW0100--IN0020--TM282--X059508--Y011163--Z209137--T2349545175.png,WE00006---A006--PO01--LO001--CO6--SL001--PX32500--PW0100--IN0020--TM282--X059508--Y011163--Z209137--T2349545175,WE00006---A006--PO01--LO001--CO6--SL001--PX32500--PW0100--IN0020--TM282--X059508--Y011163--Z209137--T2349545175,3555.0,6301.0,419.7300141024109,172.67032312855022,52.89945884203455,0.2907975460122699,0.951915393543904,0.5641961593397873,168.32409215557945,0.5733718923188826,0.2256030834499913,0.10052932714555984,0.04255526898797908,0.0026002602590677387,0.014068580994569313,-0.0009929701882515265,163.0,75.0,2.1733333333333333
WE00006---A006--PO01--LO001--CO6--SL001--PX32500--PW0100--IN0020--TM283--X059508--Y011163--Z211977--T2858753344.png,WE00006---A006--PO01--LO001--CO6--SL001--PX32500--PW0100--IN0020--TM283--X059508--Y011163--Z211977--T2858753344,WE00006---A006--PO01--LO001--CO6--SL001--PX32500--PW0100--IN0020--TM283--X059508--Y011163--Z211977--T2858753344,4401.0,7427.0,468.6173157302028,202.39766207421386,51.16434355500384,0.38057765479072986,0.9675208628182667,0.5925676585431534,196.36700333813724,0.6189304087781489,0.29656549372417873,0.10712605645880868,0.06195138538681441,0.004984429985449846,0.026109347950780303,0.0007915719643645782,196.0,59.0,3.3220338983050848
WE00006---A006--PO01--LO001--CO6--SL003--PX32500--PW0100--IN0020--TM277--X059508--Y011163--Z213761--T2334893997.png,WE00006---A006--PO01--LO001--CO6--SL003--PX32500--PW0100--IN0020--TM277--X059508--Y011163--Z213761--T2334893997,WE00006---A006--PO01--LO001--CO6--SL003--PX32500--PW0100--IN0020--TM277--X059508--Y011163--Z213761--T2334893997,4753.0,7601.0,425.7888886054567,130.00402597003244,78.82959897172978,0.4320909090909091,0.7951881619223297,0.6253124588869886,119.10079764636339,0.30395477122949466,0.019748369174664163,0.004729836047934216,0.0030988981720919714,1.0750270355737598e-05,6.765016619931157e-05,5.018768756561958e-06,100.0,110.0,0.9090909090909091
WE00007---A007--PO01--LO001--CO6--SL001--PX32500--PW0100--IN0020--TM250--X068517--Y011163--Z212270--T2936646681.png,WE00007---A007--PO01--LO001--CO6--SL001--PX32500--PW0100--IN0020--TM250--X068517--Y011163--Z212270--T2936646681,WE00007---A007--PO01--LO001--CO6--SL001--PX32500--PW0100--IN0020--TM250--X068517--Y011163--Z212270--T2936646681,3143.0,5472.0,360.11984104714446,112.50667600506402,65.10392076919474,0.43423597678916825,0.8155637905747788,0.5743786549707602,95.03683496413377,0.335990149642659,0.02802955418728718,0.008595096641203365,0.0024081783402545463,-1.262147965569689e-06,-0.00029379033706860246,-1.0883217180290469e-05,94.0,77.0,1.2207792207792207
WE00007---A007--PO01--LO001--CO6--SL001--PX32500--PW0100--IN0020--TM257--X068517--Y011163--Z206373--T2924655233.png,WE00007---A007--PO01--LO001--CO6--SL001--PX32500--PW0100--IN0020--TM257--X068517--Y011163--Z206373--T2924655233,WE00007---A007--PO01--LO001--CO6--SL001--PX32500--PW0100--IN0020--TM257--X068517--Y011163--Z206373--T2924655233,4482.0,5816.0,526.9604614807104,247.04145948575737,27.972934773030808,0.25103618236809677,0.9935686048944213,0.7706327372764786,236.5924766344019,0.8619473419325824,0.7058089290355616,0.19320014138725852,0.17727763489254136,0.032808121078066355,0.14885088401408822,0.00012759671799962222,226.0,79.0,2.8607594936708862
WE00007---A007--PO01--LO001--CO6--SL001--PX32500--PW0100--IN0020--TM257--X068517--Y011163--Z211069--T2923594750.png,WE00007---A007--PO01--LO001--CO6--SL001--PX32500--PW0100--IN0020--TM257--X068517--Y011163--Z211069--T2923594750,WE00007---A007--PO01--LO001--CO6--SL001--PX32500--PW0100--IN0020--TM257--X068517--Y011163--Z211069--T2923594750,3636.0,5290.0,493.65389565666214,235.89167906836244,28.911391910600738,0.14270575768279758,0.9924608399371281,0.6873345935727788,222.79138223908032,0.9708600253695624,0.8875979503237057,0.2956737484132892,0.24781728474609832,0.06706537028746441,0.22831487055302555,-0.0014780643168130492,171.0,149.0,1.1476510067114094
WE00007---A007--PO01--LO001--CO6--SL001--PX32500--PW0100--IN0020--TM263--X068517--Y011163--Z215983--T2842400128.png,WE00007---A007--PO01--LO001--CO6--SL001--PX32500--PW0100--IN0020--TM263--X068517--Y011163--Z215983--T2842400128,WE00007---A007--PO01--LO001--CO6--SL001--PX32500--PW0100--IN0020--TM263--X068517--Y011163--Z215983--T2842400128,3834.0,7206.0,421.88939366884495,128.9718626827378,69.63601374823182,0.38217703349282295,0.8417087499215002,0.5320566194837635,119.10079764636339,0.35020402605958045,0.03690481851127979,0.01509456855514886,0.008971989876354593,9.656596257597719e-05,0.0005014245514078546,-3.970559396236299e-05,114.0,88.0,1.2954545454545454
WE00007---A007--PO01--LO001--CO6--SL001--PX32500--PW0100--IN0020--TM265--X068517--Y011163--Z212571--T2944586616.png,WE00007---A007--PO01--LO001--CO6--SL001--PX32500--PW0100--IN0020--TM265--X068517--Y011163--Z212571--T2944586616,WE00007---A007--PO01--LO001--CO6--SL001--PX32500--PW0100--IN0020--TM265--X068517--Y011163--Z212571--T2944586616,3848.0,8858.0,472.2741699796952,176.08833468431163,77.36171926366268,0.26894045289348617,0.898323440389764,0.43440957326710317,157.30861387730806,0.6008305811350686,0.1651745686136782,0.1185394778983743,0.05625462231128221,0.0041238015471342536,0.009977097107008106,0.0020240905529085884,146.0,98.0,1.489795918367347
WE00007---A007--PO01--LO001--CO6--SL001--PX32500--PW0100--IN0020--TM276--X068517--Y011163--Z211875--T2850520309.png,WE00007---A007--PO01--LO001--CO6--SL001--PX32500--PW0100--IN0020--TM276--X068517--Y011163--Z211875--T2850520309,WE00007---A007--PO01--LO001--CO6--SL001--PX32500--PW0100--IN0020--TM276--X068517--Y011163--Z211875--T2850520309,5716.0,7087.0,552.8355697996826,256.36664465427015,34.308306898484325,0.4647532319700789,0.9910049580637935,0.8065471990969381,252.3430205097815,0.7315093204768348,0.49810967925266214,0.14289619068340853,0.1273368206392131,0.017176679063663016,0.08979760136522413,5.376871114065769e-05,251.0,49.0,5.122448979591836
WE00007---A007--PO01--LO001--CO6--SL001--PX32500--PW0100--IN0020--TM277--X068517--Y011163--Z224661--T2334977258.png,WE00007---A007--PO01--LO001--CO6--SL001--PX32500--PW0100--IN0020--TM277--X068517--Y011163--Z224661--T2334977258,WE00007---A007--PO01--LO001--CO6--SL001--PX32500--PW0100--IN0020--TM277--X068517--Y011163--Z224661--T2334977258,3796.0,6963.0,427.20310216782974,125.19330912557558,85.42308921810317,0.41409403294425656,0.731044759477162,0.5451673129398248,104.39348638684312,0.37820187074183254,0.019019888892971362,0.009662429074921413,0.004250858848408385,1.568097711843743e-05,-0.00022151832932152424,-2.227777216785466e-05,103.0,89.0,1.1573033707865168
WE00007---A007--PO01--LO001--CO6--SL001--PX32500--PW0100--IN0020--TM280--X068517--Y011163--Z208505--T2248086371.png,WE00007---A007--PO01--LO001--CO6--SL001--PX32500--PW0100--IN0020--TM280--X068517--Y011163--Z208505--T2248086371,WE00007---A007--PO01--LO001--CO6--SL001--PX32500--PW0100--IN0020--TM280--X068517--Y011163--Z208505--T2248086371,4884.0,6668.0,494.19090885900994,223.6260340380763,33.775316193855055,0.37511520737327186,0.9885284443630132,0.7324535092981403,222.24535990656813,0.6545528138256776,0.3910703164235655,0.07081114463757615,0.05874830999311921,0.003788078210693296,0.03580770560673017,-9.08761063154271e-05,217.0,60.0,3.6166666666666667
WE00007---A007--PO01--LO001--CO6--SL001--PX32500--PW0100--IN0020--TM280--X068517--Y011163--Z209886--T2672360923.png,WE00007---A007--PO01--LO001--CO6--SL001--PX32500--PW0100--IN0020--TM280--X068517--Y011163--Z209886--T2672360923,WE00007---A007--PO01--LO001--CO6--SL001--PX32500--PW0100--IN0020--TM280--X068517--Y011163--Z209886--T2672360923,3286.0,3906.0,289.0782104868019,106.86917472575655,44.53790102883077,0.6448194662480377,0.9090204026440728,0.8412698412698413,98.73196037757987,0.25495749267000556,0.032220276483290955,0.0013125137735983227,0.0001342228786684582,-5.494180402758151e-08,-2.3013908949765262e-05,-1.2459017324604568e-08,52.0,98.0,0.5306122448979592
WE00007---A007--PO01--LO001--CO6--SL001--PX32500--PW0100--IN0020--TM280--X068517--Y011163--Z211281--T2686433996.png,WE00007---A007--PO01--LO001--CO6--SL001--PX32500--PW0100--IN0020--TM280--X068517--Y011163--Z211281--T2686433996,WE00007---A007--PO01--LO001--CO6--SL001--PX32500--PW0100--IN0020--TM280--X068517--Y011163--Z211281--T2686433996,4651.0,7586.0,567.0782104868019,271.78703172753524,34.13812108310637,0.3965046888320546,0.9920801865543776,0.6131030846295809,255.15877409957903,1.0082993163613883,0.9544856043467949,0.6370574888348373,0.5738864142898912,0.34699018907240453,0.5593382054277236,0.0024733583794131764,255.0,46.0,5.543478260869565
WE00007---A007--PO01--LO001--CO6--SL001--PX32500--PW0100--IN0020--TM280--X068517--Y011163--Z212343--T2252805817.png,WE00007---A007--PO01--LO001--CO6--SL001--PX32500--PW0100--IN0020--TM280--X068517--Y011163--Z212343--T2252805817,WE00007---A007--PO01--LO001--CO6--SL001--PX32500--PW0100--IN0020--TM280--X068517--Y011163--Z212343--T2252805817,4876.0,5936.0,521.3208511739211,243.74479582766173,29.565143810523054,0.3858816081038303,0.9926164439182943,0.8214285714285714,236.60304309116566,0.7727340958470752,0.5629890014160152,0.10988976507587767,0.09766785345346408,0.01011811631989242,0.07298635442135752,-5.5012108671247464e-05,234.0,54.0,4.333333333333333
WE00007---A007--PO01--LO001--CO6--SL001--PX32500--PW0100--IN0020--TM281--X068517--Y011163--Z210839--T2360114913.png,WE00007---A007--PO01--LO001--CO6--SL001--PX32500--PW0100--IN0020--TM281--X068517--Y011163--Z210839--T2360114913,WE00007---A007--PO01--LO001--CO6--SL001--PX32500--PW0100--IN0020--TM281--X068517--Y011163--Z210839--T2360114913,3936.0,5822.0,402.47518010647184,104.67337804916765,73.64862422684625,0.5425971877584781,0.710592137700984,0.676056338028169,95.13148795220224,0.26010918322426285,0.007717495897299512,0.0002989068522652437,0.0010269766282394233,3.561450236509681e-07,-1.2052894252346976e-05,4.4375276636292356e-07,93.0,78.0,1.1923076923076923
WE00007---A007--PO01--LO001--CO6--SL001--PX32500--PW0100--IN0020--TM282--X068517--Y011163--Z213537--T2349627203.png,WE00007---A007--PO01--LO001--CO6--SL001--PX32500--PW0100--IN0020--TM282--X068517--Y011163--Z213537--T2349627203,WE00007---A007--PO01--LO001--CO6--SL001--PX32500--PW0100--IN0020--TM282--X068517--Y011163--Z213537--T2349627203,3334.0,5633.0,351.5695885154503,103.0995645133141,70.32920135413123,0.44572192513368986,0.731213772986825,0.5918693413811468,98.73702446397704,0.2919862921030472,0.01135098682094785,0.008392597929787382,0.003275920251759442,3.6525944940458195e-06,-0.00012017294745865332,-1.678419109052288e-05,88.0,85.0,1.035294117647059
WE00007---A007--PO01--LO001--CO6--SL001--PX32500--PW0100--IN0020--TM283--X068517--Y011163--Z211977--T2858836127.png,WE00007---A007--PO01--LO001--CO6--SL001--PX32500--PW0100--IN0020--TM283--X068517--Y011163--Z211977--T2858836127,WE00007---A007--PO01--LO001--CO6--SL001--PX32500--PW0100--IN0020--TM283--X068517--Y011163--Z211977--T2858836127,4487.0,7615.0,444.75945135393374,177.4181463839805,59.69870486033622,0.3893951227978825,0.9416885038855382,0.5892317793827971,169.85287751463028,0.4880924619502044,0.1511712207618047,0.035084466991818296,0.018389458399458117,0.0004621836851617335,0.004275723981445122,-6.759909893288954e-05,167.0,69.0,2.420289855072464
WE00008---A008--PO01--LO001--CO6--SL001--PX32500--PW0100--IN0020--TM250--X077526--Y011163--Z211870--T2936727156.png,WE00008---A008--PO01--LO001--CO6--SL001--PX32500--PW0100--IN0020--TM250--X077526--Y011163--Z211870--T2936727156,WE00008---A008--PO01--LO001--CO6--SL001--PX32500--PW0100--IN0020--TM250--X077526--Y011163--Z211870--T2936727156,3908.0,7827.0,445.0609665440988,142.85164138743875,84.73530574885456,0.3510600071864894,0.8050772452420274,0.4992973042033985,125.686116973992,0.441188963143508,0.04474474852274851,0.028237285188426293,0.006357589890012968,-2.832525823304165e-05,-0.0012503702176398204,-8.033513000879076e-05,121.0,92.0,1.315217391304348
WE00008---A008--PO01--LO001--CO6--SL001--PX32500--PW0100--IN0020--TM257--X077526--Y011163--Z210373--T2924736297.png,WE00008---A008--PO01--LO001--CO6--SL001--PX32500--PW0100--IN0020--TM257--X077526--Y011163--Z210373--T2924736297,WE00008---A008--PO01--LO001--CO6--SL001--PX32500--PW0100--IN0020--TM257--X077526--Y011163--Z210373--T2924736297,4837.0,6817.0,550.214249456123,262.1033545873922,33.473632379419705,0.3735712079085573,0.9918113497347266,0.7095496552735807,251.88290930509754,0.902143019312549,0.76245544935451,0.34883179790666974,0.31057707321129496,0.10221983944499144,0.2693752358922016,-0.0011383473863229195,249.0,52.0,4.788461538461538
WE00008---A008--PO01--LO001--CO6--SL001--PX32500--PW0100--IN0020--TM257--X077526--Y011163--Z211669--T2923676136.png,WE00008---A008--PO01--LO001--CO6--SL001--PX32500--PW0100--IN0020--TM257--X077526--Y011163--Z211669--T2923676136,WE00008---A008--PO01--LO001--CO6--SL001--PX32500--PW0100--IN0020--TM257--X077526--Y011163--Z211669--T2923676136,4079.0,7638.0,552.9188309203678,256.216920612122,41.42426087159666,0.34567796610169493,0.986843808256349,0.5340403246923279,236.47621444872632,1.0321629044605984,0.9595719301887697,0.7466004775199899,0.6383458598400128,0.44054040252843363,0.610927434001347,0.011285499661377874,236.0,50.0,4.72
WE00008---A008--PO01--LO001--CO6--SL001--PX32500--PW0100--IN0020--TM263--X077526--Y011163--Z215183--T2842482130.png,WE00008---A008--PO01--LO001--CO6--SL001--PX32500--PW0100--IN0020--TM263--X077526--Y011163--Z215183--T2842482130,WE00008---A008--PO01--LO001--CO6--SL001--PX32500--PW0100--IN0020--TM263--X077526--Y011163--Z215183--T2842482130,3778.0,7104.0,426.7766952966369,147.23543828409146,68.71093769212392,0.34115947263861296,0.8844294554198369,0.5318130630630631,129.84991336154215,0.4367302019130399,0.07869340435315975,0.023581071866155788,0.006071103605072166,4.182412660727404e-05,-0.0005224818681402212,-5.939269229379288e-05,113.0,98.0,1.153061224489796
WE00008---A008--PO01--LO001--CO6--SL001--PX32500--PW0100--IN0020--TM265--X077526--Y011163--Z212771--T2944667896.png,WE00008---A008--PO01--LO001--CO6--SL001--PX32500--PW0100--IN0020--TM265--X077526--Y011163--Z212771--T2944667896,WE00008---A008--PO01--LO001--CO6--SL001--PX32500--PW0100--IN0020--TM265--X077526--Y011163--Z212771--T2944667896,4412.0,6032.0,526.6934341759517,252.72235972701733,30.619911064129823,0.45958333333333334,0.992632956998679,0.7314323607427056,241.00622398602076,0.9180384471266884,0.7947279017372022,0.4089650896208641,0.3703454556796272,0.144128822653055,0.3299261872079621,0.0005184305961735067,240.0,40.0,6.0
WE00008---A008--PO01--LO001--CO6--SL001--PX32500--PW0100--IN0020--TM276--X077526--Y011163--Z211075--T2850602556.png,WE00008---A008--PO01--LO001--CO6--SL001--PX32500--PW0100--IN0020--TM276--X077526--Y011163--Z211075--T2850602556,WE00008---A008--PO01--LO001--CO6--SL001--PX32500--PW0100--IN0020--TM276--X077526--Y011163--Z211075--T2850602556,4168.0,9062.0,556.6467529817256,264.6770862262886,40.899296656962655,0.32767295597484275,0.987988837359556,0.45994261752372545,240.0749882849107,1.07555650852136,1.0514246270742598,0.7635493044218318,0.7249400933511437,0.5392823927353256,0.7319392802893355,-0.008620626884043137,240.0,53.0,4.528301886792453
WE00008---A008--PO01--LO001--CO6--SL001--PX32500--PW0100--IN0020--TM277--X077526--Y011163--Z212261--T2335060919.png,WE00008---A008--PO01--LO001--CO6--SL001--PX32500--PW0100--IN0020--TM277--X077526--Y011163--Z212261--T2335060919,WE00008---A008--PO01--LO001--CO6--SL001--PX32500--PW0100--IN0020--TM277--X077526--Y011163--Z212261--T2335060919,2105.0,2731.0,255.03657992645924,111.45145435353801,30.404870112743975,0.4568142361111111,0.9620684428047851,0.770779934090077,101.01980003939822,0.3962554276749287,0.1165259553458621,0.007467796943118196,0.0018764383436540948,5.022060071753559e-06,0.00025547403138729337,-4.9110576074718265e-06,96.0,48.0,2.0
WE00008---A008--PO01--LO001--CO6--SL001--PX32500--PW0100--IN0020--TM279--X077526--Y011163--Z214886--T2672443395.png,WE00008---A008--PO01--LO001--CO6--SL001--PX32500--PW0100--IN0020--TM279--X077526--Y011163--Z214886--T2672443395,WE00008---A008--PO01--LO001--CO6--SL001--PX32500--PW0100--IN0020--TM279--X077526--Y011163--Z214886--T2672443395,4378.0,7266.0,420.5756851698602,124.46845205303579,74.41993657141646,0.4130188679245283,0.8015692090740955,0.6025323424167355,117.92370414806346,0.3002330190122847,0.0201934153796915,0.006089821936671855,0.0034185973384477483,1.3032723472352449e-05,6.67909701371959e-05,8.570394878984757e-06,100.0,106.0,0.9433962264150944
WE00008---A008--PO01--LO001--CO6--SL001--PX32500--PW0100--IN0020--TM280--X077526--Y011163--Z210043--T2252863856.png,WE00008---A008--PO01--LO001--CO6--SL001--PX32500--PW0100--IN0020--TM280--X077526--Y011163--Z210043--T2252863856,WE00008---A008--PO01--LO001--CO6--SL001--PX32500--PW0100--IN0020--TM280--X077526--Y011163--Z210043--T2252863856,4881.0,6415.0,545.8061325481598,255.38287946221044,31.54968761535745,0.3448982475975127,0.9923397460172657,0.7608729540140297,247.09714688761585,0.8478769451833198,0.6763182123239804,0.2844049974259701,0.2580717659161919,0.0699159695634537,0.2121102286206906,-0.0002584580952694829,244.0,58.0,4.206896551724138
WE00008---A008--PO01--LO001--CO6--SL001--PX32500--PW0100--IN0020--TM280--X077526--Y011163--Z210255--T2248144704.png,WE00008---A008--PO01--LO001--CO6--SL001--PX32500--PW0100--IN0020--TM280--X077526--Y011163--Z210255--T2248144704,WE00008---A008--PO01--LO001--CO6--SL001--PX32500--PW0100--IN0020--TM280--X077526--Y011163--Z210255--T2248144704,4238.0,5392.0,485.7228714274745,229.7519237342543,30.140051456201086,0.4917043740573152,0.9913578788695434,0.7859792284866469,221.73181999884454,0.7918589128328966,0.5853243693287873,0.20047599464509047,0.17636539454737624,0.033162466024521414,0.1347871738281108,0.000149817096326243,221.0,39.0,5.666666666666667
WE00008---A008--PO01--LO001--CO6--SL001--PX32500--PW0100--IN0020--TM280--X077526--Y011163--Z211481--T2686516037.png,WE00008---A008--PO01--LO001--CO6--SL001--PX32500--PW0100--IN0020--TM280--X077526--Y011163--Z211481--T2686516037,WE00008---A008--PO01--LO001--CO6--SL001--PX32500--PW0100--IN0020--TM280--X077526--Y011163--Z211481--T2686516037,5274.0,7390.0,536.4163056034262,247.60832438041027,35.998524549673164,0.2709478551245826,0.9893751641835213,0.7136671177266577,239.459808736247,0.741915245452075,0.5058069188480474,0.11751883436410229,0.09636361226151396,0.010249742363135812,0.06661790528262829,0.00031912395035276235,229.0,85.0,2.6941176470588237
WE00008---A008--PO01--LO001--CO6--SL001--PX32500--PW0100--IN0020--TM281--X077526--Y011163--Z216439--T2360196111.png,WE00008---A008--PO01--LO001--CO6--SL001--PX32500--PW0100--IN0020--TM281--X077526--Y011163--Z216439--T2360196111,WE00008---A008--PO01--LO001--CO6--SL001--PX32500--PW0100--IN0020--TM281--X077526--Y011163--Z216439--T2360196111,2539.0,3388.0,261.27922061357856,77.87109735899315,52.92200241252719,0.5580219780219781,0.7335733059394995,0.749409681227863,74.32361670424818,0.2182120456687014,0.006452290163999531,0.0020818974235074102,0.0004883049473975732,4.18627636123843e-08,-1.4101846573067595e-05,-4.905584132797013e-07,70.0,65.0,1.0769230769230769
WE00008---A008--PO01--LO001--CO6--SL001--PX32500--PW0100--IN0020--TM282--X077526--Y011163--Z210455--T2255596798.png,WE00008---A008--PO01--LO001--CO6--SL001--PX32500--PW0100--IN0020--TM282--X077526--Y011163--Z210455--T2255596798,WE00008---A008--PO01--LO001--CO6--SL001--PX32500--PW0100--IN0020--TM282--X077526--Y011163--Z210455--T2255596798,5599.0,7039.0,549.2792206135786,271.5223643750604,32.80000191100086,0.5332380952380953,0.9926768209029789,0.7954254865747975,250.3377718203947,0.8349731478967755,0.6576473151756633,0.17137418781886435,0.1522884833480134,0.024601831362595434,0.12338294615619387,-0.00012780168906611242,250.0,42.0,5.9523809523809526
WE00008---A008--PO01--LO001--CO6--SL001--PX32500--PW0100--IN0020--TM282--X077526--Y011163--Z214537--T2349709162.png,WE00008---A008--PO01--LO001--CO6--SL001--PX32500--PW0100--IN0020--TM282--X077526--Y011163--Z214537--T2349709162,WE00008---A008--PO01--LO001--CO6--SL001--PX32500--PW0100--IN0020--TM282--X077526--Y011163--Z214537--T2349709162,3080.0,4770.0,355.11984104714446,95.75063659832398,68.18492661947289,0.4947791164658635,0.7020685355314048,0.6457023060796646,89.55445270895244,0.28038491532238635,0.008408980028805253,0.0022543593836643347,0.0017226174986507002,2.838826078227522e-06,-1.552924980090956e-05,1.8613724396050544e-06,83.0,75.0,1.1066666666666667
WE00008---A008--PO01--LO001--CO6--SL001--PX32500--PW0100--IN0020--TM284--X077526--Y011163--Z211777--T2858918394.png,WE00008---A008--PO01--LO001--CO6--SL001--PX32500--PW0100--IN0020--TM284--X077526--Y011163--Z211777--T2858918394,WE00008---A008--PO01--LO001--CO6--SL001--PX32500--PW0100--IN0020--TM284--X077526--Y011163--Z211777--T2858918394,3597.0,7645.0,435.9310242291876,169.98663245576705,69.05945950514234,0.3306978027029512,0.9137557186006506,0.47050359712230216,149.40548852033515,0.5849434278703508,0.1757351644434069,0.09281178354872802,0.0259937713651594,0.000797823436469223,-4.385314072839373e-05,0.0009967776004451527,149.0,73.0,2.041095890410959
WE00008---A008--PO01--LO001--CO6--SL002--PX32500--PW0100--IN0020--TM282--X077526--Y011163--Z210305--T2255596991.png,WE00008---A008--PO01--LO001--CO6--SL002--PX32500--PW0100--IN0020--TM282--X077526--Y011163--Z210305--T2255596991,WE00008---A008--PO01--LO001--CO6--SL002--PX32500--PW0100--IN0020--TM282--X077526--Y011163--Z210305--T2255596991,5586.0,7015.0,547.8650070512055,270.59146104514554,32.76245985122389,0.5341365461847389,0.9926430922511483,0.7962936564504632,249.51352668743232,0.8312423644608125,0.6516089205558072,0.16855094034658344,0.14971112671399747,0.02378159657985497,0.12074265737676375,-0.00012184925261421388,249.0,42.0,5.928571428571429
WE00008---A008--PO01--LO001--CO6--SL003--PX32500--PW0100--IN0020--TM282--X077526--Y011163--Z210155--T2255597273.png,WE00008---A008--PO01--LO001--CO6--SL003--PX32500--PW0100--IN0020--TM282--X077526--Y011163--Z210155--T2255597273,WE00008---A008--PO01--LO001--CO6--SL003--PX32500--PW0100--IN0020--TM282--X077526--Y011163--Z210155--T2255597273,5578.0,7018.0,547.0365799264592,270.8827902536234,32.74571341106501,0.5333715815643526,0.9926664971421328,0.7948133371330863,249.51352668743232,0.8341897611418534,0.6563600358471945,0.1718737489330361,0.15277368414917836,0.024755506227854114,0.1236572985053333,-0.00012784209309902933,249.0,42.0,5.928571428571429
WE00009---A009--PO01--LO001--CO6--SL001--PX32500--PW0100--IN0020--TM250--X086535--Y011163--Z216870--T2936807148.png,WE00009---A009--PO01--LO001--CO6--SL001--PX32500--PW0100--IN0020--TM250--X086535--Y011163--Z216870--T2936807148,WE00009---A009--PO01--LO001--CO6--SL001--PX32500--PW0100--IN0020--TM250--X086535--Y011163--Z216870--T2936807148,3143.0,4348.0,369.22034611053283,101.87250210233482,61.30243107312104,0.5801033591731266,0.7986796753688622,0.7228610855565777,88.07383266328314,0.28110075445563487,0.017329646179873034,0.0006826462969691958,0.00031090145738868453,-1.0529375034134833e-07,-4.0791543703423913e-05,9.709722671236353e-08,86.0,63.0,1.3650793650793651
WE00009---A009--PO01--LO001--CO6--SL001--PX32500--PW0100--IN0020--TM257--X086535--Y011163--Z210973--T2924817669.png,WE00009---A009--PO01--LO001--CO6--SL001--PX32500--PW0100--IN0020--TM257--X086535--Y011163--Z210973--T2924817669,WE00009---A009--PO01--LO001--CO6--SL001--PX32500--PW0100--IN0020--TM257--X086535--Y011163--Z210973--T2924817669,4573.0,5742.0,514.5512985522207,245.45246571958313,28.453976909847196,0.5847078378723949,0.9932580173357947,0.7964123998606757,237.47420912595962,0.8344705572081954,0.6598960758865234,0.18716732308903902,0.1708157408009162,0.03054237548818882,0.13851702100399224,-0.0001316682166375609,237.0,33.0,7.181818181818182
WE00009---A009--PO01--LO001--CO6--SL001--PX32500--PW0100--IN0020--TM257--X086535--Y011163--Z211269--T2923757522.png,WE00009---A009--PO01--LO001--CO6--SL001--PX32500--PW0100--IN0020--TM257--X086535--Y011163--Z211269--T2923757522,WE00009---A009--PO01--LO001--CO6--SL001--PX32500--PW0100--IN0020--TM257--X086535--Y011163--Z211269--T2923757522,3639.0,6101.0,498.71782079359116,230.01852040712578,35.61380339412818,0.23840408805031446,0.9879411028991495,0.5964595967874119,217.81643647805828,0.9304902226311994,0.7866315544604515,0.5502197323454009,0.48139703792534083,0.24771800655557744,0.4230871195563214,0.004306722899533488,212.0,72.0,2.9444444444444446
WE00009---A009--PO01--LO001--CO6--SL001--PX32500--PW0100--IN0020--TM263--X086535--Y011163--Z215583--T2842563387.png,WE00009---A009--PO01--LO001--CO6--SL001--PX32500--PW0100--IN0020--TM263--X086535--Y011163--Z215583--T2842563387,WE00009---A009--PO01--LO001--CO6--SL001--PX32500--PW0100--IN0020--TM263--X086535--Y011163--Z215583--T2842563387,2456.0,3612.0,278.83556979968256,105.4623497882754,44.20233126325951,0.3852549019607843,0.9079266848123918,0.6799557032115172,93.00537618869137,0.33276041612305274,0.054437253567682406,0.008988979129143104,0.0013747333968146286,-1.957661781500834e-06,-0.00023170102496072078,4.41834865147751e-06,75.0,85.0,0.8823529411764706
WE00009---A009--PO01--LO001--CO6--SL001--PX32500--PW0100--IN0020--TM265--X086535--Y011163--Z211371--T2944749426.png,WE00009---A009--PO01--LO001--CO6--SL001--PX32500--PW0100--IN0020--TM265--X086535--Y011163--Z211371--T2944749426,WE00009---A009--PO01--LO001--CO6--SL001--PX32500--PW0100--IN0020--TM265--X086535--Y011163--Z211371--T2944749426,4042.0,5417.0,443.76450198781714,203.42263925636414,33.62067949464361,0.38910281093569504,0.9862475195603262,0.7461694664943695,198.75864761061342,0.6573342443670585,0.3873541834963083,0.14601278696731784,0.1220077779816218,0.016283732692734743,0.07573286631637634,-0.00016670515940163822,196.0,53.0,3.69811320754717
WE00009---A009--PO01--LO001--CO6--SL001--PX32500--PW0100--IN0020--TM276--X086535--Y011163--Z209875--T2850684323.png,WE00009---A009--PO01--LO001--CO6--SL001--PX32500--PW0100--IN0020--TM276--X086535--Y011163--Z209875--T2850684323,WE00009---A009--PO01--LO001--CO6--SL001--PX32500--PW0100--IN0020--TM276--X086535--Y011163--Z209875--T2850684323,4720.0,6117.0,535.3797256769669,255.0326242018702,28.992885526463414,0.562038580614432,0.9935170683344773,0.7716200752002615,247.39644298170498,0.8723811813882807,0.7227037801699343,0.2581977012439737,0.23885344875970776,0.05931593145247322,0.20295431912612255,-0.00018470741276134083,247.0,34.0,7.264705882352941
WE00009---A009--PO01--LO001--CO6--SL001--PX32500--PW0100--IN0020--TM277--X086535--Y011163--Z213661--T2335144176.png,WE00009---A009--PO01--LO001--CO6--SL001--PX32500--PW0100--IN0020--TM277--X086535--Y011163--Z213661--T2335144176,WE00009---A009--PO01--LO001--CO6--SL001--PX32500--PW0100--IN0020--TM277--X086535--Y011163--Z213661--T2335144176,4288.0,7725.0,431.9898987322333,133.7746991527512,75.89557678287333,0.35979191139452926,0.8234844809080234,0.5550809061488673,135.36986370680884,0.3447966521194921,0.0312873002016758,0.022402578646367598,0.011598499938063903,0.00016530481182178687,0.0009807634251767666,-8.734329151123172e-05,101.0,118.0,0.8559322033898306
WE00009---A009--PO01--LO001--CO6--SL001--PX32500--PW0100--IN0020--TM279--X086535--Y011163--Z211286--T2672526699.png,WE00009---A009--PO01--LO001--CO6--SL001--PX32500--PW0100--IN0020--TM279--X086535--Y011163--Z211286--T2672526699,WE00009---A009--PO01--LO001--CO6--SL001--PX32500--PW0100--IN0020--TM279--X086535--Y011163--Z211286--T2672526699,4256.0,7456.0,428.78888860545663,128.49398031512268,73.37822443340345,0.4586206896551724,0.8209058767442365,0.5708154506437768,116.84177335182824,0.3215323484231388,0.026696933783069726,0.006436288051237913,0.004463553391047722,1.655268837354858e-05,8.944369332390938e-05,1.727366716239701e-05,116.0,80.0,1.45
WE00009---A009--PO01--LO001--CO6--SL001--PX32500--PW0100--IN0020--TM280--X086535--Y011163--Z210493--T2252921788.png,WE00009---A009--PO01--LO001--CO6--SL001--PX32500--PW0100--IN0020--TM280--X086535--Y011163--Z210493--T2252921788,WE00009---A009--PO01--LO001--CO6--SL001--PX32500--PW0100--IN0020--TM280--X086535--Y011163--Z210493--T2252921788,4364.0,5856.0,499.27922061357856,236.6494151882976,28.46692529862761,0.5604931929103519,0.9927386074158334,0.7452185792349727,229.10696191953662,0.8136645214384869,0.6248157097622904,0.13671310551513166,0.12279570558333691,0.01590967634402958,0.09616590560054629,-0.00014684367796290697,229.0,34.0,6.735294117647059
WE00009---A009--PO01--LO001--CO6--SL001--PX32500--PW0100--IN0020--TM280--X086535--Y011163--Z211681--T2686598722.png,WE00009---A009--PO01--LO001--CO6--SL001--PX32500--PW0100--IN0020--TM280--X086535--Y011163--Z211681--T2686598722,WE00009---A009--PO01--LO001--CO6--SL001--PX32500--PW0100--IN0020--TM280--X086535--Y011163--Z211681--T2686598722,5121.0,6503.0,530.7411613907041,239.81676003008388,32.48444682944515,0.36469163936761145,0.9907834610099147,0.7874827002921728,242.03305559365234,0.7147934690141315,0.4747703639003173,0.09158469356798708,0.07805618222756587,0.006598875636710659,0.05315374375645707,-0.00010257641688840927,238.0,59.0,4.033898305084746
WE00009---A009--PO01--LO001--CO6--SL001--PX32500--PW0100--IN0020--TM281--X086535--Y011163--Z210639--T2360277553.png,WE00009---A009--PO01--LO001--CO6--SL001--PX32500--PW0100--IN0020--TM281--X086535--Y011163--Z210639--T2360277553,WE00009---A009--PO01--LO001--CO6--SL001--PX32500--PW0100--IN0020--TM281--X086535--Y011163--Z210639--T2360277553,4035.0,6442.0,443.7300141024109,116.25332900377836,68.30611898155398,0.4473392461197339,0.8091786468909445,0.6263582738280037,116.05602095539895,0.2816072242066751,0.01878763889207006,0.002886826055304571,0.000995874984214441,-7.44715145394077e-07,-9.251540628413081e-05,1.515469551106176e-06,82.0,110.0,0.7454545454545455
WE00009---A009--PO01--LO001--CO6--SL001--PX32500--PW0100--IN0020--TM282--X086535--Y011163--Z209737--T2349791364.png,WE00009---A009--PO01--LO001--CO6--SL001--PX32500--PW0100--IN0020--TM282--X086535--Y011163--Z209737--T2349791364,WE00009---A009--PO01--LO001--CO6--SL001--PX32500--PW0100--IN0020--TM282--X086535--Y011163--Z209737--T2349791364,3784.0,5267.0,326.3919189857867,97.57489596442211,68.16365736189381,0.4673913043478261,0.7155340943027304,0.7184355420543004,93.74433316206373,0.23399749781014562,0.0064823353643003725,0.0044866731469119054,0.0008735961869551955,-3.419365519563569e-07,-4.9665181928225936e-05,1.695392676034001e-06,88.0,92.0,0.9565217391304348
WE00009---A009--PO01--LO001--CO6--SL001--PX32500--PW0100--IN0020--TM282--X086535--Y011163--Z211155--T2255654932.png,WE00009---A009--PO01--LO001--CO6--SL001--PX32500--PW0100--IN0020--TM282--X086535--Y011163--Z211155--T2255654932,WE00009---A009--PO01--LO001--CO6--SL001--PX32500--PW0100--IN0020--TM282--X086535--Y011163--Z211155--T2255654932,4550.0,6123.0,523.5218613006979,244.81796929757982,28.981411030251707,0.5188733036834303,0.992968434121208,0.7430997876857749,237.68256141332708,0.834831871927131,0.658949567672223,0.15681583154743847,0.1417557434515088,0.021134367179145443,0.11413459617768955,-0.0001853458094347659,237.0,37.0,6.405405405405405
WE00009---A009--PO01--LO001--CO6--SL001--PX32500--PW0100--IN0020--TM282--X086535--Y011163--Z212406--T2250232168.png,WE00009---A009--PO01--LO001--CO6--SL001--PX32500--PW0100--IN0020--TM282--X086535--Y011163--Z212406--T2250232168,WE00009---A009--PO01--LO001--CO6--SL001--PX32500--PW0100--IN0020--TM282--X086535--Y011163--Z212406--T2250232168,5030.0,6402.0,499.90663761154804,229.07628963222064,32.737313941897455,0.46240117668689096,0.9897356744155746,0.7856919712589816,224.7420743875076,0.6653538543215134,0.4079637010520536,0.08167866531724984,0.07032274608563849,0.00532949762134187,0.044718421744102385,-3.924727402124695e-05,222.0,49.0,4.530612244897959
WE00009---A009--PO01--LO001--CO6--SL001--PX32500--PW0100--IN0020--TM283--X086535--Y011163--Z211977--T2859000618.png,WE00009---A009--PO01--LO001--CO6--SL001--PX32500--PW0100--IN0020--TM283--X086535--Y011163--Z211977--T2859000618,WE00009---A009--PO01--LO001--CO6--SL001--PX32500--PW0100--IN0020--TM283--X086535--Y011163--Z211977--T2859000618,2878.0,4627.0,372.50461735799473,98.52337619477562,66.16094080918407,0.4850016852039097,0.7409816172523956,0.6220012967365464,86.57944328765345,0.30585749100012255,0.013395697572361302,0.0019118949603137874,0.0017793405735938355,1.7184780483510728e-06,-6.679763348319218e-05,-2.7959734160772394e-06,86.0,69.0,1.2463768115942029
WE00009---A009--PO01--LO001--CO6--SL002--PX32500--PW0100--IN0020--TM282--X086535--Y011163--Z211005--T2255655126.png,WE00009---A009--PO01--LO001--CO6--SL002--PX32500--PW0100--IN0020--TM282--X086535--Y011163--Z211005--T2255655126,WE00009---A009--PO01--LO001--CO6--SL002--PX32500--PW0100--IN0020--TM282--X086535--Y011163--Z211005--T2255655126,4546.0,6119.0,522.9360748630709,244.5159420494167,28.94940197959771,0.5184171513285437,0.9929666081819296,0.7429318516097402,237.60892239139505,0.8335090435450125,0.6568534226573313,0.15475826875901885,0.13980315859427156,0.020562956000398893,0.11236792187934562,-0.0001811976211477279,237.0,37.0,6.405405405405405
WE00009---A009--PO01--LO001--CO6--SL003--PX32500--PW0100--IN0020--TM282--X086535--Y011163--Z210855--T2255655280.png,WE00009---A009--PO01--LO001--CO6--SL003--PX32500--PW0100--IN0020--TM282--X086535--Y011163--Z210855--T2255655280,WE00009---A009--PO01--LO001--CO6--SL003--PX32500--PW0100--IN0020--TM282--X086535--Y011163--Z210855--T2255655280,4542.0,6112.0,523.5218613006978,244.78052904315038,28.885410192222434,0.5179609989736572,0.993012960195991,0.743128272251309,237.68256141332708,0.8359736118534998,0.6609869998895537,0.15566469041355643,0.14072402213057567,0.02082719063225992,0.11346880169860421,-0.0001827770813408984,237.0,37.0,6.405405405405405
WE00010---A010--PO01--LO001--CO6--SL001--PX32500--PW0100--IN0020--TM250--X095544--Y011163--Z216670--T2936887610.png,WE00010---A010--PO01--LO001--CO6--SL001--PX32500--PW0100--IN0020--TM250--X095544--Y011163--Z216670--T2936887610,WE00010---A010--PO01--LO001--CO6--SL001--PX32500--PW0100--IN0020--TM250--X095544--Y011163--Z216670--T2936887610,3807.0,6332.0,388.19090885901,145.2682513126014,52.33561925784634,0.3264448636597496,0.932848534531151,0.6012318382817435,138.40520221436765,0.39141518719666696,0.09089116085141528,0.01819296205360003,0.011426891959508478,0.0001609775410433389,0.0021787119948619054,-3.508706275757436e-05,98.0,119.0,0.8235294117647058
WE00010---A010--PO01--LO001--CO6--SL001--PX32500--PW0100--IN0020--TM257--X095544--Y011163--Z207773--T2924898095.png,WE00010---A010--PO01--LO001--CO6--SL001--PX32500--PW0100--IN0020--TM257--X095544--Y011163--Z207773--T2924898095,WE00010---A010--PO01--LO001--CO6--SL001--PX32500--PW0100--IN0020--TM257--X095544--Y011163--Z207773--T2924898095,4763.0,6524.0,527.9066376115481,248.6310753218004,30.287353201134426,0.3769389047166825,0.9925526455701894,0.7300735744941753,236.1778990506944,0.8232040649223843,0.6386085222561367,0.14051233315948972,0.12118727884404834,0.01581256396117784,0.0955881576484386,-0.00021590155320873935,234.0,54.0,4.333333333333333
WE00010---A010--PO01--LO001--CO6--SL001--PX32500--PW0100--IN0020--TM257--X095544--Y011163--Z216469--T2923838675.png,WE00010---A010--PO01--LO001--CO6--SL001--PX32500--PW0100--IN0020--TM257--X095544--Y011163--Z216469--T2923838675,WE00010---A010--PO01--LO001--CO6--SL001--PX32500--PW0100--IN0020--TM257--X095544--Y011163--Z216469--T2923838675,4480.0,6924.0,532.6934341759516,257.6543386554223,33.56244141250094,0.42248208223311956,0.9914796724246813,0.6470248411322935,241.25090673404733,0.9418554087825138,0.8288751223282083,0.3902478040357656,0.3388036780550917,0.12317491059266843,0.30411314918505505,0.002214128276537556,241.0,44.0,5.4772727272727275
WE00010---A010--PO01--LO001--CO6--SL001--PX32500--PW0100--IN0020--TM263--X095544--Y011163--Z209783--T2842645045.png,WE00010---A010--PO01--LO001--CO6--SL001--PX32500--PW0100--IN0020--TM263--X095544--Y011163--Z209783--T2842645045,WE00010---A010--PO01--LO001--CO6--SL001--PX32500--PW0100--IN0020--TM263--X095544--Y011163--Z209783--T2842645045,2586.0,2800.0,210.8528137423857,73.39634961564327,46.593427679035614,0.7229521945764608,0.7726605406993783,0.9235714285714286,74.95331880577403,0.1826655945423255,0.006041652902370132,0.00017979662207628615,1.6964262266625815e-05,5.811607198110809e-10,1.0503298723222432e-06,7.348699177647005e-10,49.0,73.0,0.6712328767123288
WE00010---A010--PO01--LO001--CO6--SL001--PX32500--PW0100--IN0020--TM265--X095544--Y011163--Z210771--T2944831095.png,WE00010---A010--PO01--LO001--CO6--SL001--PX32500--PW0100--IN0020--TM265--X095544--Y011163--Z210771--T2944831095,WE00010---A010--PO01--LO001--CO6--SL001--PX32500--PW0100--IN0020--TM265--X095544--Y011163--Z210771--T2944831095,5210.0,6848.0,533.1198410471445,253.7261747506192,32.17879226345435,0.38244145929677753,0.9919251227866535,0.7608060747663551,241.69609016283238,0.7846982536602244,0.5773793344759706,0.14910288841679542,0.13117048657420077,0.01834397695374347,0.09960571845263547,7.599282712485167e-05,239.0,57.0,4.192982456140351
WE00010---A010--PO01--LO001--CO6--SL001--PX32500--PW0100--IN0020--TM276--X095544--Y011163--Z213075--T2850766154.png,WE00010---A010--PO01--LO001--CO6--SL001--PX32500--PW0100--IN0020--TM276--X095544--Y011163--Z213075--T2850766154,WE00010---A010--PO01--LO001--CO6--SL001--PX32500--PW0100--IN0020--TM276--X095544--Y011163--Z213075--T2850766154,4592.0,6846.0,550.3229432149742,280.9720722683117,26.608336263472754,0.14494949494949494,0.9955057611922288,0.6707566462167689,247.38633753705963,1.0841314916357172,1.1339241503799253,0.23163144840437327,0.21524428683509028,0.048060471652252884,0.22763994584205546,-0.00029502053475210024,192.0,165.0,1.1636363636363636
WE00010---A010--PO01--LO001--CO6--SL001--PX32500--PW0100--IN0020--TM277--X095544--Y011163--Z214661--T2335227386.png,WE00010---A010--PO01--LO001--CO6--SL001--PX32500--PW0100--IN0020--TM277--X095544--Y011163--Z214661--T2335227386,WE00010---A010--PO01--LO001--CO6--SL001--PX32500--PW0100--IN0020--TM277--X095544--Y011163--Z214661--T2335227386,3261.0,6823.0,406.9188309203678,137.00302957905907,78.20104022177067,0.31057142857142855,0.82109059710318,0.4779422541404074,115.48592987892508,0.47694788419211,0.05882249421627633,0.04383902903514014,0.015624878799667119,0.0002612335519722707,-0.00018847874460488844,-0.0003146200310873339,100.0,105.0,0.9523809523809523
WE00010---A010--PO01--LO001--CO6--SL001--PX32500--PW0100--IN0020--TM279--X095544--Y011163--Z210486--T2672608767.png,WE00010---A010--PO01--LO001--CO6--SL001--PX32500--PW0100--IN0020--TM279--X095544--Y011163--Z210486--T2672608767,WE00010---A010--PO01--LO001--CO6--SL001--PX32500--PW0100--IN0020--TM279--X095544--Y011163--Z210486--T2672608767,3432.0,6563.0,406.13203435596427,123.29818861212458,71.23509696763026,0.41225225225225226,0.8162162589393412,0.5229315861648637,114.84337159801605,0.3692614065235054,0.03401834868511612,0.02020878048462548,0.009729588600849777,9.947013992296032e-05,0.00037535957277963104,-9.337557585581893e-05,111.0,75.0,1.48
WE00010---A010--PO01--LO001--CO6--SL001--PX32500--PW0100--IN0020--TM280--X095544--Y011163--Z209805--T2248260820.png,WE00010---A010--PO01--LO001--CO6--SL001--PX32500--PW0100--IN0020--TM280--X095544--Y011163--Z209805--T2248260820,WE00010---A010--PO01--LO001--CO6--SL001--PX32500--PW0100--IN0020--TM280--X095544--Y011163--Z209805--T2248260820,4648.0,6610.0,475.50461735799473,210.37126689546687,33.663077574690824,0.41630094043887145,0.9871141827435269,0.7031770045385779,204.29880077964236,0.6103333789668057,0.3362351036667091,0.056605735275472024,0.049895679849790354,0.0026516361570795475,0.028908761025150116,-1.8615800304207274e-05,203.0,55.0,3.690909090909091
WE00010---A010--PO01--LO001--CO6--SL001--PX32500--PW0100--IN0020--TM280--X095544--Y011163--Z210793--T2252979895.png,WE00010---A010--PO01--LO001--CO6--SL001--PX32500--PW0100--IN0020--TM280--X095544--Y011163--Z210793--T2252979895,WE00010---A010--PO01--LO001--CO6--SL001--PX32500--PW0100--IN0020--TM280--X095544--Y011163--Z210793--T2252979895,4429.0,6516.0,496.19090885901,232.60723523771418,32.8924061622031,0.32038483796296297,0.9899514739179958,0.6797114794352364,221.48814866714653,0.7787880484882682,0.5598828668740832,0.1435434714635374,0.12200854764800112,0.016141062745545505,0.08874209820655365,-0.00041714389519370305,216.0,64.0,3.375
WE00010---A010--PO01--LO001--CO6--SL001--PX32500--PW0100--IN0020--TM280--X095544--Y011163--Z211281--T2686680636.png,WE00010---A010--PO01--LO001--CO6--SL001--PX32500--PW0100--IN0020--TM280--X095544--Y011163--Z211281--T2686680636,WE00010---A010--PO01--LO001--CO6--SL001--PX32500--PW0100--IN0020--TM280--X095544--Y011163--Z211281--T2686680636,5156.0,6524.0,518.79393923934,247.22803692335296,33.65818624602544,0.5059366107349622,0.990689296509417,0.7903126916002452,237.10335299189677,0.7546375065742206,0.5287799536981945,0.1502578305901432,0.1292782261936723,0.01801780778977334,0.09391963741205449,-8.368584104363869e-05,237.0,43.0,5.511627906976744
WE00010---A010--PO01--LO001--CO6--SL001--PX32500--PW0100--IN0020--TM281--X095544--Y011163--Z214239--T2360358935.png,WE00010---A010--PO01--LO001--CO6--SL001--PX32500--PW0100--IN0020--TM281--X095544--Y011163--Z214239--T2360358935,WE00010---A010--PO01--LO001--CO6--SL001--PX32500--PW0100--IN0020--TM281--X095544--Y011163--Z214239--T2360358935,3604.0,6859.0,433.3868683519033,174.80037668671287,54.847019151274054,0.21358302714234917,0.9494991986848008,0.5254410263886864,170.03823099526764,0.5820506242993363,0.2282119264251482,0.13433333819615179,0.07748982262885774,0.0076997349062453025,0.029207931545766688,-0.0017943023886083606,143.0,118.0,1.2118644067796611
WE00010---A010--PO01--LO001--CO6--SL001--PX32500--PW0100--IN0020--TM282--X095544--Y011163--Z213937--T2349872895.png,WE00010---A010--PO01--LO001--CO6--SL001--PX32500--PW0100--IN0020--TM282--X095544--Y011163--Z213937--T2349872895,WE00010---A010--PO01--LO001--CO6--SL001--PX32500--PW0100--IN0020--TM282--X095544--Y011163--Z213937--T2349872895,2607.0,3402.0,343.4629867976521,79.13101373400464,57.95080348493054,0.5871621621621622,0.6809391911329616,0.7663139329805997,77.79460135510689,0.2306293862466501,0.004845049429849898,0.00011987619685087,3.387143706601771e-05,5.227401658084174e-10,-2.345542816049664e-06,2.094065675280601e-09,74.0,60.0,1.2333333333333334
WE00010---A010--PO01--LO001--CO6--SL001--PX32500--PW0100--IN0020--TM283--X095544--Y011163--Z211777--T2859082614.png,WE00010---A010--PO01--LO001--CO6--SL001--PX32500--PW0100--IN0020--TM283--X095544--Y011163--Z211777--T2859082614,WE00010---A010--PO01--LO001--CO6--SL001--PX32500--PW0100--IN0020--TM283--X095544--Y011163--Z211777--T2859082614,3388.0,5845.0,372.048773235279,129.18231315569813,54.48686214029355,0.3532110091743119,0.9066969568591314,0.5796407185628742,121.07848694132248,0.3626196904175069,0.06405220590308323,0.01380348609366142,0.00947314228681529,0.00010536127909704758,0.0012488063573187172,2.517286427891933e-05,109.0,88.0,1.2386363636363635
WE00011---A011--PO01--LO001--CO6--SL001--PX32500--PW0100--IN0020--TM250--X104554--Y011163--Z211870--T2936967978.png,WE00011---A011--PO01--LO001--CO6--SL001--PX32500--PW0100--IN0020--TM250--X104554--Y011163--Z211870--T2936967978,WE00011---A011--PO01--LO001--CO6--SL001--PX32500--PW0100--IN0020--TM250--X104554--Y011163--Z211870--T2936967978,3423.0,6732.0,413.4041122946064,147.9318318358378,65.84967706870206,0.3632215619694397,0.8954633350415822,0.5084670231729055,127.09445306542689,0.47874683830629106,0.10265592248777475,0.03678615211545583,0.008033233879110823,1.889332087402195e-05,-0.0012891836994596718,0.00013679640972297658,124.0,76.0,1.631578947368421
WE00011---A011--PO01--LO001--CO6--SL001--PX32500--PW0100--IN0020--TM257--X104554--Y011163--Z210869--T2923919389.png,WE00011---A011--PO01--LO001--CO6--SL001--PX32500--PW0100--IN0020--TM257--X104554--Y011163--Z210869--T2923919389,WE00011---A011--PO01--LO001--CO6--SL001--PX32500--PW0100--IN0020--TM257--X104554--Y011163--Z210869--T2923919389,3606.0,4519.0,454.3086578651014,218.71409340313346,24.788857462625504,0.5806763285024155,0.993556364525988,0.7979641513609206,207.0869382650678,0.8397521857227009,0.6698625586741077,0.1481384316436765,0.13538274961709645,0.01917249725479262,0.11077706183322043,-1.757552635151666e-05,207.0,30.0,6.9
WE00011---A011--PO01--LO001--CO6--SL001--PX32500--PW0100--IN0020--TM257--X104554--Y011163--Z212773--T2924978733.png,WE00011---A011--PO01--LO001--CO6--SL001--PX32500--PW0100--IN0020--TM257--X104554--Y011163--Z212773--T2924978733,WE00011---A011--PO01--LO001--CO6--SL001--PX32500--PW0100--IN0020--TM257--X104554--Y011163--Z212773--T2924978733,5385.0,7267.0,527.7056274847714,244.62312488592633,35.212465570102985,0.38354700854700857,0.9895855766609815,0.7410210540800881,237.22773868163057,0.7089181866351114,0.4625855742850629,0.1083147827279827,0.09026343882892388,0.008922950800568385,0.060120624334428274,0.0001945280616380829,234.0,60.0,3.9
WE00011---A011--PO01--LO001--CO6--SL001--PX32500--PW0100--IN0020--TM263--X104554--Y011163--Z214783--T2842726537.png,WE00011---A011--PO01--LO001--CO6--SL001--PX32500--PW0100--IN0020--TM263--X104554--Y011163--Z214783--T2842726537,WE00011---A011--PO01--LO001--CO6--SL001--PX32500--PW0100--IN0020--TM263--X104554--Y011163--Z214783--T2842726537,2454.0,5028.0,348.8772003600252,111.94533655076957,59.04514972909592,0.3272,0.8495883925596842,0.4880668257756563,101.78899744078434,0.40795864104514123,0.05307246072018118,0.02613220832266813,0.01153215438248923,0.00015748084069213092,-3.4581240267078856e-05,-0.00012360386438841177,100.0,75.0,1.3333333333333333
WE00011---A011--PO01--LO001--CO6--SL001--PX32500--PW0100--IN0020--TM266--X104554--Y011163--Z212371--T2944912533.png,WE00011---A011--PO01--LO001--CO6--SL001--PX32500--PW0100--IN0020--TM266--X104554--Y011163--Z212371--T2944912533,WE00011---A011--PO01--LO001--CO6--SL001--PX32500--PW0100--IN0020--TM266--X104554--Y011163--Z212371--T2944912533,5573.0,7667.0,563.8477631085024,260.0180822458124,36.55473934160747,0.356694828469022,0.9900685595527082,0.7268814399373941,250.7448902769506,0.7732107040992612,0.5524045274353417,0.2002172870184075,0.17257331670256482,0.03207612734509802,0.12764132074376833,0.00037277453006133096,248.0,63.0,3.9365079365079363
WE00011---A011--PO01--LO001--CO6--SL001--PX32500--PW0100--IN0020--TM277--X104554--Y011163--Z215275--T2850848202.png,WE00011---A011--PO01--LO001--CO6--SL001--PX32500--PW0100--IN0020--TM277--X104554--Y011163--Z215275--T2850848202,WE00011---A011--PO01--LO001--CO6--SL001--PX32500--PW0100--IN0020--TM277--X104554--Y011163--Z215275--T2850848202,4667.0,6925.0,541.9898987322333,271.19054167669975,28.84230833527551,0.2636723163841808,0.9943282862437661,0.6739350180505416,243.50770008359078,0.996038523743959,0.9482039584296149,0.3146130868399603,0.2894088929308237,0.0873274846840376,0.28114870038919376,-0.00042933702484697356,236.0,75.0,3.1466666666666665
WE00011---A011--PO01--LO001--CO6--SL001--PX32500--PW0100--IN0020--TM278--X104554--Y011163--Z213861--T2335310282.png,WE00011---A011--PO01--LO001--CO6--SL001--PX32500--PW0100--IN0020--TM278--X104554--Y011163--Z213861--T2335310282,WE00011---A011--PO01--LO001--CO6--SL001--PX32500--PW0100--IN0020--TM278--X104554--Y011163--Z213861--T2335310282,3722.0,6327.0,407.20310216782974,164.04630732641937,54.753717375348764,0.3566158857909361,0.9426545830116324,0.5882724830093251,152.85614151874958,0.5022360376453117,0.1612439638910165,0.06372166894571003,0.025617468149344125,0.0009532296025115208,0.007128900180585358,-0.00040325607896338656,147.0,71.0,2.0704225352112675
WE00011---A011--PO01--LO001--CO6--SL001--PX32500--PW0100--IN0020--TM279--X104554--Y011163--Z215086--T2672691048.png,WE00011---A011--PO01--LO001--CO6--SL001--PX32500--PW0100--IN0020--TM279--X104554--Y011163--Z215086--T2672691048,WE00011---A011--PO01--LO001--CO6--SL001--PX32500--PW0100--IN0020--TM279--X104554--Y011163--Z215086--T2672691048,4200.0,7143.0,390.2914139223983,141.51945598205407,65.93173332866796,0.35714285714285715,0.8848454957926994,0.5879882402351952,132.23085872821065,0.36271949227945127,0.05444974291872329,0.022051684188655572,0.00716088948555175,6.165032824480399e-05,0.00023508358883297595,-6.554832317550174e-05,120.0,98.0,1.2244897959183674
WE00011---A011--PO01--LO001--CO6--SL001--PX32500--PW0100--IN0020--TM280--X104554--Y011163--Z210843--T2253037784.png,WE00011---A011--PO01--LO001--CO6--SL001--PX32500--PW0100--IN0020--TM280--X104554--Y011163--Z210843--T2253037784,WE00011---A011--PO01--LO001--CO6--SL001--PX32500--PW0100--IN0020--TM280--X104554--Y011163--Z210843--T2253037784,4721.0,5844.0,487.03657992645924,229.55947524243277,30.663753403791937,0.582623719610021,0.9910385038610262,0.8078370978781656,219.1118435867856,0.7100960925438157,0.46949939741823526,0.09676956657067012,0.08502757684145684,0.007712687307460985,0.058214433555097804,-3.04174067468179e-05,219.0,37.0,5.918918918918919
WE00011---A011--PO01--LO001--CO6--SL001--PX32500--PW0100--IN0020--TM280--X104554--Y011163--Z210855--T2248319009.png,WE00011---A011--PO01--LO001--CO6--SL001--PX32500--PW0100--IN0020--TM280--X104554--Y011163--Z210855--T2248319009,WE00011---A011--PO01--LO001--CO6--SL001--PX32500--PW0100--IN0020--TM280--X104554--Y011163--Z210855--T2248319009,5037.0,6430.0,547.3624817342638,259.63469189926883,31.843843010377864,0.3293017782426778,0.9924501549285275,0.7833592534992224,243.57750306627253,0.8490197981846563,0.678737485055209,0.20031880659632517,0.17584645887313502,0.03300319714876097,0.14472230873971748,-0.00016288055389539723,239.0,64.0,3.734375
WE00011---A011--PO01--LO001--CO6--SL001--PX32500--PW0100--IN0020--TM280--X104554--Y011163--Z214281--T2686763318.png,WE00011---A011--PO01--LO001--CO6--SL001--PX32500--PW0100--IN0020--TM280--X104554--Y011163--Z214281--T2686763318,WE00011---A011--PO01--LO001--CO6--SL001--PX32500--PW0100--IN0020--TM280--X104554--Y011163--Z214281--T2686763318,5375.0,7168.0,499.90663761154804,226.5296179192203,39.02025583449411,0.47473944532768064,0.9850528578614385,0.7498604910714286,222.05629916757596,0.6143982344188058,0.3352287122411838,0.06589207610046739,0.04785593926258976,0.0026837268797295514,0.026381056135229956,-0.00013903721041710426,222.0,51.0,4.352941176470588
WE00011---A011--PO01--LO001--CO6--SL001--PX32500--PW0100--IN0020--TM281--X104554--Y011163--Z224439--T2360440292.png,WE00011---A011--PO01--LO001--CO6--SL001--PX32500--PW0100--IN0020--TM281--X104554--Y011163--Z224439--T2360440292,WE00011---A011--PO01--LO001--CO6--SL001--PX32500--PW0100--IN0020--TM281--X104554--Y011163--Z224439--T2360440292,1779.0,3854.0,292.35028842544403,112.24760901810642,49.74612457816272,0.28861129136924074,0.8964316357748138,0.4615983393876492,96.79876032264049,0.5295883446046856,0.12652758911123685,0.0654584555055642,0.02224008882231918,0.0005471564925725709,0.001054037164485014,-0.0006486067750226252,67.0,92.0,0.7282608695652174
WE00011---A011--PO01--LO001--CO6--SL001--PX32500--PW0100--IN0020--TM282--X104554--Y011163--Z211255--T2255713018.png,WE00011---A011--PO01--LO001--CO6--SL001--PX32500--PW0100--IN0020--TM282--X104554--Y011163--Z211255--T2255713018,WE00011---A011--PO01--LO001--CO6--SL001--PX32500--PW0100--IN0020--TM282--X104554--Y011163--Z211255--T2255713018,4804.0,6215.0,500.79393923934,239.48428745665703,32.21668632075788,0.47236971484759094,0.9909101644962792,0.772968624296058,227.16733920174352,0.7596617248141243,0.5367836376706081,0.15927934919915893,0.13882106253304283,0.02064213230568765,0.10157864273889772,-0.00012704395737002036,226.0,45.0,5.022222222222222
WE00011---A011--PO01--LO001--CO6--SL001--PX32500--PW0100--IN0020--TM282--X104554--Y011163--Z214537--T2349954322.png,WE00011---A011--PO01--LO001--CO6--SL001--PX32500--PW0100--IN0020--TM282--X104554--Y011163--Z214537--T2349954322,WE00011---A011--PO01--LO001--CO6--SL001--PX32500--PW0100--IN0020--TM282--X104554--Y011163--Z214537--T2349954322,2477.0,3901.0,321.56349186104046,99.09819316122443,54.430247065955164,0.38296227581941866,0.8356543426043538,0.6349653934888491,93.86160024205851,0.32254500614352716,0.029941783356216195,0.013208192071476891,0.002244586202388217,2.4204793094480632e-06,-0.00012764996289289847,-1.1979459464290682e-05,84.0,77.0,1.0909090909090908
WE00011---A011--PO01--LO001--CO6--SL001--PX32500--PW0100--IN0020--TM283--X104554--Y011163--Z214377--T2859164789.png,WE00011---A011--PO01--LO001--CO6--SL001--PX32500--PW0100--IN0020--TM283--X104554--Y011163--Z214377--T2859164789,WE00011---A011--PO01--LO001--CO6--SL001--PX32500--PW0100--IN0020--TM283--X104554--Y011163--Z214377--T2859164789,3158.0,5145.0,380.50461735799473,107.50155130040496,69.27112623535449,0.5047953964194374,0.7647111139407743,0.6137998056365404,93.94147114027967,0.3236833530301618,0.017888928041263207,0.006184023165989146,0.0033044840995925997,1.0854178268044298e-05,-1.1391782709033383e-05,-1.0263002385741817e-05,68.0,92.0,0.7391304347826086
WE00011---A011--PO01--LO001--CO6--SL002--PX32500--PW0100--IN0020--TM282--X104554--Y011163--Z211105--T2255713212.png,WE00011---A011--PO01--LO001--CO6--SL002--PX32500--PW0100--IN0020--TM282--X104554--Y011163--Z211105--T2255713212,WE00011---A011--PO01--LO001--CO6--SL002--PX32500--PW0100--IN0020--TM282--X104554--Y011163--Z211105--T2255713212,4797.0,6300.0,502.45079348883235,239.43079460102328,32.2094171307447,0.4614274721046556,0.9909102059159951,0.7614285714285715,227.16733920174352,0.7604303725659229,0.5378706303802364,0.16205165471325714,0.14141062808076366,0.02140630841995186,0.10357903000356813,-0.00013020219828843802,226.0,46.0,4.913043478260869
WE00011---A011--PO01--LO001--CO6--SL003--PX32500--PW0100--IN0020--TM282--X104554--Y011163--Z210955--T2255713384.png,WE00011---A011--PO01--LO001--CO6--SL003--PX32500--PW0100--IN0020--TM282--X104554--Y011163--Z210955--T2255713384,WE00011---A011--PO01--LO001--CO6--SL003--PX32500--PW0100--IN0020--TM282--X104554--Y011163--Z210955--T2255713384,4786.0,6177.0,501.03657992645924,238.94542912236307,32.15444768520097,0.4705998033431662,0.9909043390997265,0.7748097782094868,227.16733920174352,0.7590998041737692,0.5359650560259894,0.158685782336666,0.1383069550468707,0.020489295671602438,0.10112797062328324,-0.00012443604903847154,226.0,45.0,5.022222222222222
WE00012---A012--PO01--LO001--CO6--SL001--PX32500--PW0100--IN0020--TM250--X113563--Y011163--Z210670--T2937049129.png,WE00012---A012--PO01--LO001--CO6--SL001--PX32500--PW0100--IN0020--TM250--X113563--Y011163--Z210670--T2937049129,WE00012---A012--PO01--LO001--CO6--SL001--PX32500--PW0100--IN0020--TM250--X113563--Y011163--Z210670--T2937049129,3334.0,5550.0,383.1614716074871,132.83802647852593,56.021704180329486,0.4635706340378198,0.9067217292406635,0.6007207207207207,118.66338946785567,0.3896290607749306,0.07396301346839168,0.011989228490679512,0.00552329945327147,4.0317228707974475e-05,0.0007082313494900596,-1.9866726726940686e-05,116.0,62.0,1.8709677419354838
WE00012---A012--PO01--LO001--CO6--SL001--PX32500--PW0100--IN0020--TM257--X113563--Y011163--Z211773--T2925059673.png,WE00012---A012--PO01--LO001--CO6--SL001--PX32500--PW0100--IN0020--TM257--X113563--Y011163--Z211773--T2925059673,WE00012---A012--PO01--LO001--CO6--SL001--PX32500--PW0100--IN0020--TM257--X113563--Y011163--Z211773--T2925059673,5172.0,6542.0,543.8477631085024,256.5199338328725,29.669602238509913,0.3278813236972233,0.9932886325136854,0.7905839192907368,245.47301277329856,0.8058145029801416,0.615501818495861,0.13055296643050507,0.1186429914241965,0.014765754169421635,0.0929963968068214,2.95712157008755e-05,239.0,66.0,3.621212121212121
WE00012---A012--PO01--LO001--CO6--SL001--PX32500--PW0100--IN0020--TM263--X113563--Y011163--Z210383--T2842807722.png,WE00012---A012--PO01--LO001--CO6--SL001--PX32500--PW0100--IN0020--TM263--X113563--Y011163--Z210383--T2842807722,WE00012---A012--PO01--LO001--CO6--SL001--PX32500--PW0100--IN0020--TM263--X113563--Y011163--Z210383--T2842807722,2735.0,3345.0,314.49242404917493,78.7238456336189,55.56903867572961,0.6058927780239256,0.7083383932946652,0.8176382660687593,76.89603370785778,0.21218834393717068,0.005049329427497403,0.0005595542277638949,0.00012190299384726367,2.58330626821765e-08,-2.118419287867083e-06,-1.860904363161746e-08,61.0,74.0,0.8243243243243243
WE00012---A012--PO01--LO001--CO6--SL001--PX32500--PW0100--IN0020--TM266--X113563--Y011163--Z216571--T2944994317.png,WE00012---A012--PO01--LO001--CO6--SL001--PX32500--PW0100--IN0020--TM266--X113563--Y011163--Z216571--T2944994317,WE00012---A012--PO01--LO001--CO6--SL001--PX32500--PW0100--IN0020--TM266--X113563--Y011163--Z216571--T2944994317,4743.0,5746.0,437.22748878546923,206.30436603916894,35.041730220084766,0.2413003663003663,0.9854691472276829,0.8254437869822485,192.62658175859323,0.5770268593669698,0.29666040821781287,0.05051175537335779,0.04003376292473101,0.0018002253910291731,0.021796586796038644,-1.1568707882363399e-05,156.0,126.0,1.2380952380952381
WE00012---A012--PO01--LO001--CO6--SL001--PX32500--PW0100--IN0020--TM277--X113563--Y011163--Z210275--T2850930065.png,WE00012---A012--PO01--LO001--CO6--SL001--PX32500--PW0100--IN0020--TM277--X113563--Y011163--Z210275--T2850930065,WE00012---A012--PO01--LO001--CO6--SL001--PX32500--PW0100--IN0020--TM277--X113563--Y011163--Z210275--T2850930065,4533.0,6191.0,527.6295090390225,250.100815683117,30.695579052203758,0.20493693204936933,0.992439748422013,0.7321918914553384,235.28068344001383,0.875422410361661,0.7215486675804674,0.25883840627470645,0.22995409443649514,0.05610004093480861,0.19470107409197773,-0.00043241148542502543,219.0,101.0,2.1683168316831685
WE00012---A012--PO01--LO001--CO6--SL001--PX32500--PW0100--IN0020--TM278--X113563--Y011163--Z213461--T2335393208.png,WE00012---A012--PO01--LO001--CO6--SL001--PX32500--PW0100--IN0020--TM278--X113563--Y011163--Z213461--T2335393208,WE00012---A012--PO01--LO001--CO6--SL001--PX32500--PW0100--IN0020--TM278--X113563--Y011163--Z213461--T2335393208,3589.0,6532.0,430.0904037956216,182.64741631768064,53.23054790278474,0.2347592883307169,0.9565894693505019,0.5494488671157379,171.14321488157222,0.6302864641535736,0.28259835740054967,0.13055417886045595,0.05917911230248008,0.004943615759547887,0.021507558085534402,-0.0016182365876109487,147.0,104.0,1.4134615384615385
WE00012---A012--PO01--LO001--CO6--SL001--PX32500--PW0100--IN0020--TM279--X113563--Y011163--Z211686--T2672773718.png,WE00012---A012--PO01--LO001--CO6--SL001--PX32500--PW0100--IN0020--TM279--X113563--Y011163--Z211686--T2672773718,WE00012---A012--PO01--LO001--CO6--SL001--PX32500--PW0100--IN0020--TM279--X113563--Y011163--Z211686--T2672773718,3655.0,6435.0,402.9249275747777,117.6432093508655,74.26197374128529,0.4195362718089991,0.7755815109771184,0.567987567987568,102.69371937952194,0.3309638414897899,0.020265742336801108,0.007389693659743067,0.0038310990144686825,1.1815051228903577e-05,-8.053384856601205e-05,1.6611110628821758e-05,99.0,88.0,1.125
WE00012---A012--PO01--LO001--CO6--SL001--PX32500--PW0100--IN0020--TM280--X113563--Y011163--Z208993--T2253095800.png,WE00012---A012--PO01--LO001--CO6--SL001--PX32500--PW0100--IN0020--TM280--X113563--Y011163--Z208993--T2253095800,WE00012---A012--PO01--LO001--CO6--SL001--PX32500--PW0100--IN0020--TM280--X113563--Y011163--Z208993--T2253095800,4353.0,5798.0,473.0365799264593,220.32958392210742,31.179175711349902,0.5289828654757565,0.9899366080322175,0.7507761296998965,211.4000946073582,0.7109646587027368,0.4665556971308675,0.13703204970993207,0.1196108681841689,0.015312940395731136,0.08147925955198777,9.551810514047895e-05,211.0,39.0,5.410256410256411
WE00012---A012--PO01--LO001--CO6--SL001--PX32500--PW0100--IN0020--TM280--X113563--Y011163--Z209755--T2248376885.png,WE00012---A012--PO01--LO001--CO6--SL001--PX32500--PW0100--IN0020--TM280--X113563--Y011163--Z209755--T2248376885,WE00012---A012--PO01--LO001--CO6--SL001--PX32500--PW0100--IN0020--TM280--X113563--Y011163--Z209755--T2248376885,4660.0,6285.0,488.350288425444,227.48560568585808,32.52643750341447,0.5319634703196348,0.9897252314387865,0.741447891805887,219.27608168699112,0.7082573756830102,0.46223460511358017,0.11366998641912472,0.09875605529096611,0.010462366389785701,0.06665287002637353,0.0001394619179103753,219.0,40.0,5.475
WE00012---A012--PO01--LO001--CO6--SL001--PX32500--PW0100--IN0020--TM280--X113563--Y011163--Z211281--T2686845508.png,WE00012---A012--PO01--LO001--CO6--SL001--PX32500--PW0100--IN0020--TM280--X113563--Y011163--Z211281--T2686845508,WE00012---A012--PO01--LO001--CO6--SL001--PX32500--PW0100--IN0020--TM280--X113563--Y011163--Z211281--T2686845508,5116.0,6641.0,503.9005409571382,229.64850940071116,33.687374449510074,0.5030481809242872,0.9891823614411493,0.7703659087486824,226.37358503146962,0.6581469540078924,0.39742843916013887,0.060867935114346246,0.049040976649092315,0.0026785407639275446,0.030154159807779517,6.672005412136753e-05,226.0,45.0,5.022222222222222
WE00012---A012--PO01--LO001--CO6--SL001--PX32500--PW0100--IN0020--TM281--X113563--Y011163--Z211839--T2360521150.png,WE00012---A012--PO01--LO001--CO6--SL001--PX32500--PW0100--IN0020--TM281--X113563--Y011163--Z211839--T2360521150,WE00012---A012--PO01--LO001--CO6--SL001--PX32500--PW0100--IN0020--TM281--X113563--Y011163--Z211839--T2360521150,3462.0,6124.0,388.43354954612926,146.14938035874317,53.583117097610796,0.307187222715173,0.93036583549253,0.5653167864141084,141.8238343861849,0.43744208219852787,0.11140606566452564,0.02426532378853073,0.013743872523798247,0.0002416478206379806,0.002629265754959157,-6.784098452515143e-05,98.0,115.0,0.8521739130434782
WE00012---A012--PO01--LO001--CO6--SL001--PX32500--PW0100--IN0020--TM282--X113563--Y011163--Z213137--T2350035928.png,WE00012---A012--PO01--LO001--CO6--SL001--PX32500--PW0100--IN0020--TM282--X113563--Y011163--Z213137--T2350035928,WE00012---A012--PO01--LO001--CO6--SL001--PX32500--PW0100--IN0020--TM282--X113563--Y011163--Z213137--T2350035928,3500.0,5989.0,420.2081528017131,127.39777608871832,73.14648945093494,0.3995433789954338,0.8187443168556913,0.5844047420270496,127.81236246936366,0.38536789770262403,0.03774544302177423,0.027727613863923695,0.011062301886786,0.00017696657139616164,0.001827849444086535,-7.886013702183823e-05,120.0,73.0,1.643835616438356
WE00012---A012--PO01--LO001--CO6--SL001--PX32500--PW0100--IN0020--TM283--X113563--Y011163--Z210377--T2859246319.png,WE00012---A012--PO01--LO001--CO6--SL001--PX32500--PW0100--IN0020--TM283--X113563--Y011163--Z210377--T2859246319,WE00012---A012--PO01--LO001--CO6--SL001--PX32500--PW0100--IN0020--TM283--X113563--Y011163--Z210377--T2859246319,2817.0,5107.0,364.8772003600252,100.72668322202252,67.72058342150386,0.44125939849624063,0.7402604635174206,0.5515958488349324,88.72992730753249,0.32685352617719504,0.015216076886774904,0.004133552045150195,0.003663188392405074,1.1155172806074016e-05,-0.00016271931911486815,8.874208602413804e-06,76.0,84.0,0.9047619047619048
WE00013---B012--PO01--LO001--CO6--SL001--PX32500--PW0100--IN0020--TM250--X113563--Y020134--Z211070--T2937130342.png,WE00013---B012--PO01--LO001--CO6--SL001--PX32500--PW0100--IN0020--TM250--X113563--Y020134--Z211070--T2937130342,WE00013---B012--PO01--LO001--CO6--SL001--PX32500--PW0100--IN0020--TM250--X113563--Y020134--Z211070--T2937130342,2576.0,4856.0,343.56349186104046,127.89923743234105,47.852005394233245,0.32,0.9273729131323089,0.5304777594728172,119.64113005150027,0.452446364422168,0.11650854131995869,0.03456421224059468,0.01742795991686362,0.0003976597091688661,0.0027209891090155367,0.0001575786778608256,115.0,70.0,1.6428571428571428
WE00013---B012--PO01--LO001--CO6--SL001--PX32500--PW0100--IN0020--TM257--X113563--Y020134--Z211773--T2925140647.png,WE00013---B012--PO01--LO001--CO6--SL001--PX32500--PW0100--IN0020--TM257--X113563--Y020134--Z211773--T2925140647,WE00013---B012--PO01--LO001--CO6--SL001--PX32500--PW0100--IN0020--TM257--X113563--Y020134--Z211773--T2925140647,4479.0,5991.0,518.936074863071,246.06974076710932,29.681616167853118,0.4518765133171913,0.9926984159258512,0.7476214321482223,237.53947040439405,0.8572130450369523,0.6932662724177203,0.24387833318113655,0.22170551695886898,0.051551309045325185,0.18395223188614124,0.0003777889552586365,236.0,42.0,5.619047619047619
WE00013---B012--PO01--LO001--CO6--SL001--PX32500--PW0100--IN0020--TM263--X113563--Y020134--Z213583--T2842888996.png,WE00013---B012--PO01--LO001--CO6--SL001--PX32500--PW0100--IN0020--TM263--X113563--Y020134--Z213583--T2842888996,WE00013---B012--PO01--LO001--CO6--SL001--PX32500--PW0100--IN0020--TM263--X113563--Y020134--Z213583--T2842888996,2909.0,5750.0,385.06096654409873,111.19992580442006,70.71980468010779,0.3430424528301887,0.7717138704788384,0.5059130434782608,107.68936809174804,0.3731246621025508,0.02503316758201858,0.013365887298151191,0.013732409112030039,0.0001793019656065566,0.0011433264627354204,-4.9635730049281886e-05,80.0,106.0,0.7547169811320755
WE00013---B012--PO01--LO001--CO6--SL001--PX32500--PW0100--IN0020--TM266--X113563--Y020134--Z211171--T2945075474.png,WE00013---B012--PO01--LO001--CO6--SL001--PX32500--PW0100--IN0020--TM266--X113563--Y020134--Z211171--T2945075474,WE00013---B012--PO01--LO001--CO6--SL001--PX32500--PW0100--IN0020--TM266--X113563--Y020134--Z211171--T2945075474,4389.0,6203.0,508.5512985522207,244.15689574332455,31.551716793774247,0.4504310344827586,0.9916150088129615,0.7075608576495245,232.13789005675054,0.8630681899585781,0.6967503851614366,0.3078976675803457,0.2726559806481791,0.07899919187319554,0.22743864120468613,0.0002981634510656672,232.0,42.0,5.523809523809524
WE00013---B012--PO01--LO001--CO6--SL001--PX32500--PW0100--IN0020--TM277--X113563--Y020134--Z211675--T2851011864.png,WE00013---B012--PO01--LO001--CO6--SL001--PX32500--PW0100--IN0020--TM277--X113563--Y020134--Z211675--T2851011864,WE00013---B012--PO01--LO001--CO6--SL001--PX32500--PW0100--IN0020--TM277--X113563--Y020134--Z211675--T2851011864,3700.0,4856.0,460.89444430272835,219.87266877697775,28.50948227649783,0.48709847288046343,0.9915580417927253,0.7619439868204283,211.3409567499873,0.8303510313308196,0.6446353872294884,0.2252268066821975,0.1982850160422633,0.041902296247950235,0.15892697134076458,0.00023895921120597324,211.0,36.0,5.861111111111111
WE00013---B012--PO01--LO001--CO6--SL001--PX32500--PW0100--IN0020--TM278--X113563--Y020134--Z212261--T2335475800.png,WE00013---B012--PO01--LO001--CO6--SL001--PX32500--PW0100--IN0020--TM278--X113563--Y020134--Z212261--T2335475800,WE00013---B012--PO01--LO001--CO6--SL001--PX32500--PW0100--IN0020--TM278--X113563--Y020134--Z212261--T2335475800,3552.0,5514.0,356.2914139223983,114.21224207376198,69.46826431077736,0.48175776481757765,0.793754448209912,0.6441784548422198,102.42070103255493,0.31444038544952885,0.020912667741115488,0.012018373434584121,0.0021387196542824545,-3.5749135366016694e-06,-0.0002463859011114831,1.0236840600626288e-05,101.0,73.0,1.3835616438356164
WE00013---B012--PO01--LO001--CO6--SL001--PX32500--PW0100--IN0020--TM279--X113563--Y020134--Z213486--T2672856272.png,WE00013---B012--PO01--LO001--CO6--SL001--PX32500--PW0100--IN0020--TM279--X113563--Y020134--Z213486--T2672856272,WE00013---B012--PO01--LO001--CO6--SL001--PX32500--PW0100--IN0020--TM279--X113563--Y020134--Z213486--T2672856272,3271.0,4762.0,308.97770542341357,107.47981805118461,56.498624667990796,0.5495631720430108,0.8506902493781753,0.6868962620747585,95.12623192369179,0.28171824131936424,0.025514816921823075,0.004977112954783858,0.0011180173644061175,-7.012913319670299e-07,-0.000121846822551517,-2.54236248483636e-06,93.0,64.0,1.453125
WE00013---B012--PO01--LO001--CO6--SL001--PX32500--PW0100--IN0020--TM280--X113563--Y020134--Z208205--T2248435018.png,WE00013---B012--PO01--LO001--CO6--SL001--PX32500--PW0100--IN0020--TM280--X113563--Y020134--Z208205--T2248435018,WE00013---B012--PO01--LO001--CO6--SL001--PX32500--PW0100--IN0020--TM280--X113563--Y020134--Z208205--T2248435018,4535.0,6332.0,472.8355697996826,214.48761646875911,35.18591860923037,0.4616715870915199,0.9864526257267496,0.7162034112444725,210.05237442123808,0.6510885679000123,0.3806442526599881,0.08152184833668398,0.061573826842577874,0.004357463286686253,0.03610616757767952,0.000208688301774531,209.0,47.0,4.446808510638298
WE00013---B012--PO01--LO001--CO6--SL001--PX32500--PW0100--IN0020--TM280--X113563--Y020134--Z210443--T2253154040.png,WE00013---B012--PO01--LO001--CO6--SL001--PX32500--PW0100--IN0020--TM280--X113563--Y020134--Z210443--T2253154040,WE00013---B012--PO01--LO001--CO6--SL001--PX32500--PW0100--IN0020--TM280--X113563--Y020134--Z210443--T2253154040,4963.0,6534.0,546.2497833620557,259.9127987873757,29.32190267367058,0.48628257887517146,0.9936160799970456,0.7595653504744414,245.3670719554684,0.8615559760967543,0.7054343326537786,0.17795954942963413,0.1606995946232668,0.0271755105272902,0.13443452148222024,-0.0001318164450617278,243.0,42.0,5.785714285714286
WE00013---B012--PO01--LO001--CO6--SL001--PX32500--PW0100--IN0020--TM280--X113563--Y020134--Z210681--T2686927965.png,WE00013---B012--PO01--LO001--CO6--SL001--PX32500--PW0100--IN0020--TM280--X113563--Y020134--Z210681--T2686927965,WE00013---B012--PO01--LO001--CO6--SL001--PX32500--PW0100--IN0020--TM280--X113563--Y020134--Z210681--T2686927965,4800.0,6581.0,515.8650070512055,239.81413933676967,31.6359406832557,0.5444646098003629,0.9912605552007814,0.7293724358000304,232.07757323791543,0.7618704969889329,0.541412153615972,0.11684811875284483,0.09840112206490706,0.010549407612357894,0.0709505216485164,-0.00020610032795334837,232.0,38.0,6.105263157894737
WE00013---B012--PO01--LO001--CO6--SL001--PX32500--PW0100--IN0020--TM282--X113563--Y020134--Z213137--T2350117198.png,WE00013---B012--PO01--LO001--CO6--SL001--PX32500--PW0100--IN0020--TM282--X113563--Y020134--Z213137--T2350117198,WE00013---B012--PO01--LO001--CO6--SL001--PX32500--PW0100--IN0020--TM282--X113563--Y020134--Z213137--T2350117198,2725.0,3854.0,304.73506473629425,91.12922145794957,56.53007981775136,0.5240384615384616,0.7843418836391609,0.7070576024909185,83.24061508662703,0.2637657093516824,0.01373027667799828,0.0018281983211510364,0.0008838239872032,1.030954881907208e-06,-2.3041529963886535e-06,-4.464416915291493e-07,80.0,65.0,1.2307692307692308
WE00013---B012--PO01--LO001--CO6--SL001--PX32500--PW0100--IN0020--TM282--X113563--Y020134--Z216839--T2360602328.png,WE00013---B012--PO01--LO001--CO6--SL001--PX32500--PW0100--IN0020--TM282--X113563--Y020134--Z216839--T2360602328,WE00013---B012--PO01--LO001--CO6--SL001--PX32500--PW0100--IN0020--TM282--X113563--Y020134--Z216839--T2360602328,3021.0,6092.0,384.9604614807104,124.8008356928219,70.26668335432478,0.3540787623066104,0.8264360822342204,0.4958962573867367,109.17875251164945,0.4243763525993809,0.04843570651697095,0.02787597432149956,0.013358296916394204,0.00021445386269046526,0.00027837648020380456,0.00014303061874441838,79.0,108.0,0.7314814814814815
WE00013---B012--PO01--LO001--CO6--SL001--PX32500--PW0100--IN0020--TM283--X113563--Y020134--Z209977--T2859327850.png,WE00013---B012--PO01--LO001--CO6--SL001--PX32500--PW0100--IN0020--TM283--X113563--Y020134--Z209977--T2859327850,WE00013---B012--PO01--LO001--CO6--SL001--PX32500--PW0100--IN0020--TM283--X113563--Y020134--Z209977--T2859327850,3603.0,8499.0,471.84776310850236,180.50896197713755,66.51142795923417,0.2663364872856298,0.9296411967465016,0.4239322273208613,155.92626462530293,0.6419521128788523,0.23860966444081075,0.05465612761238459,0.027363349779990935,0.0009948037556973036,0.0018577573673503344,-0.00036080663273735397,152.0,89.0,1.7078651685393258
WE00014---B011--PO01--LO001--CO6--SL001--PX32500--PW0100--IN0020--TM250--X104554--Y020134--Z211070--T2937210545.png,WE00014---B011--PO01--LO001--CO6--SL001--PX32500--PW0100--IN0020--TM250--X104554--Y020134--Z211070--T2937210545,WE00014---B011--PO01--LO001--CO6--SL001--PX32500--PW0100--IN0020--TM250--X104554--Y020134--Z211070--T2937210545,3121.0,4327.0,331.3624817342638,96.94972240700886,62.37408101229597,0.5605244252873564,0.7655593859578534,0.7212849549341345,88.84255736976509,0.2661361474071719,0.012169544376907837,0.0015994436428411708,0.00046475004255467977,4.379231679961518e-08,-3.445945959555579e-05,3.9829448655674795e-07,64.0,87.0,0.735632183908046
WE00014---B011--PO01--LO001--CO6--SL001--PX32500--PW0100--IN0020--TM257--X104554--Y020134--Z214773--T2925221033.png,WE00014---B011--PO01--LO001--CO6--SL001--PX32500--PW0100--IN0020--TM257--X104554--Y020134--Z214773--T2925221033,WE00014---B011--PO01--LO001--CO6--SL001--PX32500--PW0100--IN0020--TM257--X104554--Y020134--Z214773--T2925221033,4118.0,5433.0,501.26197667087547,231.29764938604447,28.379338342304052,0.2623598369011213,0.9924442790778087,0.7579606110804343,225.58368735349637,0.8241863382748987,0.6395827724113016,0.22035074810962452,0.20099634387975016,0.042299112163889666,0.16029016992876932,-0.0002607158246145762,218.0,72.0,3.0277777777777777
WE00014---B011--PO01--LO001--CO6--SL001--PX32500--PW0100--IN0020--TM263--X104554--Y020134--Z213383--T2842969569.png,WE00014---B011--PO01--LO001--CO6--SL001--PX32500--PW0100--IN0020--TM263--X104554--Y020134--Z213383--T2842969569,WE00014---B011--PO01--LO001--CO6--SL001--PX32500--PW0100--IN0020--TM263--X104554--Y020134--Z213383--T2842969569,3338.0,4181.0,298.9360748630709,118.40800387144915,41.375755844588824,0.49628308058281295,0.9369610645730317,0.7983735948337718,117.881296226331,0.2945702619931872,0.05311262740521146,0.004264634666754336,0.001206246997535829,2.2552138586577746e-06,0.00012175240740601152,-1.5488670551952277e-06,59.0,114.0,0.5175438596491229
WE00014---B011--PO01--LO001--CO6--SL001--PX32500--PW0100--IN0020--TM267--X104554--Y020134--Z211371--T2945156489.png,WE00014---B011--PO01--LO001--CO6--SL001--PX32500--PW0100--IN0020--TM267--X104554--Y020134--Z211371--T2945156489,WE00014---B011--PO01--LO001--CO6--SL001--PX32500--PW0100--IN0020--TM267--X104554--Y020134--Z211371--T2945156489,4608.0,6155.0,491.32085117392114,223.20288658324907,32.62112940724741,0.44564796905222437,0.9892624229411686,0.748659626320065,221.53103620034824,0.6901538989651032,0.43730090105023095,0.11181683421903649,0.09646327588355667,0.01001729221037549,0.06319535268604758,0.00014622247692061986,220.0,47.0,4.680851063829787
WE00014---B011--PO01--LO001--CO6--SL001--PX32500--PW0100--IN0020--TM277--X104554--Y020134--Z215475--T2851093939.png,WE00014---B011--PO01--LO001--CO6--SL001--PX32500--PW0100--IN0020--TM277--X104554--Y020134--Z215475--T2851093939,WE00014---B011--PO01--LO001--CO6--SL001--PX32500--PW0100--IN0020--TM277--X104554--Y020134--Z215475--T2851093939,4848.0,5845.0,529.3624817342637,252.40870082843773,28.295526076061158,0.30337922403003753,0.9936967023991861,0.8294268605645851,240.9024698918631,0.831667556851032,0.6577600504048159,0.13986829163387451,0.12731150736785418,0.016988693244216937,0.10322097146473583,3.911179543871629e-05,235.0,68.0,3.4558823529411766
WE00014---B011--PO01--LO001--CO6--SL001--PX32500--PW0100--IN0020--TM278--X104554--Y020134--Z212461--T2335558337.png,WE00014---B011--PO01--LO001--CO6--SL001--PX32500--PW0100--IN0020--TM278--X104554--Y020134--Z212461--T2335558337,WE00014---B011--PO01--LO001--CO6--SL001--PX32500--PW0100--IN0020--TM278--X104554--Y020134--Z212461--T2335558337,3461.0,7016.0,468.07315985291854,155.9232719410502,74.46267955723698,0.30295868347338933,0.8785992717624037,0.49330102622576966,130.6981254647518,0.5391642115654155,0.11485871420389115,0.044689092465749314,0.006427933309195063,-4.356498276536953e-05,-0.0020103258385813358,9.985556096098349e-05,96.0,119.0,0.8067226890756303
WE00014---B011--PO01--LO001--CO6--SL001--PX32500--PW0100--IN0020--TM279--X104554--Y020134--Z210486--T2672938850.png,WE00014---B011--PO01--LO001--CO6--SL001--PX32500--PW0100--IN0020--TM279--X104554--Y020134--Z210486--T2672938850,WE00014---B011--PO01--LO001--CO6--SL001--PX32500--PW0100--IN0020--TM279--X104554--Y020134--Z210486--T2672938850,3210.0,5932.0,390.53405460951757,147.31653331707645,41.05022319439091,0.34898891063274623,0.9603917924418764,0.5411328388401888,130.77079184588584,0.455359848381437,0.15189717296136862,0.014536534051403628,0.01592300448864189,0.00024144124531636548,0.005984374571243119,-1.9806969282809865e-05,126.0,73.0,1.726027397260274
WE00014---B011--PO01--LO001--CO6--SL001--PX32500--PW0100--IN0020--TM280--X104554--Y020134--Z208355--T2248493037.png,WE00014---B011--PO01--LO001--CO6--SL001--PX32500--PW0100--IN0020--TM280--X104554--Y020134--Z208355--T2248493037,WE00014---B011--PO01--LO001--CO6--SL001--PX32500--PW0100--IN0020--TM280--X104554--Y020134--Z208355--T2248493037,4949.0,8131.0,537.4629867976521,234.0598028297068,44.86781110779998,0.30651554564598044,0.9814547825513164,0.6086582216209568,238.47851056227267,0.7172801547571028,0.4441336194002433,0.23685569153180863,0.1988708823242574,0.043136913952759856,0.12666489347708956,0.0014630357233011287,234.0,69.0,3.391304347826087
WE00014---B011--PO01--LO001--CO6--SL001--PX32500--PW0100--IN0020--TM280--X104554--Y020134--Z211043--T2253211963.png,WE00014---B011--PO01--LO001--CO6--SL001--PX32500--PW0100--IN0020--TM280--X104554--Y020134--Z211043--T2253211963,WE00014---B011--PO01--LO001--CO6--SL001--PX32500--PW0100--IN0020--TM280--X104554--Y020134--Z211043--T2253211963,5553.0,7169.0,558.4507934888323,270.2092394480951,31.306023868707516,0.5686053655539627,0.9932657345257723,0.7745850188310782,257.2800031094527,0.8328054679180857,0.657305524025607,0.17468122855483104,0.15865370091187592,0.026411806536342473,0.12855304098258705,3.2182525706063274e-05,257.0,38.0,6.7631578947368425
WE00014---B011--PO01--LO001--CO6--SL001--PX32500--PW0100--IN0020--TM280--X104554--Y020134--Z214281--T2687010414.png,WE00014---B011--PO01--LO001--CO6--SL001--PX32500--PW0100--IN0020--TM280--X104554--Y020134--Z214281--T2687010414,WE00014---B011--PO01--LO001--CO6--SL001--PX32500--PW0100--IN0020--TM280--X104554--Y020134--Z214281--T2687010414,4724.0,6325.0,519.3208511739211,243.28358925691498,31.069113938749865,0.3754570020664441,0.991811887773311,0.7468774703557313,235.61409125941512,0.7958323804332442,0.5933470020808643,0.15412854337436785,0.13369484711363616,0.01918970843126437,0.10187677621734564,0.00027676524576746367,233.0,54.0,4.314814814814815
WE00014---B011--PO01--LO001--CO6--SL001--PX32500--PW0100--IN0020--TM282--X104554--Y020134--Z208655--T2255771042.png,WE00014---B011--PO01--LO001--CO6--SL001--PX32500--PW0100--IN0020--TM282--X104554--Y020134--Z208655--T2255771042,WE00014---B011--PO01--LO001--CO6--SL001--PX32500--PW0100--IN0020--TM282--X104554--Y020134--Z208655--T2255771042,5250.0,6647.0,560.9360748630709,267.98073232110823,32.23980272482332,0.49824428205371546,0.992736805571308,0.7898299984955619,257.8565492672234,0.8672985449415831,0.7098918669426139,0.27748709672505484,0.2503218421169159,0.06597330536161872,0.21086184080656792,-0.00015969129145316195,257.0,41.0,6.2682926829268295
WE00014---B011--PO01--LO001--CO6--SL001--PX32500--PW0100--IN0020--TM282--X104554--Y020134--Z212937--T2350197806.png,WE00014---B011--PO01--LO001--CO6--SL001--PX32500--PW0100--IN0020--TM282--X104554--Y020134--Z212937--T2350197806,WE00014---B011--PO01--LO001--CO6--SL001--PX32500--PW0100--IN0020--TM282--X104554--Y020134--Z212937--T2350197806,2929.0,4886.0,336.97770542341357,101.25265072415695,65.11118326050953,0.4165837007538046,0.7658186699872572,0.5994678673761769,100.18482919085105,0.3092259615963593,0.016460790857213827,0.011698384327446621,0.002427636242154691,-2.3568593263553975e-06,-0.00023687135126537545,-1.2720647378210467e-05,79.0,89.0,0.8876404494382022
WE00014---B011--PO01--LO001--CO6--SL001--PX32500--PW0100--IN0020--TM282--X104554--Y020134--Z217239--T2360683865.png,WE00014---B011--PO01--LO001--CO6--SL001--PX32500--PW0100--IN0020--TM282--X104554--Y020134--Z217239--T2360683865,WE00014---B011--PO01--LO001--CO6--SL001--PX32500--PW0100--IN0020--TM282--X104554--Y020134--Z217239--T2360683865,2615.0,5381.0,376.25588001646554,112.60345092465296,67.3623454900067,0.3739988558352403,0.8013272099646017,0.4859691507154804,95.77055915050303,0.41150149976232675,0.03786718398208389,0.00957390149336338,0.008750006757269151,7.957267820712128e-05,-1.4170934998464701e-05,9.053716459483198e-06,76.0,92.0,0.8260869565217391
WE00014---B011--PO01--LO001--CO6--SL001--PX32500--PW0100--IN0020--TM283--X104554--Y020134--Z211977--T2859409804.png,WE00014---B011--PO01--LO001--CO6--SL001--PX32500--PW0100--IN0020--TM283--X104554--Y020134--Z211977--T2859409804,WE00014---B011--PO01--LO001--CO6--SL001--PX32500--PW0100--IN0020--TM283--X104554--Y020134--Z211977--T2859409804,3641.0,5966.0,392.77669529663683,169.59394863971366,42.08857646279852,0.44342954573133603,0.968715822696691,0.6102916526986255,161.31026005806325,0.5241272261033141,0.214657297938382,0.04701223311307553,0.03256266759628523,0.0012649455561444525,0.012601755685448125,-0.00015201368450175264,161.0,51.0,3.156862745098039
WE00014---B011--PO01--LO001--CO6--SL002--PX32500--PW0100--IN0020--TM282--X104554--Y020134--Z208505--T2255771243.png,WE00014---B011--PO01--LO001--CO6--SL002--PX32500--PW0100--IN0020--TM282--X104554--Y020134--Z208505--T2255771243,WE00014---B011--PO01--LO001--CO6--SL002--PX32500--PW0100--IN0020--TM282--X104554--Y020134--Z208505--T2255771243,5246.0,6660.0,559.5218613006979,267.85469890247066,32.21005905552536,0.4978646673626269,0.9927434010177798,0.7876876876876877,257.8565492672234,0.8671324298095411,0.7096571384590318,0.2774430529521358,0.2503188679801759,0.06596689551853911,0.21082418730307578,-0.00015893085060986883,257.0,41.0,6.2682926829268295
WE00014---B011--PO01--LO001--CO6--SL003--PX32500--PW0100--IN0020--TM282--X104554--Y020134--Z208355--T2255771375.png,WE00014---B011--PO01--LO001--CO6--SL003--PX32500--PW0100--IN0020--TM282--X104554--Y020134--Z208355--T2255771375,WE00014---B011--PO01--LO001--CO6--SL003--PX32500--PW0100--IN0020--TM282--X104554--Y020134--Z208355--T2255771375,5243.0,6645.0,558.6934341759517,267.50722190192204,32.173981741661095,0.4975799563443105,0.9927408163567278,0.7890142964635064,257.8565492672234,0.8653833548397492,0.7067826447088973,0.27573425852312794,0.24881199315218033,0.06517051007496338,0.20913217858225655,-0.0001537980219315071,257.0,41.0,6.2682926829268295
WE00015---B010--PO01--LO001--CO6--SL001--PX32500--PW0100--IN0020--TM250--X095544--Y020134--Z210470--T2937291966.png,WE00015---B010--PO01--LO001--CO6--SL001--PX32500--PW0100--IN0020--TM250--X095544--Y020134--Z210470--T2937291966,WE00015---B010--PO01--LO001--CO6--SL001--PX32500--PW0100--IN0020--TM250--X095544--Y020134--Z210470--T2937291966,2671.0,4191.0,312.04877323527904,98.89290461312667,57.83430897308754,0.48528343023255816,0.8111648416164908,0.637318062514913,87.13208364316786,0.3071090854833285,0.022673014464047674,0.006068670400895586,0.0017735744433868955,7.373194904145235e-07,-0.00014924725246734358,5.771727736039787e-06,64.0,86.0,0.7441860465116279
WE00015---B010--PO01--LO001--CO6--SL001--PX32500--PW0100--IN0020--TM257--X095544--Y020134--Z211173--T2925301421.png,WE00015---B010--PO01--LO001--CO6--SL001--PX32500--PW0100--IN0020--TM257--X095544--Y020134--Z211173--T2925301421,WE00015---B010--PO01--LO001--CO6--SL001--PX32500--PW0100--IN0020--TM257--X095544--Y020134--Z211173--T2925301421,4560.0,6055.0,511.6223663640862,242.9172890502918,29.646434313407152,0.5244393329499712,0.9925247735759822,0.7530966143682907,235.2126697267815,0.8208295009188894,0.6347891205844604,0.17951382745557248,0.1641358247147941,0.02817351214459,0.13019096854569132,-0.0002182925752115157,235.0,37.0,6.351351351351352
WE00015---B010--PO01--LO001--CO6--SL001--PX32500--PW0100--IN0020--TM263--X095544--Y020134--Z214183--T2843050520.png,WE00015---B010--PO01--LO001--CO6--SL001--PX32500--PW0100--IN0020--TM263--X095544--Y020134--Z214183--T2843050520,WE00015---B010--PO01--LO001--CO6--SL001--PX32500--PW0100--IN0020--TM263--X095544--Y020134--Z214183--T2843050520,3828.0,7237.0,424.43354954612926,143.48930404454978,79.89745295478579,0.31638978427969255,0.8306344055975239,0.5289484593063424,128.00390619039717,0.4403863532499259,0.05379401468135725,0.038026852142796747,0.007366197970655899,1.1139936103996093e-05,-0.0010187294756756637,-0.00012278067859619813,111.0,109.0,1.018348623853211
WE00015---B010--PO01--LO001--CO6--SL001--PX32500--PW0100--IN0020--TM267--X095544--Y020134--Z211771--T2945238150.png,WE00015---B010--PO01--LO001--CO6--SL001--PX32500--PW0100--IN0020--TM267--X095544--Y020134--Z211771--T2945238150,WE00015---B010--PO01--LO001--CO6--SL001--PX32500--PW0100--IN0020--TM267--X095544--Y020134--Z211771--T2945238150,5452.0,7825.0,553.8061325481597,246.264056229943,40.3734890993246,0.44728853884650094,0.9864696643062889,0.696741214057508,241.13274352522097,0.7139123717543768,0.4577068290087095,0.17274285769033326,0.13954867901404047,0.02165813720393207,0.09345177639485733,0.0006017167121763305,239.0,51.0,4.686274509803922
WE00015---B010--PO01--LO001--CO6--SL001--PX32500--PW0100--IN0020--TM277--X095544--Y020134--Z213275--T2851175794.png,WE00015---B010--PO01--LO001--CO6--SL001--PX32500--PW0100--IN0020--TM277--X095544--Y020134--Z213275--T2851175794,WE00015---B010--PO01--LO001--CO6--SL001--PX32500--PW0100--IN0020--TM277--X095544--Y020134--Z213275--T2851175794,4538.0,6091.0,522.3086578651014,259.8778858844934,26.88608978351547,0.5908854166666667,0.9946339658931969,0.7450336562140863,240.53274205396653,0.9401082166653955,0.8467622646280826,0.19564554744343393,0.1812095897320679,0.034119507958410976,0.1664729771310525,0.0001462634936519945,240.0,32.0,7.5
WE00015---B010--PO01--LO001--CO6--SL001--PX32500--PW0100--IN0020--TM278--X095544--Y020134--Z210261--T2335640449.png,WE00015---B010--PO01--LO001--CO6--SL001--PX32500--PW0100--IN0020--TM278--X095544--Y020134--Z210261--T2335640449,WE00015---B010--PO01--LO001--CO6--SL001--PX32500--PW0100--IN0020--TM278--X095544--Y020134--Z210261--T2335640449,4154.0,7757.0,477.88939366884495,216.39952568359334,54.19442916498394,0.3565359196635482,0.9681329209657483,0.5355163078509733,192.62917743685665,0.7487631028617393,0.4361061607931602,0.12374255351613296,0.05896990469935457,0.004836005126363854,0.02604913564875315,0.001410072939388841,191.0,61.0,3.1311475409836067
WE00015---B010--PO01--LO001--CO6--SL001--PX32500--PW0100--IN0020--TM279--X095544--Y020134--Z212086--T2673021557.png,WE00015---B010--PO01--LO001--CO6--SL001--PX32500--PW0100--IN0020--TM279--X095544--Y020134--Z212086--T2673021557,WE00015---B010--PO01--LO001--CO6--SL001--PX32500--PW0100--IN0020--TM279--X095544--Y020134--Z212086--T2673021557,3327.0,5376.0,390.43354954612926,109.89242231036955,70.12456314192998,0.45008116883116883,0.7699368430568111,0.6188616071428571,95.90099061010788,0.31924028473638283,0.018086137439406715,0.005876882137854909,0.0024683136273950528,4.693473624480652e-06,-5.316346549342292e-05,-8.145556190593616e-06,88.0,84.0,1.0476190476190477
WE00015---B010--PO01--LO001--CO6--SL001--PX32500--PW0100--IN0020--TM280--X095544--Y020134--Z209843--T2253270083.png,WE00015---B010--PO01--LO001--CO6--SL001--PX32500--PW0100--IN0020--TM280--X095544--Y020134--Z209843--T2253270083,WE00015---B010--PO01--LO001--CO6--SL001--PX32500--PW0100--IN0020--TM280--X095544--Y020134--Z209843--T2253270083,4912.0,6510.0,533.906637611548,246.08663207356653,31.084852325794348,0.38616352201257864,0.9919899647804298,0.754531490015361,242.25812679866902,0.7828392015653926,0.5749426465044445,0.1639760090664089,0.14792952879444657,0.02303944688409175,0.11207293218028874,-3.197547135336959e-05,240.0,53.0,4.528301886792453
WE00015---B010--PO01--LO001--CO6--SL001--PX32500--PW0100--IN0020--TM280--X095544--Y020134--Z210005--T2248550992.png,WE00015---B010--PO01--LO001--CO6--SL001--PX32500--PW0100--IN0020--TM280--X095544--Y020134--Z210005--T2248550992,WE00015---B010--PO01--LO001--CO6--SL001--PX32500--PW0100--IN0020--TM280--X095544--Y020134--Z210005--T2248550992,3559.0,4459.0,458.8944443027283,219.00451611826654,24.3922460803737,0.4984593837535014,0.9937781345443419,0.7981610226508186,210.85777196963835,0.8527318022801627,0.6919490047768966,0.1627387434053642,0.14862965074224643,0.02311530722102369,0.12341320426534663,9.914883987086065e-05,210.0,34.0,6.176470588235294
WE00015---B010--PO01--LO001--CO6--SL001--PX32500--PW0100--IN0020--TM281--X095544--Y020134--Z211881--T2687092532.png,WE00015---B010--PO01--LO001--CO6--SL001--PX32500--PW0100--IN0020--TM281--X095544--Y020134--Z211881--T2687092532,WE00015---B010--PO01--LO001--CO6--SL001--PX32500--PW0100--IN0020--TM281--X095544--Y020134--Z211881--T2687092532,4792.0,6380.0,515.8650070512055,240.38351418557932,30.876707866709,0.5119658119658119,0.9917162850968418,0.7510971786833855,234.69128658729537,0.7660893804895489,0.54940791909267,0.11878866642785196,0.10260949467388226,0.011327404579244749,0.07516025798136794,-0.00015066709056126264,234.0,40.0,5.85
WE00015---B010--PO01--LO001--CO6--SL001--PX32500--PW0100--IN0020--TM282--X095544--Y020134--Z209337--T2350278878.png,WE00015---B010--PO01--LO001--CO6--SL001--PX32500--PW0100--IN0020--TM282--X095544--Y020134--Z209337--T2350278878,WE00015---B010--PO01--LO001--CO6--SL001--PX32500--PW0100--IN0020--TM282--X095544--Y020134--Z209337--T2350278878,3291.0,4255.0,299.9066376115481,95.96028966746006,57.21088836282666,0.5897849462365592,0.8028408728144922,0.773443008225617,91.0823802938856,0.23703781032221694,0.012705400773973396,0.0027245280199471806,0.0007281272323064565,7.212951147856542e-07,9.100430451592625e-07,-7.290300153535296e-07,62.0,90.0,0.6888888888888889
WE00015---B010--PO01--LO001--CO6--SL001--PX32500--PW0100--IN0020--TM282--X095544--Y020134--Z211839--T2360765373.png,WE00015---B010--PO01--LO001--CO6--SL001--PX32500--PW0100--IN0020--TM282--X095544--Y020134--Z211839--T2360765373,WE00015---B010--PO01--LO001--CO6--SL001--PX32500--PW0100--IN0020--TM282--X095544--Y020134--Z211839--T2360765373,2781.0,3401.0,259.37972567696687,102.92654749722855,38.928438328311664,0.4826449149600833,0.9257174886040331,0.8177006762716847,98.18350166906862,0.2721435070653634,0.04162761719320997,0.0023630266107501087,0.0006670097813419847,6.742909705649656e-07,8.501549060446555e-05,4.965574774953648e-07,86.0,67.0,1.2835820895522387
WE00015---B010--PO01--LO001--CO6--SL001--PX32500--PW0100--IN0020--TM284--X095544--Y020134--Z211177--T2859491646.png,WE00015---B010--PO01--LO001--CO6--SL001--PX32500--PW0100--IN0020--TM284--X095544--Y020134--Z211177--T2859491646,WE00015---B010--PO01--LO001--CO6--SL001--PX32500--PW0100--IN0020--TM284--X095544--Y020134--Z211177--T2859491646,4187.0,8382.0,467.7300141024109,166.52399584457993,78.56202643282637,0.27958066239316237,0.8817184334010038,0.49952278692436175,162.0863967148385,0.5060639059779943,0.10355738811273424,0.08322126232513359,0.02632755384106445,0.0010402463857629599,0.0013102590828548576,0.0006607313356587576,156.0,96.0,1.625
WE00016---B009--PO01--LO001--CO6--SL001--PX32500--PW0100--IN0020--TM250--X086535--Y020134--Z209670--T2937372873.png,WE00016---B009--PO01--LO001--CO6--SL001--PX32500--PW0100--IN0020--TM250--X086535--Y020134--Z209670--T2937372873,WE00016---B009--PO01--LO001--CO6--SL001--PX32500--PW0100--IN0020--TM250--X086535--Y020134--Z209670--T2937372873,2734.0,3324.0,252.6934341759516,82.78830945632225,49.62316436547076,0.6311172668513388,0.8004509902261565,0.822503008423586,78.33900688673555,0.21297463936261668,0.01007808591850259,0.001264899735447837,0.00020303585652358828,-1.4670524965277714e-08,-1.2763446585252576e-05,-1.0184208451332973e-07,76.0,57.0,1.3333333333333333
WE00016---B009--PO01--LO001--CO6--SL001--PX32500--PW0100--IN0020--TM257--X086535--Y020134--Z214973--T2925381636.png,WE00016---B009--PO01--LO001--CO6--SL001--PX32500--PW0100--IN0020--TM257--X086535--Y020134--Z214973--T2925381636,WE00016---B009--PO01--LO001--CO6--SL001--PX32500--PW0100--IN0020--TM257--X086535--Y020134--Z214973--T2925381636,4376.0,5712.0,505.5218613006978,240.83526936616306,28.541758610962283,0.42651072124756334,0.9929526750726875,0.7661064425770309,230.52114870440846,0.840040261587048,0.6671138550448727,0.21926523546915697,0.19911980420974143,0.041605989750442426,0.16246625665544004,-7.560019436274844e-05,228.0,45.0,5.066666666666666
WE00016---B009--PO01--LO001--CO6--SL001--PX32500--PW0100--IN0020--TM263--X086535--Y020134--Z218383--T2843131780.png,WE00016---B009--PO01--LO001--CO6--SL001--PX32500--PW0100--IN0020--TM263--X086535--Y020134--Z218383--T2843131780,WE00016---B009--PO01--LO001--CO6--SL001--PX32500--PW0100--IN0020--TM263--X086535--Y020134--Z218383--T2843131780,3646.0,6188.0,383.50461735799473,140.50078943487497,53.17692917607324,0.4798631218741774,0.9256089151751283,0.5892049127343245,131.4610208388783,0.386866731150922,0.08405274080919199,0.014112390534847268,0.010852256611188877,0.00013276780456068733,0.0019865370574399395,2.0237648198400983e-05,131.0,58.0,2.2586206896551726
WE00016---B009--PO01--LO001--CO6--SL001--PX32500--PW0100--IN0020--TM267--X086535--Y020134--Z210171--T2945319326.png,WE00016---B009--PO01--LO001--CO6--SL001--PX32500--PW0100--IN0020--TM267--X086535--Y020134--Z210171--T2945319326,WE00016---B009--PO01--LO001--CO6--SL001--PX32500--PW0100--IN0020--TM267--X086535--Y020134--Z210171--T2945319326,3670.0,5109.0,462.48023074035524,216.31496057125483,30.45939359519452,0.43483412322274884,0.9900365824271976,0.718340183989039,211.19185590358356,0.8126692238612143,0.6100692038561356,0.30224679241888563,0.26482835466087795,0.07492511470003796,0.2068458409979263,6.377854688146244e-05,211.0,40.0,5.275
WE00016---B009--PO01--LO001--CO6--SL001--PX32500--PW0100--IN0020--TM277--X086535--Y020134--Z210275--T2851257139.png,WE00016---B009--PO01--LO001--CO6--SL001--PX32500--PW0100--IN0020--TM277--X086535--Y020134--Z210275--T2851257139,WE00016---B009--PO01--LO001--CO6--SL001--PX32500--PW0100--IN0020--TM277--X086535--Y020134--Z210275--T2851257139,4312.0,6443.0,545.906637611548,257.3424008389001,31.76481553805872,0.3699382292381606,0.9923527772752876,0.6692534533602359,249.25689559167665,0.9745204483954086,0.8935364668925843,0.49652163821199374,0.44533104513112504,0.20939863931552916,0.41912250178158145,-0.0019941423767336694,248.0,47.0,5.276595744680851
WE00016---B009--PO01--LO001--CO6--SL001--PX32500--PW0100--IN0020--TM278--X086535--Y020134--Z210861--T2335723017.png,WE00016---B009--PO01--LO001--CO6--SL001--PX32500--PW0100--IN0020--TM278--X086535--Y020134--Z210861--T2335723017,WE00016---B009--PO01--LO001--CO6--SL001--PX32500--PW0100--IN0020--TM278--X086535--Y020134--Z210861--T2335723017,4744.0,7788.0,480.65894629054543,192.75766515249316,42.76095395223499,0.247689656972798,0.9750835605336303,0.6091422701592193,200.8033864256278,0.5135963408772375,0.21661306144381764,0.0656145820144648,0.049702644199512556,0.0028348641384962087,0.02200990268605542,-0.0001410851500822281,179.0,107.0,1.6728971962616823
WE00016---B009--PO01--LO001--CO6--SL001--PX32500--PW0100--IN0020--TM279--X086535--Y020134--Z212886--T2673104510.png,WE00016---B009--PO01--LO001--CO6--SL001--PX32500--PW0100--IN0020--TM279--X086535--Y020134--Z212886--T2673104510,WE00016---B009--PO01--LO001--CO6--SL001--PX32500--PW0100--IN0020--TM279--X086535--Y020134--Z212886--T2673104510,3003.0,6447.0,400.9188309203678,151.98160092900412,61.64960884846876,0.29844961240310075,0.914033532964367,0.46579804560260585,133.52153384379613,0.5598376892297756,0.16131024306547276,0.07387085035577873,0.03314577038474577,0.0014428697762137472,0.004515968842874099,-0.0007798453929880768,129.0,78.0,1.6538461538461537
WE00016---B009--PO01--LO001--CO6--SL001--PX32500--PW0100--IN0020--TM280--X086535--Y020134--Z211205--T2248609024.png,WE00016---B009--PO01--LO001--CO6--SL001--PX32500--PW0100--IN0020--TM280--X086535--Y020134--Z211205--T2248609024,WE00016---B009--PO01--LO001--CO6--SL001--PX32500--PW0100--IN0020--TM280--X086535--Y020134--Z211205--T2248609024,4004.0,5780.0,478.69343417595167,228.4982441843904,29.946785541588532,0.501001001001001,0.9913745504784288,0.6927335640138408,216.33307652783935,0.8289875368322801,0.6415853369615844,0.181643334066767,0.15762875592191153,0.02666748711697254,0.12354592342146858,0.000514492138165173,216.0,37.0,5.837837837837838
WE00016---B009--PO01--LO001--CO6--SL001--PX32500--PW0100--IN0020--TM280--X086535--Y020134--Z212393--T2253327933.png,WE00016---B009--PO01--LO001--CO6--SL001--PX32500--PW0100--IN0020--TM280--X086535--Y020134--Z212393--T2253327933,WE00016---B009--PO01--LO001--CO6--SL001--PX32500--PW0100--IN0020--TM280--X086535--Y020134--Z212393--T2253327933,4573.0,5812.0,498.24978336205567,228.75198624502616,29.695398972034898,0.45165432098765435,0.9915382550931844,0.7868203716448727,226.38462845343543,0.7272207513004725,0.4943733203241306,0.09713358422470333,0.08686875108641097,0.007979386819008963,0.06077935523013554,5.5631701576893365e-05,225.0,45.0,5.0
WE00016---B009--PO01--LO001--CO6--SL001--PX32500--PW0100--IN0020--TM281--X086535--Y020134--Z212481--T2687174980.png,WE00016---B009--PO01--LO001--CO6--SL001--PX32500--PW0100--IN0020--TM281--X086535--Y020134--Z212481--T2687174980,WE00016---B009--PO01--LO001--CO6--SL001--PX32500--PW0100--IN0020--TM281--X086535--Y020134--Z212481--T2687174980,5185.0,7426.0,531.0782104868019,240.55960719429387,38.09151289242565,0.4103355492244381,0.9873837789015191,0.6982224616213305,236.4571842850202,0.7150420439718755,0.46248461467448043,0.13058798974001154,0.09871603757499559,0.011194967700763944,0.06418011190354776,-0.0005430414044510557,234.0,54.0,4.333333333333333
WE00016---B009--PO01--LO001--CO6--SL001--PX32500--PW0100--IN0020--TM282--X086535--Y020134--Z206439--T2360847206.png,WE00016---B009--PO01--LO001--CO6--SL001--PX32500--PW0100--IN0020--TM282--X086535--Y020134--Z206439--T2360847206,WE00016---B009--PO01--LO001--CO6--SL001--PX32500--PW0100--IN0020--TM282--X086535--Y020134--Z206439--T2360847206,2976.0,5988.0,395.1614716074871,115.4879934754699,75.08071718110719,0.34831460674157305,0.7598340485290469,0.4969939879759519,99.20181449953424,0.39849190879997454,0.026152699681532252,0.012992102665722436,0.006582862471697166,4.754703336882379e-05,-0.0005339300067283229,3.8018895556103634e-05,89.0,96.0,0.9270833333333334
WE00016---B009--PO01--LO001--CO6--SL001--PX32500--PW0100--IN0020--TM282--X086535--Y020134--Z213337--T2350360712.png,WE00016---B009--PO01--LO001--CO6--SL001--PX32500--PW0100--IN0020--TM282--X086535--Y020134--Z213337--T2350360712,WE00016---B009--PO01--LO001--CO6--SL001--PX32500--PW0100--IN0020--TM282--X086535--Y020134--Z213337--T2350360712,2692.0,4661.0,345.7056274847714,98.62539883175255,68.07560894892835,0.4377235772357724,0.7235765006604912,0.5775584638489595,86.33075929238663,0.3334244480982929,0.013979860230857073,0.0070094484175890195,0.002024567291825722,-1.7660189750972426e-06,-0.00019632496819764153,-7.419480414692804e-06,75.0,82.0,0.9146341463414634
WE00016---B009--PO01--LO001--CO6--SL001--PX32500--PW0100--IN0020--TM284--X086535--Y020134--Z209777--T2859573134.png,WE00016---B009--PO01--LO001--CO6--SL001--PX32500--PW0100--IN0020--TM284--X086535--Y020134--Z209777--T2859573134,WE00016---B009--PO01--LO001--CO6--SL001--PX32500--PW0100--IN0020--TM284--X086535--Y020134--Z209777--T2859573134,4578.0,8422.0,470.5584412271571,195.7029000716973,60.645269282448155,0.3344046749452155,0.9507742524765835,0.5435763476608881,187.2591786802452,0.573086961866718,0.22341233760942075,0.08607934448342258,0.04678559476322936,0.002909328991437123,0.014147033440291053,0.0005925121907360378,185.0,74.0,2.5
WE00016---B009--PO01--LO001--CO6--SL003--PX32500--PW0100--IN0020--TM283--X086535--Y020134--Z211265--T2344204419.png,WE00016---B009--PO01--LO001--CO6--SL003--PX32500--PW0100--IN0020--TM283--X086535--Y020134--Z211265--T2344204419,WE00016---B009--PO01--LO001--CO6--SL003--PX32500--PW0100--IN0020--TM283--X086535--Y020134--Z211265--T2344204419,4001.0,6423.0,466.9188309203678,210.87856773625649,40.84687389686572,0.3519528501055595,0.9810610937686917,0.6229176397322124,204.92193635626225,0.7207297775187665,0.4470302551793619,0.16053381189418456,0.11323670013437445,0.01521402630333166,0.06855819658497361,-0.0012750741692698353,203.0,56.0,3.625
WE00017---B008--PO01--LO001--CO6--SL001--PX32500--PW0100--IN0020--TM250--X077526--Y020134--Z210070--T2937452730.png,WE00017---B008--PO01--LO001--CO6--SL001--PX32500--PW0100--IN0020--TM250--X077526--Y020134--Z210070--T2937452730,WE00017---B008--PO01--LO001--CO6--SL001--PX32500--PW0100--IN0020--TM250--X077526--Y020134--Z210070--T2937452730,2652.0,4264.0,322.8355697996826,94.40076684892401,60.412143983978126,0.4531784005468216,0.7684132592901651,0.6219512195121951,86.21484790916237,0.2960296927414643,0.015377809794699987,0.00462326976541317,0.002764696250369445,8.908814329906241e-06,2.372992249464342e-05,4.281628109685469e-06,76.0,77.0,0.987012987012987
WE00017---B008--PO01--LO001--CO6--SL001--PX32500--PW0100--IN0020--TM257--X077526--Y020134--Z214373--T2925461986.png,WE00017---B008--PO01--LO001--CO6--SL001--PX32500--PW0100--IN0020--TM257--X077526--Y020134--Z214373--T2925461986,WE00017---B008--PO01--LO001--CO6--SL001--PX32500--PW0100--IN0020--TM257--X077526--Y020134--Z214373--T2925461986,4442.0,5926.0,506.20815280171314,243.74467743200725,28.7243105893595,0.5242535111530745,0.9930318948232935,0.7495781302733716,229.87170334775874,0.8475426862233686,0.6795106700601373,0.20939235509787846,0.18952089014956727,0.037753717340595086,0.15573232832800635,-0.00020371215097378425,229.0,37.0,6.1891891891891895
WE00017---B008--PO01--LO001--CO6--SL001--PX32500--PW0100--IN0020--TM263--X077526--Y020134--Z212183--T2843212783.png,WE00017---B008--PO01--LO001--CO6--SL001--PX32500--PW0100--IN0020--TM263--X077526--Y020134--Z212183--T2843212783,WE00017---B008--PO01--LO001--CO6--SL001--PX32500--PW0100--IN0020--TM263--X077526--Y020134--Z212183--T2843212783,3797.0,7465.0,433.8305191657993,163.44608247573916,63.78613400064434,0.3080980201233366,0.9207055599253097,0.5086403215003349,160.46183346827368,0.5067041869800876,0.13895045282142268,0.06899795263088462,0.026316631267653146,0.0009819458938452618,0.002640766347119553,0.0005416064599668095,158.0,78.0,2.0256410256410255
WE00017---B008--PO01--LO001--CO6--SL001--PX32500--PW0100--IN0020--TM268--X077526--Y020134--Z212171--T2945400567.png,WE00017---B008--PO01--LO001--CO6--SL001--PX32500--PW0100--IN0020--TM268--X077526--Y020134--Z212171--T2945400567,WE00017---B008--PO01--LO001--CO6--SL001--PX32500--PW0100--IN0020--TM268--X077526--Y020134--Z212171--T2945400567,3667.0,4816.0,466.2081528017131,223.27223585020673,26.157346886268808,0.45093457943925236,0.9931137011499105,0.7614202657807309,214.67417171145672,0.8613085986105629,0.7022196767699141,0.23482287602764731,0.21342884882911203,0.0477802998432511,0.17869795685016662,-0.00010322463056391257,214.0,38.0,5.631578947368421
WE00017---B008--PO01--LO001--CO6--SL001--PX32500--PW0100--IN0020--TM277--X077526--Y020134--Z213875--T2851338937.png,WE00017---B008--PO01--LO001--CO6--SL001--PX32500--PW0100--IN0020--TM277--X077526--Y020134--Z213875--T2851338937,WE00017---B008--PO01--LO001--CO6--SL001--PX32500--PW0100--IN0020--TM277--X077526--Y020134--Z213875--T2851338937,4429.0,5574.0,508.3086578651014,241.3871307143547,27.889696442547987,0.5407814407814407,0.9933029113357175,0.7945819878005024,234.61670869739862,0.8332239506966364,0.6581607170180541,0.17190934598786262,0.15682399399772634,0.0257494695313641,0.12722417739267686,2.609236425965729e-05,234.0,35.0,6.685714285714286
WE00017---B008--PO01--LO001--CO6--SL001--PX32500--PW0100--IN0020--TM278--X077526--Y020134--Z214861--T2335805261.png,WE00017---B008--PO01--LO001--CO6--SL001--PX32500--PW0100--IN0020--TM278--X077526--Y020134--Z214861--T2335805261,WE00017---B008--PO01--LO001--CO6--SL001--PX32500--PW0100--IN0020--TM278--X077526--Y020134--Z214861--T2335805261,3288.0,5205.0,393.60512242138304,101.13852918952843,78.28311702530381,0.4950316169828365,0.6331626873487366,0.631700288184438,89.88882021697692,0.31092701676206097,0.006076090113782911,0.0011903926629284666,0.0013761906450444788,1.722073014312018e-06,2.3441399958638753e-05,3.702247569320152e-07,81.0,82.0,0.9878048780487805
WE00017---B008--PO01--LO001--CO6--SL001--PX32500--PW0100--IN0020--TM280--X077526--Y020134--Z208105--T2248667134.png,WE00017---B008--PO01--LO001--CO6--SL001--PX32500--PW0100--IN0020--TM280--X077526--Y020134--Z208105--T2248667134,WE00017---B008--PO01--LO001--CO6--SL001--PX32500--PW0100--IN0020--TM280--X077526--Y020134--Z208105--T2248667134,4673.0,6483.0,517.4629867976521,237.39000922359557,32.03288362053605,0.3833470057424118,0.9908540721853459,0.7208082677772636,232.35533133543547,0.7674422495215278,0.5475919010073071,0.1215055140375533,0.10288491715204463,0.011500469124174191,0.07404822413119166,-0.0002588812507984201,230.0,53.0,4.339622641509434
WE00017---B008--PO01--LO001--CO6--SL001--PX32500--PW0100--IN0020--TM280--X077526--Y020134--Z210543--T2253385976.png,WE00017---B008--PO01--LO001--CO6--SL001--PX32500--PW0100--IN0020--TM280--X077526--Y020134--Z210543--T2253385976,WE00017---B008--PO01--LO001--CO6--SL001--PX32500--PW0100--IN0020--TM280--X077526--Y020134--Z210543--T2253385976,4369.0,5259.0,508.69343417595167,243.68089658214762,27.07159581760958,0.4202982202982203,0.9938098523354502,0.8307663053812512,233.20591759215716,0.8599400700845635,0.7038742417204789,0.17915171299190413,0.16295909466307013,0.027843789459920828,0.13671534182112244,-1.2843479961312243e-05,231.0,45.0,5.133333333333334
WE00017---B008--PO01--LO001--CO6--SL001--PX32500--PW0100--IN0020--TM280--X077526--Y020134--Z211286--T2673187259.png,WE00017---B008--PO01--LO001--CO6--SL001--PX32500--PW0100--IN0020--TM280--X077526--Y020134--Z211286--T2673187259,WE00017---B008--PO01--LO001--CO6--SL001--PX32500--PW0100--IN0020--TM280--X077526--Y020134--Z211286--T2673187259,2341.0,2764.0,230.89444430272832,95.69758649757244,35.61993963574343,0.5555291884195539,0.9281471131010888,0.8469609261939218,91.4166286842826,0.27837484411347624,0.04436376742906872,0.0032762204472604126,0.0008629472812777115,1.1701405126249498e-06,9.948455792108064e-05,8.579795847146897e-07,86.0,49.0,1.7551020408163265
WE00017---B008--PO01--LO001--CO6--SL001--PX32500--PW0100--IN0020--TM281--X077526--Y020134--Z210281--T2687256633.png,WE00017---B008--PO01--LO001--CO6--SL001--PX32500--PW0100--IN0020--TM281--X077526--Y020134--Z210281--T2687256633,WE00017---B008--PO01--LO001--CO6--SL001--PX32500--PW0100--IN0020--TM281--X077526--Y020134--Z210281--T2687256633,4572.0,5850.0,513.7056274847714,240.3586731644409,28.63083049674832,0.308502024291498,0.9928802113644719,0.7815384615384615,232.99785406737118,0.8009626014367898,0.6061417566311786,0.14274877800185476,0.12791567545124327,0.01728483994162354,0.09923990839030294,9.44955941069893e-05,228.0,65.0,3.5076923076923077
WE00017---B008--PO01--LO001--CO6--SL001--PX32500--PW0100--IN0020--TM282--X077526--Y020134--Z209239--T2360928138.png,WE00017---B008--PO01--LO001--CO6--SL001--PX32500--PW0100--IN0020--TM282--X077526--Y020134--Z209239--T2360928138,WE00017---B008--PO01--LO001--CO6--SL001--PX32500--PW0100--IN0020--TM282--X077526--Y020134--Z209239--T2360928138,2718.0,5032.0,401.60512242138304,95.31358105221202,79.99961616589142,0.458502024291498,0.543621145920349,0.5401430842607313,87.41853350405736,0.3560664394703492,0.0038112342623557818,0.0015089827930323766,0.0033041910600905087,6.8045784332096585e-06,-0.00011909500900390657,2.8518243869110624e-06,78.0,76.0,1.0263157894736843
WE00017---B008--PO01--LO001--CO6--SL001--PX32500--PW0100--IN0020--TM282--X077526--Y020134--Z210255--T2255829371.png,WE00017---B008--PO01--LO001--CO6--SL001--PX32500--PW0100--IN0020--TM282--X077526--Y020134--Z210255--T2255829371,WE00017---B008--PO01--LO001--CO6--SL001--PX32500--PW0100--IN0020--TM282--X077526--Y020134--Z210255--T2255829371,4543.0,5382.0,510.45079348883235,246.85114253383162,26.941067304585527,0.4735251198665833,0.994026506667501,0.8441099962839094,235.33168082517068,0.8483010631434109,0.6861309176143999,0.14048344609989247,0.12816415012127386,0.01719736832321588,0.1061373643431399,-2.409252510139192e-05,234.0,41.0,5.7073170731707314
WE00017---B008--PO01--LO001--CO6--SL001--PX32500--PW0100--IN0020--TM282--X077526--Y020134--Z211937--T2350442507.png,WE00017---B008--PO01--LO001--CO6--SL001--PX32500--PW0100--IN0020--TM282--X077526--Y020134--Z211937--T2350442507,WE00017---B008--PO01--LO001--CO6--SL001--PX32500--PW0100--IN0020--TM282--X077526--Y020134--Z211937--T2350442507,3026.0,4017.0,286.492424049175,89.87597359577812,59.44732187718202,0.5230769230769231,0.7500004598807549,0.7532984814538213,89.20201791439474,0.23983135137471684,0.008807298949070093,0.0040841684222076005,0.0010050411069334275,1.0889288943397333e-06,6.797570524529288e-06,-1.7206046517757625e-06,89.0,65.0,1.3692307692307693
WE00017---B008--PO01--LO001--CO6--SL001--PX32500--PW0100--IN0020--TM284--X077526--Y020134--Z212577--T2859654536.png,WE00017---B008--PO01--LO001--CO6--SL001--PX32500--PW0100--IN0020--TM284--X077526--Y020134--Z212577--T2859654536,WE00017---B008--PO01--LO001--CO6--SL001--PX32500--PW0100--IN0020--TM284--X077526--Y020134--Z212577--T2859654536,3884.0,6977.0,417.50461735799473,169.13707424932423,60.30905840306079,0.3297673628799457,0.9342689440419191,0.5566862548373226,155.95512174981621,0.518867990652118,0.1614523975304533,0.05284274635059752,0.01738532470544367,0.000448035271604609,0.0018100313293930909,0.0002773760799199438,151.0,78.0,1.935897435897436
WE00017---B008--PO01--LO001--CO6--SL002--PX32500--PW0100--IN0020--TM282--X077526--Y020134--Z210105--T2255829570.png,WE00017---B008--PO01--LO001--CO6--SL002--PX32500--PW0100--IN0020--TM282--X077526--Y020134--Z210105--T2255829570,WE00017---B008--PO01--LO001--CO6--SL002--PX32500--PW0100--IN0020--TM282--X077526--Y020134--Z210105--T2255829570,4538.0,5353.0,511.0365799264593,246.730553092866,26.970594155374023,0.47300396080883883,0.9940074953894096,0.8477489258359798,235.33168082517068,0.8484378963558487,0.6862485150933383,0.14216852310697192,0.12966345262128345,0.017604660275887075,0.10738741472093544,-2.5332379344716535e-05,234.0,41.0,5.7073170731707314
WE00017---B008--PO01--LO001--CO6--SL003--PX32500--PW0100--IN0020--TM282--X077526--Y020134--Z209955--T2255829709.png,WE00017---B008--PO01--LO001--CO6--SL003--PX32500--PW0100--IN0020--TM282--X077526--Y020134--Z209955--T2255829709,WE00017---B008--PO01--LO001--CO6--SL003--PX32500--PW0100--IN0020--TM282--X077526--Y020134--Z209955--T2255829709,4535.0,5396.0,510.69343417595167,246.76446028342693,26.98350135100715,0.46143671143671144,0.9940033943608726,0.8404373610081541,235.33168082517068,0.849239363342486,0.6875232160384848,0.14248618115584044,0.1298738347035057,0.017667228947819025,0.10766244238509748,-2.4924395146601157e-05,234.0,42.0,5.571428571428571
WE00018---B007--PO01--LO001--CO6--SL001--PX32500--PW0100--IN0020--TM250--X068517--Y020134--Z211070--T2937533451.png,WE00018---B007--PO01--LO001--CO6--SL001--PX32500--PW0100--IN0020--TM250--X068517--Y020134--Z211070--T2937533451,WE00018---B007--PO01--LO001--CO6--SL001--PX32500--PW0100--IN0020--TM250--X068517--Y020134--Z211070--T2937533451,3040.0,5153.0,337.14927829866735,109.4496398081982,60.398723414553714,0.39707419017763845,0.8339498004698764,0.5899476033378614,100.20977996183805,0.32128350008741946,0.0293379558438719,0.010906659805903022,0.004806422865824798,2.8474014841605723e-05,6.788049188211217e-05,-2.00067058035485e-05,87.0,88.0,0.9886363636363636
WE00018---B007--PO01--LO001--CO6--SL001--PX32500--PW0100--IN0020--TM257--X068517--Y020134--Z211973--T2925542046.png,WE00018---B007--PO01--LO001--CO6--SL001--PX32500--PW0100--IN0020--TM257--X068517--Y020134--Z211973--T2925542046,WE00018---B007--PO01--LO001--CO6--SL001--PX32500--PW0100--IN0020--TM257--X068517--Y020134--Z211973--T2925542046,4546.0,5496.0,505.1370849898476,242.60094594742955,27.899772700450672,0.6071047008547008,0.9933651748277312,0.8271470160116449,234.4184293096428,0.8198638403448698,0.6375391421740881,0.14839522412018094,0.1351393659484248,0.019137346906789823,0.1078148998759608,-4.2041540445254344e-05,234.0,32.0,7.3125
WE00018---B007--PO01--LO001--CO6--SL001--PX32500--PW0100--IN0020--TM263--X068517--Y020134--Z212383--T2843294396.png,WE00018---B007--PO01--LO001--CO6--SL001--PX32500--PW0100--IN0020--TM263--X068517--Y020134--Z212383--T2843294396,WE00018---B007--PO01--LO001--CO6--SL001--PX32500--PW0100--IN0020--TM263--X068517--Y020134--Z212383--T2843294396,2692.0,5072.0,350.2914139223983,117.67920388515384,59.388032245539016,0.41237745098039214,0.863317958005484,0.5307570977917981,99.45853407325085,0.40340205704496623,0.05742379751300673,0.013949208076295832,0.004631577948916481,1.508564998683864e-05,-0.000497415289639873,-3.403436224771474e-05,96.0,68.0,1.411764705882353
WE00018---B007--PO01--LO001--CO6--SL001--PX32500--PW0100--IN0020--TM268--X068517--Y020134--Z210971--T2945481543.png,WE00018---B007--PO01--LO001--CO6--SL001--PX32500--PW0100--IN0020--TM268--X068517--Y020134--Z210971--T2945481543,WE00018---B007--PO01--LO001--CO6--SL001--PX32500--PW0100--IN0020--TM268--X068517--Y020134--Z210971--T2945481543,4194.0,5856.0,504.9360748630709,240.25709548385,30.59965998451278,0.4819581705355091,0.9918562814296438,0.7161885245901639,229.49074055394914,0.8741626597744337,0.716148463774325,0.3221460656621264,0.28926240835737244,0.08829786820195694,0.24400453174399162,0.0007138938679401227,229.0,38.0,6.026315789473684
WE00018---B007--PO01--LO001--CO6--SL001--PX32500--PW0100--IN0020--TM277--X068517--Y020134--Z213675--T2851420585.png,WE00018---B007--PO01--LO001--CO6--SL001--PX32500--PW0100--IN0020--TM277--X068517--Y020134--Z213675--T2851420585,WE00018---B007--PO01--LO001--CO6--SL001--PX32500--PW0100--IN0020--TM277--X068517--Y020134--Z213675--T2851420585,4819.0,7183.0,520.9777054234136,234.2667252627146,39.2025166055563,0.4346139971139971,0.9858990126969666,0.6708896004454963,231.10603626906848,0.7317095854109401,0.4786503004063178,0.1644823142949022,0.13046395114391496,0.019093960232384636,0.08635341231512543,-0.000819242102125561,231.0,48.0,4.8125
WE00018---B007--PO01--LO001--CO6--SL001--PX32500--PW0100--IN0020--TM280--X068517--Y020134--Z210593--T2253443781.png,WE00018---B007--PO01--LO001--CO6--SL001--PX32500--PW0100--IN0020--TM280--X068517--Y020134--Z210593--T2253443781,WE00018---B007--PO01--LO001--CO6--SL001--PX32500--PW0100--IN0020--TM280--X068517--Y020134--Z210593--T2253443781,3883.0,5478.0,480.2497833620557,220.89269441212218,27.761488103992832,0.3727918586789555,0.9920710082935199,0.7088353413654619,219.06391761310215,0.7977768907158662,0.5974776956126707,0.1396116368727663,0.12313420465522198,0.016143093099268112,0.09369177450568382,0.0002248471017445722,217.0,48.0,4.520833333333333
WE00018---B007--PO01--LO001--CO6--SL001--PX32500--PW0100--IN0020--TM280--X068517--Y020134--Z210605--T2248725432.png,WE00018---B007--PO01--LO001--CO6--SL001--PX32500--PW0100--IN0020--TM280--X068517--Y020134--Z210605--T2248725432,WE00018---B007--PO01--LO001--CO6--SL001--PX32500--PW0100--IN0020--TM280--X068517--Y020134--Z210605--T2248725432,4819.0,7142.0,531.9482681718907,245.30586645532784,33.064895033621745,0.3612985455090718,0.9908741226810178,0.67474096891627,237.06539182259397,0.7946183777882283,0.5871537872216637,0.15134373575823512,0.1309390460755216,0.01842858454530895,0.09810056080767558,0.00038347421205421443,234.0,57.0,4.105263157894737
WE00018---B007--PO01--LO001--CO6--SL001--PX32500--PW0100--IN0020--TM280--X068517--Y020134--Z212486--T2673269643.png,WE00018---B007--PO01--LO001--CO6--SL001--PX32500--PW0100--IN0020--TM280--X068517--Y020134--Z212486--T2673269643,WE00018---B007--PO01--LO001--CO6--SL001--PX32500--PW0100--IN0020--TM280--X068517--Y020134--Z212486--T2673269643,3103.0,5583.0,382.5756851698602,110.75839062280511,69.88358431549813,0.44744051910598415,0.7758192540721797,0.5557943757836289,98.79271228182775,0.34545473030404483,0.02211796896278316,0.009032581718407954,0.005142750490117309,2.3907442396556823e-05,-0.000100445507015413,2.5632002398624693e-05,73.0,95.0,0.7684210526315789
WE00018---B007--PO01--LO001--CO6--SL001--PX32500--PW0100--IN0020--TM281--X068517--Y020134--Z211681--T2687338676.png,WE00018---B007--PO01--LO001--CO6--SL001--PX32500--PW0100--IN0020--TM281--X068517--Y020134--Z211681--T2687338676,WE00018---B007--PO01--LO001--CO6--SL001--PX32500--PW0100--IN0020--TM281--X068517--Y020134--Z211681--T2687338676,4803.0,6187.0,533.7056274847714,248.85692673625513,31.375766803431436,0.3294464640921874,0.9920201357025364,0.7763051559721997,242.66231681083076,0.8186837487913435,0.6289494548492975,0.2088237833525984,0.18524594312769616,0.036434391673211414,0.14683552335380884,-9.626180422837513e-05,239.0,61.0,3.918032786885246
WE00018---B007--PO01--LO001--CO6--SL001--PX32500--PW0100--IN0020--TM282--X068517--Y020134--Z209537--T2350524281.png,WE00018---B007--PO01--LO001--CO6--SL001--PX32500--PW0100--IN0020--TM282--X068517--Y020134--Z209537--T2350524281,WE00018---B007--PO01--LO001--CO6--SL001--PX32500--PW0100--IN0020--TM282--X068517--Y020134--Z209537--T2350524281,3109.0,4794.0,367.60512242138304,95.39051453009894,70.27353097655576,0.4858571651820597,0.6762272701881358,0.6485189820609095,85.47514258543241,0.28219924851700623,0.006996971069493885,0.0011313936860744493,0.0012067957219009146,8.173884282176976e-07,-2.9268838901320364e-05,-1.149055182591508e-06,79.0,81.0,0.9753086419753086
WE00018---B007--PO01--LO001--CO6--SL001--PX32500--PW0100--IN0020--TM282--X068517--Y020134--Z212239--T2361009577.png,WE00018---B007--PO01--LO001--CO6--SL001--PX32500--PW0100--IN0020--TM282--X068517--Y020134--Z212239--T2361009577,WE00018---B007--PO01--LO001--CO6--SL001--PX32500--PW0100--IN0020--TM282--X068517--Y020134--Z212239--T2361009577,2830.0,3275.0,258.45079348883235,89.07468590700414,42.98144028535804,0.6431818181818182,0.8758780077813354,0.8641221374045801,88.45903006477066,0.21602702911738603,0.018070861179718133,0.00021976545476238817,1.6385765414706846e-05,6.609420744885891e-10,1.7074181563234774e-06,7.280156178952262e-10,88.0,50.0,1.76
WE00018---B007--PO01--LO001--CO6--SL001--PX32500--PW0100--IN0020--TM283--X068517--Y020134--Z211565--T2344274054.png,WE00018---B007--PO01--LO001--CO6--SL001--PX32500--PW0100--IN0020--TM283--X068517--Y020134--Z211565--T2344274054,WE00018---B007--PO01--LO001--CO6--SL001--PX32500--PW0100--IN0020--TM283--X068517--Y020134--Z211565--T2344274054,3818.0,6070.0,427.1198410471445,191.7190660982584,42.24525226902812,0.4538214667776061,0.9754209237641577,0.628995057660626,179.22611416866684,0.6309072427459107,0.3277311148813054,0.07702434466704264,0.03847138810245441,0.002029324877857743,0.016556511069640737,-0.0005172691854669275,179.0,47.0,3.8085106382978724
WE00018---B007--PO01--LO001--CO6--SL001--PX32500--PW0100--IN0020--TM284--X068517--Y020134--Z210177--T2859736413.png,WE00018---B007--PO01--LO001--CO6--SL001--PX32500--PW0100--IN0020--TM284--X068517--Y020134--Z210177--T2859736413,WE00018---B007--PO01--LO001--CO6--SL001--PX32500--PW0100--IN0020--TM284--X068517--Y020134--Z210177--T2859736413,2851.0,4161.0,363.60512242138304,86.3472279056064,70.68640032471849,0.5176107480029049,0.5743217810292517,0.6851718336938236,82.56512580987206,0.2729834040215955,0.002906567054818362,0.0011375419815698468,0.0005233435156395251,2.6011584579921354e-07,-2.6628503764787775e-05,-3.088566653850868e-07,81.0,68.0,1.1911764705882353
WE00018---B007--PO01--LO001--CO6--SL003--PX32500--PW0100--IN0020--TM278--X068517--Y020134--Z212761--T2335888622.png,WE00018---B007--PO01--LO001--CO6--SL003--PX32500--PW0100--IN0020--TM278--X068517--Y020134--Z212761--T2335888622,WE00018---B007--PO01--LO001--CO6--SL003--PX32500--PW0100--IN0020--TM278--X068517--Y020134--Z212761--T2335888622,3813.0,6518.0,450.43354954612926,203.32092641733283,45.75587442455712,0.383756038647343,0.9743489201530333,0.5849953973611537,184.78365728602733,0.7119230127779685,0.41382123864814635,0.1265344259202992,0.06876556949254718,0.006280204722253753,0.03524730373911126,-0.0013055573645423379,184.0,54.0,3.4074074074074074
WE00019---B006--PO01--LO001--CO6--SL001--PX32500--PW0100--IN0020--TM250--X059508--Y020134--Z209670--T2937614469.png,WE00019---B006--PO01--LO001--CO6--SL001--PX32500--PW0100--IN0020--TM250--X059508--Y020134--Z209670--T2937614469,WE00019---B006--PO01--LO001--CO6--SL001--PX32500--PW0100--IN0020--TM250--X059508--Y020134--Z209670--T2937614469,2672.0,2825.0,210.40916292848976,78.52141464551093,44.14334877848868,0.7383255042829511,0.8270133443171432,0.9458407079646017,77.78174593052023,0.18979808662311837,0.009729480610496154,6.987705546053496e-05,7.905894526294401e-06,1.4725348299092147e-10,6.692098873545101e-07,-1.1333887865831694e-10,77.0,47.0,1.6382978723404256
WE00019---B006--PO01--LO001--CO6--SL001--PX32500--PW0100--IN0020--TM257--X059508--Y020134--Z215773--T2925622029.png,WE00019---B006--PO01--LO001--CO6--SL001--PX32500--PW0100--IN0020--TM257--X059508--Y020134--Z215773--T2925622029,WE00019---B006--PO01--LO001--CO6--SL001--PX32500--PW0100--IN0020--TM257--X059508--Y020134--Z215773--T2925622029,4582.0,5990.0,500.2081528017131,231.03466442651043,32.80581570253705,0.48272229245680576,0.989867344811791,0.7649415692821369,226.17913254763357,0.7427602263010027,0.5089398290189691,0.19234349214978488,0.16807482653707453,0.030219769824963612,0.11987157290648964,-8.212811281811715e-05,226.0,42.0,5.380952380952381
WE00019---B006--PO01--LO001--CO6--SL001--PX32500--PW0100--IN0020--TM263--X059508--Y020134--Z214183--T2843375302.png,WE00019---B006--PO01--LO001--CO6--SL001--PX32500--PW0100--IN0020--TM263--X059508--Y020134--Z214183--T2843375302,WE00019---B006--PO01--LO001--CO6--SL001--PX32500--PW0100--IN0020--TM263--X059508--Y020134--Z214183--T2843375302,3283.0,5641.0,402.47518010647184,120.12393706120446,71.89062352788984,0.4533278099972383,0.8011449006100037,0.5819890090409502,106.90182411914213,0.3730966723711735,0.03108714157582378,0.006818736992941861,0.002699893131822924,7.695147092642091e-06,-0.0001235159164303804,-8.659213317929411e-06,102.0,71.0,1.4366197183098592
WE00019---B006--PO01--LO001--CO6--SL001--PX32500--PW0100--IN0020--TM268--X059508--Y020134--Z211371--T2945562347.png,WE00019---B006--PO01--LO001--CO6--SL001--PX32500--PW0100--IN0020--TM268--X059508--Y020134--Z211371--T2945562347,WE00019---B006--PO01--LO001--CO6--SL001--PX32500--PW0100--IN0020--TM268--X059508--Y020134--Z211371--T2945562347,3727.0,5475.0,502.33304448274095,235.2975507577251,28.176574247810322,0.24188733125649015,0.9928042357106055,0.6807305936073059,221.46105752479374,0.9417570554220316,0.8374624840193143,0.41144480191292676,0.3720332782341472,0.1455550330704185,0.3403482836985683,-0.00034871276691327,214.0,72.0,2.9722222222222223
WE00019---B006--PO01--LO001--CO6--SL001--PX32500--PW0100--IN0020--TM277--X059508--Y020134--Z210475--T2851502195.png,WE00019---B006--PO01--LO001--CO6--SL001--PX32500--PW0100--IN0020--TM277--X059508--Y020134--Z210475--T2851502195,WE00019---B006--PO01--LO001--CO6--SL001--PX32500--PW0100--IN0020--TM277--X059508--Y020134--Z210475--T2851502195,5619.0,7227.0,559.8000358937499,257.03256004143947,33.18171173121132,0.5144662149789416,0.9916321834035294,0.7775010377750103,254.568261965234,0.7470942662714607,0.5221520544830023,0.10941740874261602,0.0951419936387253,0.009707121648024317,0.06857622251398302,6.944045557025436e-05,254.0,43.0,5.906976744186046
WE00019---B006--PO01--LO001--CO6--SL001--PX32500--PW0100--IN0020--TM280--X059508--Y020134--Z210205--T2248783561.png,WE00019---B006--PO01--LO001--CO6--SL001--PX32500--PW0100--IN0020--TM280--X059508--Y020134--Z210205--T2248783561,WE00019---B006--PO01--LO001--CO6--SL001--PX32500--PW0100--IN0020--TM280--X059508--Y020134--Z210205--T2248783561,4365.0,5728.0,492.89444430272835,232.5079611244793,29.696722588504763,0.5197047267531849,0.9918098186243361,0.7620460893854749,227.43130831088317,0.7866816626397619,0.5797709667324422,0.19338784783426222,0.17419673591471885,0.031971571729755094,0.13212636396307206,0.0002236203054663934,227.0,37.0,6.135135135135135
WE00019---B006--PO01--LO001--CO6--SL001--PX32500--PW0100--IN0020--TM280--X059508--Y020134--Z210286--T2673351602.png,WE00019---B006--PO01--LO001--CO6--SL001--PX32500--PW0100--IN0020--TM280--X059508--Y020134--Z210286--T2673351602,WE00019---B006--PO01--LO001--CO6--SL001--PX32500--PW0100--IN0020--TM280--X059508--Y020134--Z210286--T2673351602,3236.0,5455.0,362.0904037956216,112.16955123931635,66.71746289188407,0.44249965814303294,0.8038802266419169,0.5932172318973419,103.69667304209909,0.328979219714917,0.024660866004691452,0.010105396213989348,0.00652442781415348,4.665149456538063e-05,0.00037218043521709495,-2.5104557528157676e-05,71.0,103.0,0.6893203883495146
WE00019---B006--PO01--LO001--CO6--SL001--PX32500--PW0100--IN0020--TM280--X059508--Y020134--Z212393--T2253501619.png,WE00019---B006--PO01--LO001--CO6--SL001--PX32500--PW0100--IN0020--TM280--X059508--Y020134--Z212393--T2253501619,WE00019---B006--PO01--LO001--CO6--SL001--PX32500--PW0100--IN0020--TM280--X059508--Y020134--Z212393--T2253501619,4679.0,6070.0,504.69343417595167,235.39406865584985,29.392158930969963,0.5650966183574879,0.9921739125787775,0.7708401976935749,230.10649708341572,0.7516866125905423,0.5308688242720742,0.09594953442239619,0.08815076117092539,0.008106915833218981,0.0641231855904725,3.839956169342815e-05,230.0,36.0,6.388888888888889
WE00019---B006--PO01--LO001--CO6--SL001--PX32500--PW0100--IN0020--TM281--X059508--Y020134--Z210281--T2687419902.png,WE00019---B006--PO01--LO001--CO6--SL001--PX32500--PW0100--IN0020--TM281--X059508--Y020134--Z210281--T2687419902,WE00019---B006--PO01--LO001--CO6--SL001--PX32500--PW0100--IN0020--TM281--X059508--Y020134--Z210281--T2687419902,4981.0,10183.0,574.4579361637687,227.76565335206905,70.62276652927652,0.28959302325581393,0.9507144876657077,0.48914858096828046,215.14878572745886,0.7135209797122012,0.346162752004797,0.22391329194387888,0.11153055888521561,0.01707635744564524,0.05122617577894446,0.004363596282304223,215.0,80.0,2.6875
WE00019---B006--PO01--LO001--CO6--SL001--PX32500--PW0100--IN0020--TM282--X059508--Y020134--Z210337--T2350605575.png,WE00019---B006--PO01--LO001--CO6--SL001--PX32500--PW0100--IN0020--TM282--X059508--Y020134--Z210337--T2350605575,WE00019---B006--PO01--LO001--CO6--SL001--PX32500--PW0100--IN0020--TM282--X059508--Y020134--Z210337--T2350605575,2774.0,4608.0,332.73506473629425,99.94581388950307,60.2947306781039,0.4418604651162791,0.7975338503818034,0.6019965277777778,89.88882021697692,0.3069714370399303,0.020492835688032934,0.003346680708417366,0.003281414607054367,1.0384557221473657e-05,7.899023220855233e-05,3.226453971653603e-06,73.0,86.0,0.8488372093023255
WE00019---B006--PO01--LO001--CO6--SL001--PX32500--PW0100--IN0020--TM282--X059508--Y020134--Z211039--T2361090848.png,WE00019---B006--PO01--LO001--CO6--SL001--PX32500--PW0100--IN0020--TM282--X059508--Y020134--Z211039--T2361090848,WE00019---B006--PO01--LO001--CO6--SL001--PX32500--PW0100--IN0020--TM282--X059508--Y020134--Z211039--T2361090848,3303.0,6134.0,424.3746750430835,186.917112787943,47.10407425339306,0.297165991902834,0.9677258943057498,0.5384740789044669,174.34735443934903,0.703088118079204,0.3833086250483773,0.14433810636713346,0.07665089663996019,0.007828496543733512,0.03416520382604912,0.0019280923894160564,171.0,65.0,2.6307692307692307
WE00019---B006--PO01--LO001--CO6--SL001--PX32500--PW0100--IN0020--TM284--X059508--Y020134--Z211777--T2859817271.png,WE00019---B006--PO01--LO001--CO6--SL001--PX32500--PW0100--IN0020--TM284--X059508--Y020134--Z211777--T2859817271,WE00019---B006--PO01--LO001--CO6--SL001--PX32500--PW0100--IN0020--TM284--X059508--Y020134--Z211777--T2859817271,3385.0,6859.0,410.8183258569795,159.3213460895262,63.79817561771931,0.2581998474446987,0.9163242547779008,0.4935121737862662,142.52368224263643,0.5438238281375176,0.15485858486032889,0.05926472099578133,0.01473371182094577,0.00019192297072108565,-0.0017307346345062518,-0.00039079340818502724,115.0,114.0,1.0087719298245614
WE00019---B006--PO01--LO001--CO6--SL003--PX32500--PW0100--IN0020--TM278--X059508--Y020134--Z212961--T2335972053.png,WE00019---B006--PO01--LO001--CO6--SL003--PX32500--PW0100--IN0020--TM278--X059508--Y020134--Z212961--T2335972053,WE00019---B006--PO01--LO001--CO6--SL003--PX32500--PW0100--IN0020--TM278--X059508--Y020134--Z212961--T2335972053,3429.0,6887.0,409.7056274847714,153.61798958786207,71.645833749909,0.30078947368421055,0.8845794112107994,0.4978945839988384,133.4541119636259,0.5236878867515329,0.11327672397575975,0.07626325480897773,0.019082892103864532,0.0004999967520061435,0.0012266350031678397,-0.0005291211024923913,120.0,95.0,1.263157894736842
WE00020---B005--PO01--LO001--CO6--SL001--PX32500--PW0100--IN0020--TM250--X050499--Y020134--Z210070--T2937695047.png,WE00020---B005--PO01--LO001--CO6--SL001--PX32500--PW0100--IN0020--TM250--X050499--Y020134--Z210070--T2937695047,WE00020---B005--PO01--LO001--CO6--SL001--PX32500--PW0100--IN0020--TM250--X050499--Y020134--Z210070--T2937695047,2796.0,3252.0,252.69343417595164,86.05589377923941,44.997330086092816,0.5788819875776398,0.8524032783078865,0.8597785977859779,81.02468759581859,0.2108006207309668,0.014467337869330962,0.00011791267308981809,2.6228151193703482e-05,-7.951518131488097e-10,-2.9513102346934846e-06,1.2227853309000773e-09,69.0,70.0,0.9857142857142858
WE00020---B005--PO01--LO001--CO6--SL001--PX32500--PW0100--IN0020--TM256--X050499--Y020134--Z211373--T2925702244.png,WE00020---B005--PO01--LO001--CO6--SL001--PX32500--PW0100--IN0020--TM256--X050499--Y020134--Z211373--T2925702244,WE00020---B005--PO01--LO001--CO6--SL001--PX32500--PW0100--IN0020--TM256--X050499--Y020134--Z211373--T2925702244,4412.0,5540.0,496.5512985522207,232.64260444299623,28.19381052420356,0.5838295619955008,0.9926294055428777,0.7963898916967509,229.17678765529462,0.7779560340250327,0.570682529995579,0.13128424184693283,0.1189185448327006,0.014858548037126652,0.08964212356396513,6.617388390552461e-05,229.0,33.0,6.9393939393939394
WE00020---B005--PO01--LO001--CO6--SL001--PX32500--PW0100--IN0020--TM262--X050499--Y020134--Z215383--T2843456686.png,WE00020---B005--PO01--LO001--CO6--SL001--PX32500--PW0100--IN0020--TM262--X050499--Y020134--Z215383--T2843456686,WE00020---B005--PO01--LO001--CO6--SL001--PX32500--PW0100--IN0020--TM262--X050499--Y020134--Z215383--T2843456686,3270.0,5555.0,400.2325394193526,111.82390753663522,72.48177209406306,0.42052469135802467,0.7614890452421978,0.5886588658865887,99.20181449953424,0.3394150149590529,0.01920692432888544,0.005060561540501262,0.0021788285408910384,1.7143402115482737e-06,-0.00020084855190925837,7.028880034738263e-06,96.0,81.0,1.1851851851851851
WE00020---B005--PO01--LO001--CO6--SL001--PX32500--PW0100--IN0020--TM268--X050499--Y020134--Z217571--T2945643682.png,WE00020---B005--PO01--LO001--CO6--SL001--PX32500--PW0100--IN0020--TM268--X050499--Y020134--Z217571--T2945643682,WE00020---B005--PO01--LO001--CO6--SL001--PX32500--PW0100--IN0020--TM268--X050499--Y020134--Z217571--T2945643682,4040.0,6450.0,548.1970055134199,242.89601153126202,33.86346374275014,0.2033625289439243,0.990233974510557,0.6263565891472869,242.5633937757303,0.9304642109290149,0.8009955982221215,0.5757859294881382,0.5126896302928515,0.2785423870184679,0.4570958384341274,-0.0027412898620846615,231.0,86.0,2.686046511627907
WE00020---B005--PO01--LO001--CO6--SL001--PX32500--PW0100--IN0020--TM277--X050499--Y020134--Z213875--T2851583394.png,WE00020---B005--PO01--LO001--CO6--SL001--PX32500--PW0100--IN0020--TM277--X050499--Y020134--Z213875--T2851583394,WE00020---B005--PO01--LO001--CO6--SL001--PX32500--PW0100--IN0020--TM277--X050499--Y020134--Z213875--T2851583394,5178.0,6854.0,559.6223663640862,276.39136146275587,29.644506656447554,0.5445367546534862,0.9942314859429385,0.7554712576597608,257.5616431070434,0.9326837276233577,0.8307758304706088,0.2578093601990955,0.23686356368568193,0.058532392694096526,0.215884075291512,-8.440657434791339e-05,257.0,37.0,6.945945945945946
WE00020---B005--PO01--LO001--CO6--SL001--PX32500--PW0100--IN0020--TM278--X050499--Y020134--Z211261--T2336055037.png,WE00020---B005--PO01--LO001--CO6--SL001--PX32500--PW0100--IN0020--TM278--X050499--Y020134--Z211261--T2336055037,WE00020---B005--PO01--LO001--CO6--SL001--PX32500--PW0100--IN0020--TM278--X050499--Y020134--Z211261--T2336055037,3341.0,7564.0,437.50461735799473,154.59063077887603,68.13430608570775,0.2429818181818182,0.8976347101809613,0.44169751454257006,149.80654191322887,0.5339072656089435,0.12975924543015585,0.08615622898962312,0.05253135325577399,0.003363078497669163,0.009617712588031381,-0.0010858766634753154,110.0,125.0,0.88
WE00020---B005--PO01--LO001--CO6--SL001--PX32500--PW0100--IN0020--TM280--X050499--Y020134--Z209755--T2248841613.png,WE00020---B005--PO01--LO001--CO6--SL001--PX32500--PW0100--IN0020--TM280--X050499--Y020134--Z209755--T2248841613,WE00020---B005--PO01--LO001--CO6--SL001--PX32500--PW0100--IN0020--TM280--X050499--Y020134--Z209755--T2248841613,4946.0,6477.0,540.8355697996826,263.6102759666422,30.103239662764956,0.5026422764227643,0.99345823922002,0.7636251350934075,247.16795908855175,0.8895645803857046,0.7511032089683061,0.2335124124297211,0.21122522135262678,0.04691004095097108,0.18258828190660567,-0.0002817645215544978,246.0,40.0,6.15
WE00020---B005--PO01--LO001--CO6--SL001--PX32500--PW0100--IN0020--TM280--X050499--Y020134--Z211286--T2673433606.png,WE00020---B005--PO01--LO001--CO6--SL001--PX32500--PW0100--IN0020--TM280--X050499--Y020134--Z211286--T2673433606,WE00020---B005--PO01--LO001--CO6--SL001--PX32500--PW0100--IN0020--TM280--X050499--Y020134--Z211286--T2673433606,2287.0,2847.0,247.03657992645927,101.12692955124187,35.677685690483045,0.6082446808510639,0.9356983636622404,0.8033017211099402,95.524865872714,0.31426413250685226,0.05987402721746435,0.004105081076439393,0.0011787042552233236,2.0291807708465886e-06,0.00011613856711561795,1.6140044174147782e-06,94.0,40.0,2.35
WE00020---B005--PO01--LO001--CO6--SL001--PX32500--PW0100--IN0020--TM280--X050499--Y020134--Z212393--T2253559411.png,WE00020---B005--PO01--LO001--CO6--SL001--PX32500--PW0100--IN0020--TM280--X050499--Y020134--Z212393--T2253559411,WE00020---B005--PO01--LO001--CO6--SL001--PX32500--PW0100--IN0020--TM280--X050499--Y020134--Z212393--T2253559411,4957.0,6458.0,512.350288425444,238.7853773269854,31.245460837344964,0.5774697110904008,0.99140195957699,0.7675751006503562,232.2154172315008,0.7312227058721108,0.4992892333828652,0.0921561028417755,0.0809671733113683,0.006993477394906719,0.05657070198602639,8.535158820582802e-05,232.0,37.0,6.27027027027027
WE00020---B005--PO01--LO001--CO6--SL001--PX32500--PW0100--IN0020--TM281--X050499--Y020134--Z208281--T2687500920.png,WE00020---B005--PO01--LO001--CO6--SL001--PX32500--PW0100--IN0020--TM281--X050499--Y020134--Z208281--T2687500920,WE00020---B005--PO01--LO001--CO6--SL001--PX32500--PW0100--IN0020--TM281--X050499--Y020134--Z208281--T2687500920,4721.0,6398.0,517.2203461105328,238.60488647860728,30.229199388715312,0.38344704353476283,0.9919421737843179,0.7378868396373867,230.98268333362137,0.7658083079214122,0.5499899946900975,0.12549881570664526,0.11064586959331255,0.013037758660482223,0.08155500720687028,0.0001241397508897576,228.0,54.0,4.222222222222222
WE00020---B005--PO01--LO001--CO6--SL001--PX32500--PW0100--IN0020--TM282--X050499--Y020134--Z212039--T2361172473.png,WE00020---B005--PO01--LO001--CO6--SL001--PX32500--PW0100--IN0020--TM282--X050499--Y020134--Z212039--T2361172473,WE00020---B005--PO01--LO001--CO6--SL001--PX32500--PW0100--IN0020--TM282--X050499--Y020134--Z212039--T2361172473,2861.0,3816.0,371.1614716074871,90.82792812666506,59.71185260378433,0.5480842911877395,0.7535266912360845,0.7497379454926625,89.05054744357274,0.2581094431396081,0.010471201360978493,0.001083898767760945,0.00021822971756578507,9.539286433490735e-08,2.2133520703586083e-05,-4.653150157375017e-08,60.0,87.0,0.6896551724137931
WE00020---B005--PO01--LO001--CO6--SL001--PX32500--PW0100--IN0020--TM282--X050499--Y020134--Z212737--T2350686663.png,WE00020---B005--PO01--LO001--CO6--SL001--PX32500--PW0100--IN0020--TM282--X050499--Y020134--Z212737--T2350686663,WE00020---B005--PO01--LO001--CO6--SL001--PX32500--PW0100--IN0020--TM282--X050499--Y020134--Z212737--T2350686663,2965.0,4846.0,358.26197667087547,92.99763002305015,70.51394946497928,0.48742396843662666,0.6519827103638506,0.6118448204704912,83.40863264674707,0.2871158570626849,0.006005407464560482,0.0032235644890770705,0.0017214473650121677,8.153240427826873e-07,-9.177450076728677e-05,-3.972358321126187e-06,79.0,77.0,1.025974025974026
WE00020---B005--PO01--LO001--CO6--SL001--PX32500--PW0100--IN0020--TM284--X050499--Y020134--Z217577--T2859898172.png,WE00020---B005--PO01--LO001--CO6--SL001--PX32500--PW0100--IN0020--TM284--X050499--Y020134--Z217577--T2859898172,WE00020---B005--PO01--LO001--CO6--SL001--PX32500--PW0100--IN0020--TM284--X050499--Y020134--Z217577--T2859898172,3594.0,4555.0,411.27922061357856,186.59731195032745,32.21828868976902,0.42064606741573035,0.9849811115221424,0.7890230515916575,183.12017911743098,0.6235492305437034,0.3450937002058296,0.05363714832400485,0.03775905829023924,0.0016960230453423872,0.02114934688256284,0.00010513501887004533,178.0,48.0,3.7083333333333335
WE00021---B004--PO01--LO001--CO6--SL001--PX32500--PW0100--IN0020--TM250--X041490--Y020134--Z212870--T2937775248.png,WE00021---B004--PO01--LO001--CO6--SL001--PX32500--PW0100--IN0020--TM250--X041490--Y020134--Z212870--T2937775248,WE00021---B004--PO01--LO001--CO6--SL001--PX32500--PW0100--IN0020--TM250--X041490--Y020134--Z212870--T2937775248,3026.0,4176.0,292.1076477383248,100.53286250355187,52.00304217586257,0.47399749373433586,0.8558198084488167,0.7246168582375478,96.04165762834376,0.26460618057465723,0.02337672772359361,0.0037122436683520673,0.0009488782372036394,6.207838522336312e-07,-1.3793701615848114e-05,1.669176715197877e-06,84.0,76.0,1.105263157894737
WE00021---B004--PO01--LO001--CO6--SL001--PX32500--PW0100--IN0020--TM256--X041490--Y020134--Z211573--T2925781734.png,WE00021---B004--PO01--LO001--CO6--SL001--PX32500--PW0100--IN0020--TM256--X041490--Y020134--Z211573--T2925781734,WE00021---B004--PO01--LO001--CO6--SL001--PX32500--PW0100--IN0020--TM256--X041490--Y020134--Z211573--T2925781734,4760.0,6316.0,521.4213562373095,245.53787946468486,30.739129936610194,0.47105393369619003,0.9921326606378508,0.7536415452818239,237.0358622656074,0.804014500541937,0.6071543617458149,0.16771861985566916,0.14804349433962252,0.023326654237877612,0.11432371310595625,0.00023575336285560928,235.0,43.0,5.465116279069767
WE00021---B004--PO01--LO001--CO6--SL001--PX32500--PW0100--IN0020--TM262--X041490--Y020134--Z213983--T2843537725.png,WE00021---B004--PO01--LO001--CO6--SL001--PX32500--PW0100--IN0020--TM262--X041490--Y020134--Z213983--T2843537725,WE00021---B004--PO01--LO001--CO6--SL001--PX32500--PW0100--IN0020--TM262--X041490--Y020134--Z213983--T2843537725,3435.0,7079.0,425.5046173579947,135.2618390265025,80.40582332664876,0.33775811209439527,0.8041357273871322,0.4852380279700523,116.3872845288522,0.4505251368571277,0.04633670366410763,0.027165237486955502,0.01125695574703832,0.00017027312019323327,-0.0003262071196224104,-9.877996625184531e-05,113.0,90.0,1.2555555555555555
WE00021---B004--PO01--LO001--CO6--SL001--PX32500--PW0100--IN0020--TM269--X041490--Y020134--Z218371--T2945724341.png,WE00021---B004--PO01--LO001--CO6--SL001--PX32500--PW0100--IN0020--TM269--X041490--Y020134--Z218371--T2945724341,WE00021---B004--PO01--LO001--CO6--SL001--PX32500--PW0100--IN0020--TM269--X041490--Y020134--Z218371--T2945724341,4194.0,6363.0,538.7838379715733,240.8782196398175,34.570510254781084,0.15457762052189297,0.9896476165875224,0.6591230551626591,237.87601812709073,0.8824725333232608,0.7171593172213862,0.45942297329263354,0.4055111365006285,0.17501441884379598,0.34142404717779246,0.002275423450852433,204.0,133.0,1.5338345864661653
WE00021---B004--PO01--LO001--CO6--SL001--PX32500--PW0100--IN0020--TM278--X041490--Y020134--Z213475--T2851664516.png,WE00021---B004--PO01--LO001--CO6--SL001--PX32500--PW0100--IN0020--TM278--X041490--Y020134--Z213475--T2851664516,WE00021---B004--PO01--LO001--CO6--SL001--PX32500--PW0100--IN0020--TM278--X041490--Y020134--Z213475--T2851664516,5459.0,6787.0,557.5634918610405,263.1392955898658,32.15874440778319,0.37648275862068964,0.9925040351244777,0.804331810814793,253.02371430362015,0.8045941761931661,0.6098258103978969,0.18374863767026672,0.16531573065897381,0.02881265616591394,0.12909724819906265,-1.2163857180048226e-05,250.0,58.0,4.310344827586207
WE00021---B004--PO01--LO001--CO6--SL001--PX32500--PW0100--IN0020--TM278--X041490--Y020134--Z214061--T2336138331.png,WE00021---B004--PO01--LO001--CO6--SL001--PX32500--PW0100--IN0020--TM278--X041490--Y020134--Z214061--T2336138331,WE00021---B004--PO01--LO001--CO6--SL001--PX32500--PW0100--IN0020--TM278--X041490--Y020134--Z214061--T2336138331,3205.0,4611.0,331.4629867976521,106.86670936278055,51.33953974643711,0.40921859039836567,0.8770455484538828,0.6950769898069833,96.04165762834376,0.27410768157966076,0.02934690516093082,0.003286837593723614,0.00019198047324481965,-1.3738878168972653e-07,-2.6373451517120723e-05,-6.61898316577542e-08,88.0,89.0,0.9887640449438202
WE00021---B004--PO01--LO001--CO6--SL001--PX32500--PW0100--IN0020--TM280--X041490--Y020134--Z211086--T2673515636.png,WE00021---B004--PO01--LO001--CO6--SL001--PX32500--PW0100--IN0020--TM280--X041490--Y020134--Z211086--T2673515636,WE00021---B004--PO01--LO001--CO6--SL001--PX32500--PW0100--IN0020--TM280--X041490--Y020134--Z211086--T2673515636,3164.0,5331.0,394.2680733252853,111.09500398623997,71.65748986722896,0.4185185185185185,0.7641733593122196,0.5935096604764585,95.70788891204319,0.34522945173780617,0.020269021032778275,0.007876942861062601,0.0036407014326644903,1.2902228250145131e-05,-5.8907285575426855e-05,-1.4616622446690646e-05,90.0,84.0,1.0714285714285714
WE00021---B004--PO01--LO001--CO6--SL001--PX32500--PW0100--IN0020--TM280--X041490--Y020134--Z211355--T2248899445.png,WE00021---B004--PO01--LO001--CO6--SL001--PX32500--PW0100--IN0020--TM280--X041490--Y020134--Z211355--T2248899445,WE00021---B004--PO01--LO001--CO6--SL001--PX32500--PW0100--IN0020--TM280--X041490--Y020134--Z211355--T2248899445,3920.0,5003.0,412.79393923934003,192.0647603965298,32.802331999200646,0.549250385315959,0.9853078210747422,0.7835298820707576,183.61372497719228,0.605307161523632,0.32603661557941627,0.07388791914524785,0.059136118812274145,0.003907592037994534,0.033321781236256884,-0.00010499885668081746,183.0,39.0,4.6923076923076925
WE00021---B004--PO01--LO001--CO6--SL001--PX32500--PW0100--IN0020--TM280--X041490--Y020134--Z212293--T2253617780.png,WE00021---B004--PO01--LO001--CO6--SL001--PX32500--PW0100--IN0020--TM280--X041490--Y020134--Z212293--T2253617780,WE00021---B004--PO01--LO001--CO6--SL001--PX32500--PW0100--IN0020--TM280--X041490--Y020134--Z212293--T2253617780,4096.0,5136.0,509.4629867976521,239.34534131857598,26.693611491246784,0.27705627705627706,0.9937613367582911,0.7975077881619937,229.95651762887695,0.8849905594688607,0.745192435739445,0.23630866081644852,0.21598304664910442,0.048793921691877754,0.1862087307055302,-0.00019837515251699273,224.0,66.0,3.393939393939394
WE00021---B004--PO01--LO001--CO6--SL001--PX32500--PW0100--IN0020--TM281--X041490--Y020134--Z211281--T2687582271.png,WE00021---B004--PO01--LO001--CO6--SL001--PX32500--PW0100--IN0020--TM281--X041490--Y020134--Z211281--T2687582271,WE00021---B004--PO01--LO001--CO6--SL001--PX32500--PW0100--IN0020--TM281--X041490--Y020134--Z211281--T2687582271,5309.0,7513.0,526.2497833620557,239.88919336850597,38.352307029253815,0.41428014046039796,0.9871372522257748,0.7066418208438706,235.9194777885031,0.6947839111586293,0.43580026135090305,0.10039498680619427,0.07295097598360736,0.0062311909025901824,0.04514891806025694,0.0003859858581271012,233.0,55.0,4.236363636363636
WE00021---B004--PO01--LO001--CO6--SL001--PX32500--PW0100--IN0020--TM282--X041490--Y020134--Z209805--T2255887644.png,WE00021---B004--PO01--LO001--CO6--SL001--PX32500--PW0100--IN0020--TM282--X041490--Y020134--Z209805--T2255887644,WE00021---B004--PO01--LO001--CO6--SL001--PX32500--PW0100--IN0020--TM282--X041490--Y020134--Z209805--T2255887644,4035.0,5144.0,506.208152801713,240.98693524825788,27.3051696470944,0.402734803872642,0.9935601847262625,0.7844090202177294,234.33736364481018,0.9110947219610385,0.7885398920670476,0.31477506525399734,0.28732855898343157,0.08641039467946453,0.2549861549913932,-0.0002851533988727749,233.0,43.0,5.4186046511627906
WE00021---B004--PO01--LO001--CO6--SL001--PX32500--PW0100--IN0020--TM282--X041490--Y020134--Z213137--T2350767538.png,WE00021---B004--PO01--LO001--CO6--SL001--PX32500--PW0100--IN0020--TM282--X041490--Y020134--Z213137--T2350767538,WE00021---B004--PO01--LO001--CO6--SL001--PX32500--PW0100--IN0020--TM282--X041490--Y020134--Z213137--T2350767538,3592.0,5934.0,373.1614716074871,114.1329364085685,72.76725178718728,0.4045045045045045,0.7703959422778691,0.6053252443545669,112.44998888394787,0.3187882813526979,0.01809619590046299,0.012662750161171545,0.00487686831389147,2.3912575385517942e-05,8.677398650417713e-05,-2.9949118741103793e-05,111.0,80.0,1.3875
WE00021---B004--PO01--LO001--CO6--SL001--PX32500--PW0100--IN0020--TM282--X041490--Y020134--Z215639--T2361253931.png,WE00021---B004--PO01--LO001--CO6--SL001--PX32500--PW0100--IN0020--TM282--X041490--Y020134--Z215639--T2361253931,WE00021---B004--PO01--LO001--CO6--SL001--PX32500--PW0100--IN0020--TM282--X041490--Y020134--Z215639--T2361253931,3182.0,4913.0,399.01933598375615,103.22852039501426,67.34161036638653,0.4479166666666667,0.7579138120471818,0.6476694484021982,97.86214794290998,0.29837798376968283,0.014455655194408251,0.0032665705361948705,0.0008078556220436568,6.980348620261509e-07,-7.75782155114691e-05,1.1112991673907171e-06,96.0,74.0,1.2972972972972974
WE00021---B004--PO01--LO001--CO6--SL001--PX32500--PW0100--IN0020--TM284--X041490--Y020134--Z214177--T2859978351.png,WE00021---B004--PO01--LO001--CO6--SL001--PX32500--PW0100--IN0020--TM284--X041490--Y020134--Z214177--T2859978351,WE00021---B004--PO01--LO001--CO6--SL001--PX32500--PW0100--IN0020--TM284--X041490--Y020134--Z214177--T2859978351,2878.0,5408.0,374.3746750430835,104.69187770429099,70.86792173652665,0.37739312876999737,0.7360575113614097,0.5321745562130178,94.2019108086455,0.34708677007697813,0.016629431712939877,0.00894516191298731,0.005349911412666328,2.320644711135156e-05,-0.00028128833212508935,2.8829997709871613e-05,93.0,82.0,1.1341463414634145
WE00021---B004--PO01--LO001--CO6--SL002--PX32500--PW0100--IN0020--TM282--X041490--Y020134--Z209655--T2255887805.png,WE00021---B004--PO01--LO001--CO6--SL002--PX32500--PW0100--IN0020--TM282--X041490--Y020134--Z209655--T2255887805,WE00021---B004--PO01--LO001--CO6--SL002--PX32500--PW0100--IN0020--TM282--X041490--Y020134--Z209655--T2255887805,4043.0,5144.0,506.208152801713,240.9488848711015,27.32408741865772,0.4035332867551652,0.9935491857656195,0.7859642301710731,234.33736364481018,0.9090244075236487,0.784891673497577,0.310222904557295,0.2830366359968158,0.08386843391237715,0.2505944573889186,-0.00027749361376477877,233.0,43.0,5.4186046511627906
WE00021---B004--PO01--LO001--CO6--SL003--PX32500--PW0100--IN0020--TM282--X041490--Y020134--Z209505--T2255887958.png,WE00021---B004--PO01--LO001--CO6--SL003--PX32500--PW0100--IN0020--TM282--X041490--Y020134--Z209505--T2255887958,WE00021---B004--PO01--LO001--CO6--SL003--PX32500--PW0100--IN0020--TM282--X041490--Y020134--Z209505--T2255887958,4034.0,5144.0,505.37972567696687,240.70340732335183,27.335009959447298,0.40263499351232657,0.9935307929904355,0.7842146189735615,234.33736364481018,0.9092298752254973,0.7851317261638442,0.31414442803595044,0.28665298388784616,0.08601953737428096,0.25384466687977203,-0.0002786309500198633,233.0,43.0,5.4186046511627906
WE00022---B003--PO01--LO001--CO6--SL001--PX32500--PW0100--IN0020--TM250--X032481--Y020134--Z210870--T2937855069.png,WE00022---B003--PO01--LO001--CO6--SL001--PX32500--PW0100--IN0020--TM250--X032481--Y020134--Z210870--T2937855069,WE00022---B003--PO01--LO001--CO6--SL001--PX32500--PW0100--IN0020--TM250--X032481--Y020134--Z210870--T2937855069,2506.0,3998.0,329.22034611053283,88.16797309600804,64.00833582604739,0.45838668373879643,0.6877140085525664,0.6268134067033517,77.52418977325722,0.2960559291470086,0.008407614923606133,0.003307531562555629,0.001666287355156679,2.3178084119442213e-06,-6.002158151421644e-05,-3.1511835545416973e-06,77.0,71.0,1.0845070422535212
WE00022---B003--PO01--LO001--CO6--SL001--PX32500--PW0100--IN0020--TM256--X032481--Y020134--Z208173--T2925861843.png,WE00022---B003--PO01--LO001--CO6--SL001--PX32500--PW0100--IN0020--TM256--X032481--Y020134--Z208173--T2925861843,WE00022---B003--PO01--LO001--CO6--SL001--PX32500--PW0100--IN0020--TM256--X032481--Y020134--Z208173--T2925861843,4447.0,5892.0,522.79393923934,250.64863524376685,27.497546939401467,0.5228689006466785,0.9939641300443949,0.7547522063815343,243.01851781294363,0.8935919360980361,0.7609743190580763,0.2181669465187787,0.19967327970138196,0.0416742370380844,0.1734255739101125,-0.00023228545920845212,243.0,35.0,6.942857142857143
WE00022---B003--PO01--LO001--CO6--SL001--PX32500--PW0100--IN0020--TM262--X032481--Y020134--Z217183--T2843618609.png,WE00022---B003--PO01--LO001--CO6--SL001--PX32500--PW0100--IN0020--TM262--X032481--Y020134--Z217183--T2843618609,WE00022---B003--PO01--LO001--CO6--SL001--PX32500--PW0100--IN0020--TM262--X032481--Y020134--Z217183--T2843618609,3012.0,4222.0,341.22034611053283,153.52780281709423,36.87149591161582,0.43108630313439245,0.9707329008372466,0.7134059687351966,138.91724155050014,0.5173118660484078,0.21242089556770624,0.028764691353444824,0.015498288950457451,0.0003209310608347013,0.006159656476441287,-6.390539400667947e-05,137.0,51.0,2.6862745098039214
WE00022---B003--PO01--LO001--CO6--SL001--PX32500--PW0100--IN0020--TM269--X032481--Y020134--Z217571--T2945805104.png,WE00022---B003--PO01--LO001--CO6--SL001--PX32500--PW0100--IN0020--TM269--X032481--Y020134--Z217571--T2945805104,WE00022---B003--PO01--LO001--CO6--SL001--PX32500--PW0100--IN0020--TM269--X032481--Y020134--Z217571--T2945805104,4187.0,5635.0,491.5533905932738,238.32799288129095,29.79082816230202,0.1628929349517585,0.9921568320177209,0.7430346051464064,221.2690669750293,0.8611136498898448,0.6965874474247575,0.22742035138745573,0.20043487254426548,0.04279288072834196,0.16715510647033044,0.0001608037092144833,168.0,153.0,1.0980392156862746
WE00022---B003--PO01--LO001--CO6--SL001--PX32500--PW0100--IN0020--TM278--X032481--Y020134--Z208861--T2336220649.png,WE00022---B003--PO01--LO001--CO6--SL001--PX32500--PW0100--IN0020--TM278--X032481--Y020134--Z208861--T2336220649,WE00022---B003--PO01--LO001--CO6--SL001--PX32500--PW0100--IN0020--TM278--X032481--Y020134--Z208861--T2336220649,3322.0,4286.0,324.73506473629425,89.09765802154679,64.63389556034973,0.5998555435175154,0.6882985348696133,0.7750816612225851,83.00602387778854,0.22794877182854267,0.005006489538346301,0.0005440341231107269,0.0001874309715195064,-1.2645114096683135e-08,-7.0968394470410125e-06,-5.850046343903212e-08,78.0,71.0,1.0985915492957747
WE00022---B003--PO01--LO001--CO6--SL001--PX32500--PW0100--IN0020--TM278--X032481--Y020134--Z214475--T2851745436.png,WE00022---B003--PO01--LO001--CO6--SL001--PX32500--PW0100--IN0020--TM278--X032481--Y020134--Z214475--T2851745436,WE00022---B003--PO01--LO001--CO6--SL001--PX32500--PW0100--IN0020--TM278--X032481--Y020134--Z214475--T2851745436,5250.0,6645.0,545.938166904124,252.40432194748524,31.695825459713294,0.17357093265447812,0.9920840525895337,0.7900677200902935,248.31028975860022,0.7703877034445524,0.557214552980094,0.14391969303379962,0.12861893591153178,0.017498994692322727,0.09591971986428709,7.860028447657236e-05,203.0,149.0,1.3624161073825503
WE00022---B003--PO01--LO001--CO6--SL001--PX32500--PW0100--IN0020--TM280--X032481--Y020134--Z211055--T2248957422.png,WE00022---B003--PO01--LO001--CO6--SL001--PX32500--PW0100--IN0020--TM280--X032481--Y020134--Z211055--T2248957422,WE00022---B003--PO01--LO001--CO6--SL001--PX32500--PW0100--IN0020--TM280--X032481--Y020134--Z211055--T2248957422,4249.0,6032.0,510.97770542341357,224.64287619837748,34.20207660730416,0.3810762331838565,0.9883418781758271,0.7044098143236074,225.28426487440262,0.7595052346277279,0.5257580939224918,0.31364129848726857,0.2766504919940103,0.08149152959282135,0.20050303100366568,-0.00020110006511276507,223.0,50.0,4.46
WE00022---B003--PO01--LO001--CO6--SL001--PX32500--PW0100--IN0020--TM280--X032481--Y020134--Z212193--T2253675830.png,WE00022---B003--PO01--LO001--CO6--SL001--PX32500--PW0100--IN0020--TM280--X032481--Y020134--Z212193--T2253675830,WE00022---B003--PO01--LO001--CO6--SL001--PX32500--PW0100--IN0020--TM280--X032481--Y020134--Z212193--T2253675830,4461.0,5505.0,503.3797256769669,240.35213523274663,28.355645773111316,0.5082023239917977,0.9930165147847713,0.8103542234332425,232.04525420701884,0.8206286645111897,0.6369618357836608,0.1496396789913816,0.13426539286581138,0.01903071165452055,0.10661825445446696,0.0001554350314570299,231.0,38.0,6.078947368421052
WE00022---B003--PO01--LO001--CO6--SL001--PX32500--PW0100--IN0020--TM280--X032481--Y020134--Z212486--T2673597764.png,WE00022---B003--PO01--LO001--CO6--SL001--PX32500--PW0100--IN0020--TM280--X032481--Y020134--Z212486--T2673597764,WE00022---B003--PO01--LO001--CO6--SL001--PX32500--PW0100--IN0020--TM280--X032481--Y020134--Z212486--T2673597764,3964.0,6635.0,382.0904037956216,126.71164969917942,66.20643149278172,0.40448979591836737,0.8526412457600738,0.5974378296910324,112.4144118874444,0.3222618210850144,0.03387070789495925,0.008891491519085717,0.003066345043426143,6.002941480140137e-06,-0.0001411570225895935,-1.4843088290968347e-05,100.0,98.0,1.0204081632653061
WE00022---B003--PO01--LO001--CO6--SL001--PX32500--PW0100--IN0020--TM281--X032481--Y020134--Z213481--T2687663544.png,WE00022---B003--PO01--LO001--CO6--SL001--PX32500--PW0100--IN0020--TM281--X032481--Y020134--Z213481--T2687663544,WE00022---B003--PO01--LO001--CO6--SL001--PX32500--PW0100--IN0020--TM281--X032481--Y020134--Z213481--T2687663544,4907.0,9526.0,562.842712474619,225.3948513352525,66.29819720596609,0.2857725234406849,0.9557615864796029,0.5151165231996641,223.98660674245681,0.7030554559965576,0.34938332227028424,0.2292774307409867,0.10233729591606734,0.014973193466524634,0.043285054104696276,-0.004640718830200801,223.0,77.0,2.896103896103896
WE00022---B003--PO01--LO001--CO6--SL001--PX32500--PW0100--IN0020--TM282--X032481--Y020134--Z210955--T2255945922.png,WE00022---B003--PO01--LO001--CO6--SL001--PX32500--PW0100--IN0020--TM282--X032481--Y020134--Z210955--T2255945922,WE00022---B003--PO01--LO001--CO6--SL001--PX32500--PW0100--IN0020--TM282--X032481--Y020134--Z210955--T2255945922,4485.0,5606.0,507.9655121145938,240.83234351961363,27.971756560811627,0.47355083940449794,0.9932321304837017,0.8000356760613628,232.34887561595818,0.8191560319153638,0.635766189595127,0.1536674618648606,0.13977631934555756,0.020484993676408395,0.11122231803213178,0.0001033319101996881,231.0,41.0,5.634146341463414
WE00022---B003--PO01--LO001--CO6--SL001--PX32500--PW0100--IN0020--TM282--X032481--Y020134--Z212937--T2350848240.png,WE00022---B003--PO01--LO001--CO6--SL001--PX32500--PW0100--IN0020--TM282--X032481--Y020134--Z212937--T2350848240,WE00022---B003--PO01--LO001--CO6--SL001--PX32500--PW0100--IN0020--TM282--X032481--Y020134--Z212937--T2350848240,2555.0,3625.0,273.0782104868019,100.24910994801625,45.2833690337938,0.5214285714285715,0.8921656155238565,0.7048275862068966,99.46356116689167,0.2959996956071479,0.038289725499834955,0.007692180293034102,0.0015308602596867356,1.0963864962731547e-06,-4.492305688334756e-05,-5.1375645905753076e-06,98.0,50.0,1.96
WE00022---B003--PO01--LO001--CO6--SL001--PX32500--PW0100--IN0020--TM282--X032481--Y020134--Z224039--T2361335156.png,WE00022---B003--PO01--LO001--CO6--SL001--PX32500--PW0100--IN0020--TM282--X032481--Y020134--Z224039--T2361335156,WE00022---B003--PO01--LO001--CO6--SL001--PX32500--PW0100--IN0020--TM282--X032481--Y020134--Z224039--T2361335156,3822.0,6548.0,408.8772003600252,107.52472423501958,80.87564009834107,0.4673514306676449,0.6589821876624015,0.583689676237019,99.16148445843275,0.29602360483930856,0.006740726740936415,0.0040939909817987235,0.0032670316515611593,6.0440096890610024e-06,-8.109403249619446e-05,1.0306797174081232e-05,87.0,94.0,0.925531914893617
WE00022---B003--PO01--LO001--CO6--SL001--PX32500--PW0100--IN0020--TM284--X032481--Y020134--Z212177--T2860059542.png,WE00022---B003--PO01--LO001--CO6--SL001--PX32500--PW0100--IN0020--TM284--X032481--Y020134--Z212177--T2860059542,WE00022---B003--PO01--LO001--CO6--SL001--PX32500--PW0100--IN0020--TM284--X032481--Y020134--Z212177--T2860059542,2902.0,5084.0,377.01933598375615,99.37908847694067,73.65202625744938,0.42714159552546366,0.6713704038684669,0.5708103855232101,88.07383266328314,0.32953187884079116,0.009191661526386036,0.0037317050975201145,0.003587782429265428,9.70199919412789e-06,-7.837326458490358e-05,-8.843699586713014e-06,86.0,79.0,1.0886075949367089
WE00022---B003--PO01--LO001--CO6--SL002--PX32500--PW0100--IN0020--TM282--X032481--Y020134--Z210805--T2255946116.png,WE00022---B003--PO01--LO001--CO6--SL002--PX32500--PW0100--IN0020--TM282--X032481--Y020134--Z210805--T2255946116,WE00022---B003--PO01--LO001--CO6--SL002--PX32500--PW0100--IN0020--TM282--X032481--Y020134--Z210805--T2255946116,4489.0,5599.0,507.7228714274745,241.10339947271606,28.006148917499377,0.476033934252386,0.9932307189117691,0.8017503125558135,231.57936004747918,0.8202716865461301,0.6374919887503423,0.15496167153979015,0.14092054442392224,0.020824187527636335,0.11228738561458212,0.00010526569982696396,230.0,41.0,5.609756097560975
WE00022---B003--PO01--LO001--CO6--SL003--PX32500--PW0100--IN0020--TM282--X032481--Y020134--Z210655--T2255946405.png,WE00022---B003--PO01--LO001--CO6--SL003--PX32500--PW0100--IN0020--TM282--X032481--Y020134--Z210655--T2255946405,WE00022---B003--PO01--LO001--CO6--SL003--PX32500--PW0100--IN0020--TM282--X032481--Y020134--Z210655--T2255946405,4492.0,5597.0,507.1370849898476,241.2212502558067,27.991979445974636,0.47635206786850476,0.9932442187338432,0.8025728068608183,231.57936004747918,0.8205037078177647,0.6379211179497152,0.15396200576180893,0.1400034096607938,0.020554600951274652,0.11158611040375065,0.00010484197188359492,230.0,41.0,5.609756097560975
WE00023---B002--PO01--LO001--CO6--SL001--PX32500--PW0100--IN0020--TM250--X023472--Y020134--Z210470--T2937935051.png,WE00023---B002--PO01--LO001--CO6--SL001--PX32500--PW0100--IN0020--TM250--X023472--Y020134--Z210470--T2937935051,WE00023---B002--PO01--LO001--CO6--SL001--PX32500--PW0100--IN0020--TM250--X023472--Y020134--Z210470--T2937935051,3241.0,4522.0,320.9066376115481,113.64240365173592,50.52641157834948,0.44678797904604356,0.8957248594685306,0.7167182662538699,104.31682510506155,0.29827819682831014,0.03992658139660325,0.005708700677495806,0.0021628710321234114,6.217925887821025e-06,0.00016806470390484063,4.370086764359042e-06,78.0,93.0,0.8387096774193549
WE00023---B002--PO01--LO001--CO6--SL001--PX32500--PW0100--IN0020--TM256--X023472--Y020134--Z211973--T2925942077.png,WE00023---B002--PO01--LO001--CO6--SL001--PX32500--PW0100--IN0020--TM256--X023472--Y020134--Z211973--T2925942077,WE00023---B002--PO01--LO001--CO6--SL001--PX32500--PW0100--IN0020--TM256--X023472--Y020134--Z211973--T2925942077,4886.0,6177.0,515.8650070512055,245.8832359940486,30.99963099800281,0.522008547008547,0.9920207633169672,0.7909988667638012,234.10467744152402,0.7856572716040386,0.5792310554865814,0.1510500065150057,0.1331800592382094,0.018889377562486712,0.10132231740598743,5.0178937333943434e-05,234.0,40.0,5.85
WE00023---B002--PO01--LO001--CO6--SL001--PX32500--PW0100--IN0020--TM262--X023472--Y020134--Z211183--T2843699165.png,WE00023---B002--PO01--LO001--CO6--SL001--PX32500--PW0100--IN0020--TM262--X023472--Y020134--Z211183--T2843699165,WE00023---B002--PO01--LO001--CO6--SL001--PX32500--PW0100--IN0020--TM262--X023472--Y020134--Z211183--T2843699165,3276.0,4774.0,344.2914139223983,124.79364817262889,52.69833601509898,0.40147058823529413,0.9064636738042132,0.6862170087976539,127.94530081249565,0.35009480393380193,0.059599661138036365,0.022632338780525514,0.008523401525893213,0.00010908992864945582,0.0011348616927157134,4.597375815081302e-05,120.0,68.0,1.7647058823529411
WE00023---B002--PO01--LO001--CO6--SL001--PX32500--PW0100--IN0020--TM269--X023472--Y020134--Z211771--T2945886397.png,WE00023---B002--PO01--LO001--CO6--SL001--PX32500--PW0100--IN0020--TM269--X023472--Y020134--Z211771--T2945886397,WE00023---B002--PO01--LO001--CO6--SL001--PX32500--PW0100--IN0020--TM269--X023472--Y020134--Z211771--T2945886397,4553.0,6763.0,532.6223663640861,246.90245367586783,36.13415215036302,0.39195936639118456,0.9892328863900828,0.6732219429247376,242.05164738129753,0.8547454780198446,0.670595354740852,0.4617422942177556,0.4049943298361917,0.17513404219108622,0.3315517161789244,-0.0006142297383027531,242.0,48.0,5.041666666666667
WE00023---B002--PO01--LO001--CO6--SL001--PX32500--PW0100--IN0020--TM278--X023472--Y020134--Z213261--T2336302927.png,WE00023---B002--PO01--LO001--CO6--SL001--PX32500--PW0100--IN0020--TM278--X023472--Y020134--Z213261--T2336302927,WE00023---B002--PO01--LO001--CO6--SL001--PX32500--PW0100--IN0020--TM278--X023472--Y020134--Z213261--T2336302927,2998.0,4716.0,360.3919189857867,101.55731195936212,66.44226016711835,0.5084803256445047,0.756292070754189,0.6357082273112807,90.70832376358854,0.3070476473592027,0.015125152270379135,0.003835278248146122,0.0017679896492932498,3.4915790443331024e-06,-3.323586360903802e-05,-3.0006671243332178e-06,67.0,88.0,0.7613636363636364
WE00023---B002--PO01--LO001--CO6--SL001--PX32500--PW0100--IN0020--TM278--X023472--Y020134--Z213475--T2851825993.png,WE00023---B002--PO01--LO001--CO6--SL001--PX32500--PW0100--IN0020--TM278--X023472--Y020134--Z213475--T2851825993,WE00023---B002--PO01--LO001--CO6--SL001--PX32500--PW0100--IN0020--TM278--X023472--Y020134--Z213475--T2851825993,5301.0,6691.0,502.5584412271571,226.7058305985392,35.28785669681406,0.25728013977868375,0.9878115078447736,0.7922582573606337,222.17110523198104,0.6206466522546268,0.3496161698587704,0.060462958631597896,0.04984545710926186,0.0027362119547730797,0.029192597851526746,3.390355987042379e-05,204.0,101.0,2.01980198019802
WE00023---B002--PO01--LO001--CO6--SL001--PX32500--PW0100--IN0020--TM280--X023472--Y020134--Z211286--T2673679011.png,WE00023---B002--PO01--LO001--CO6--SL001--PX32500--PW0100--IN0020--TM280--X023472--Y020134--Z211286--T2673679011,WE00023---B002--PO01--LO001--CO6--SL001--PX32500--PW0100--IN0020--TM280--X023472--Y020134--Z211286--T2673679011,3873.0,6580.0,386.3330444827409,133.12981451142457,62.137976391870644,0.44619815668202767,0.88439074710735,0.5886018237082067,129.9730741346068,0.3483197072992994,0.05004297371130088,0.014619838737913135,0.006613853721211604,5.4049412986789105e-05,0.0007141091917552078,3.6170838094115504e-05,70.0,124.0,0.5645161290322581
WE00023---B002--PO01--LO001--CO6--SL001--PX32500--PW0100--IN0020--TM280--X023472--Y020134--Z211355--T2249015381.png,WE00023---B002--PO01--LO001--CO6--SL001--PX32500--PW0100--IN0020--TM280--X023472--Y020134--Z211355--T2249015381,WE00023---B002--PO01--LO001--CO6--SL001--PX32500--PW0100--IN0020--TM280--X023472--Y020134--Z211355--T2249015381,4986.0,6665.0,523.5634918610405,243.14520511230575,31.594928644677843,0.434850863422292,0.991521513434862,0.7480870217554388,236.04448733236708,0.7535829107145947,0.5307950834525671,0.1271843440014678,0.11174372228982075,0.01332063041711652,0.08067062462448991,0.00014784856293324246,234.0,49.0,4.775510204081633
WE00023---B002--PO01--LO001--CO6--SL001--PX32500--PW0100--IN0020--TM280--X023472--Y020134--Z212343--T2253733609.png,WE00023---B002--PO01--LO001--CO6--SL001--PX32500--PW0100--IN0020--TM280--X023472--Y020134--Z212343--T2253733609,WE00023---B002--PO01--LO001--CO6--SL001--PX32500--PW0100--IN0020--TM280--X023472--Y020134--Z212343--T2253733609,4321.0,5715.0,503.1370849898476,239.4780947258833,29.17996444126194,0.5218599033816426,0.9925487527972711,0.7560804899387576,230.4256930118688,0.8418367880457714,0.6678240746426923,0.25964045276540926,0.23521542767620335,0.05812792550459637,0.19217970535037743,-3.061625527291806e-05,230.0,36.0,6.388888888888889
WE00023---B002--PO01--LO001--CO6--SL001--PX32500--PW0100--IN0020--TM281--X023472--Y020134--Z210081--T2687744764.png,WE00023---B002--PO01--LO001--CO6--SL001--PX32500--PW0100--IN0020--TM281--X023472--Y020134--Z210081--T2687744764,WE00023---B002--PO01--LO001--CO6--SL001--PX32500--PW0100--IN0020--TM281--X023472--Y020134--Z210081--T2687744764,4955.0,6385.0,511.9655121145938,240.96929343105663,33.04559762689625,0.5085180623973727,0.9905522098280432,0.7760375880971025,232.55106965997814,0.7461933892429541,0.5164508763132287,0.14312253758128538,0.12231836874941515,0.01618289561767455,0.08734937920637903,0.0002063460520167731,232.0,42.0,5.523809523809524
WE00023---B002--PO01--LO001--CO6--SL001--PX32500--PW0100--IN0020--TM282--X023472--Y020134--Z210239--T2361415819.png,WE00023---B002--PO01--LO001--CO6--SL001--PX32500--PW0100--IN0020--TM282--X023472--Y020134--Z210239--T2361415819,WE00023---B002--PO01--LO001--CO6--SL001--PX32500--PW0100--IN0020--TM282--X023472--Y020134--Z210239--T2361415819,3409.0,5520.0,355.6051224213831,102.69406539509622,73.62464087163018,0.5021358079245839,0.697143312438494,0.6175724637681159,105.19030373565806,0.2927298843291437,0.008830304542539568,0.00766289047867014,0.0033618190705756263,7.65251009107142e-06,7.115665945680932e-05,-1.5250846116440466e-05,73.0,93.0,0.7849462365591398
WE00023---B002--PO01--LO001--CO6--SL001--PX32500--PW0100--IN0020--TM282--X023472--Y020134--Z210537--T2350929561.png,WE00023---B002--PO01--LO001--CO6--SL001--PX32500--PW0100--IN0020--TM282--X023472--Y020134--Z210537--T2350929561,WE00023---B002--PO01--LO001--CO6--SL001--PX32500--PW0100--IN0020--TM282--X023472--Y020134--Z210537--T2350929561,3267.0,5170.0,372.88329701443513,95.5518912586018,74.70132352864664,0.48001763150161625,0.6235443027090475,0.6319148936170212,84.34453153583817,0.2814212515309764,0.004611988093410382,0.002022190580660142,0.0011964732355364694,8.188892505234237e-08,-4.006534700073824e-05,-1.8592796062102868e-06,82.0,83.0,0.9879518072289156
WE00023---B002--PO01--LO001--CO6--SL001--PX32500--PW0100--IN0020--TM284--X023472--Y020134--Z211377--T2860140820.png,WE00023---B002--PO01--LO001--CO6--SL001--PX32500--PW0100--IN0020--TM284--X023472--Y020134--Z211377--T2860140820,WE00023---B002--PO01--LO001--CO6--SL001--PX32500--PW0100--IN0020--TM284--X023472--Y020134--Z211377--T2860140820,3052.0,4976.0,366.3330444827409,103.55728947542951,62.95873483577209,0.44921989991168676,0.7939673220911347,0.6133440514469454,91.67878707749138,0.30078461860294414,0.019165678004342976,0.0027950549307841775,0.002225789897113199,4.799876392451549e-06,-3.6869753890167e-05,-2.7896077560520283e-06,79.0,86.0,0.9186046511627907
WE00024---B001--PO01--LO001--CO6--SL001--PX32500--PW0100--IN0020--TM250--X014463--Y020134--Z210270--T2938015084.png,WE00024---B001--PO01--LO001--CO6--SL001--PX32500--PW0100--IN0020--TM250--X014463--Y020134--Z210270--T2938015084,WE00024---B001--PO01--LO001--CO6--SL001--PX32500--PW0100--IN0020--TM250--X014463--Y020134--Z210270--T2938015084,3148.0,4210.0,297.8061325481598,109.20239075136429,48.71494546088842,0.5107073329007138,0.8949842230100481,0.7477434679334917,96.04165762834376,0.28387682768962413,0.035965051881914775,0.001998974907795077,0.0005914010129731206,2.682180964131635e-07,-1.5653346376139577e-05,-5.844126338730478e-07,92.0,67.0,1.373134328358209
WE00024---B001--PO01--LO001--CO6--SL001--PX32500--PW0100--IN0020--TM256--X014463--Y020134--Z210173--T2926022041.png,WE00024---B001--PO01--LO001--CO6--SL001--PX32500--PW0100--IN0020--TM256--X014463--Y020134--Z210173--T2926022041,WE00024---B001--PO01--LO001--CO6--SL001--PX32500--PW0100--IN0020--TM256--X014463--Y020134--Z210173--T2926022041,4926.0,6390.0,530.5929291125633,249.3968997150098,32.42342384555697,0.41394957983193276,0.9915130333958737,0.7708920187793428,240.55976388415417,0.8025031973371816,0.6019066350502442,0.21169747205604403,0.18630680968697322,0.036998995731798504,0.14416627966230677,0.00026326041149644236,238.0,50.0,4.76
WE00024---B001--PO01--LO001--CO6--SL001--PX32500--PW0100--IN0020--TM262--X014463--Y020134--Z213383--T2843779438.png,WE00024---B001--PO01--LO001--CO6--SL001--PX32500--PW0100--IN0020--TM262--X014463--Y020134--Z213383--T2843779438,WE00024---B001--PO01--LO001--CO6--SL001--PX32500--PW0100--IN0020--TM262--X014463--Y020134--Z213383--T2843779438,2357.0,2577.0,203.6812408671319,73.55191759615082,43.195041500871525,0.7944051230198854,0.8093890559350442,0.9146294140473419,71.8679344353238,0.1929278795166783,0.008831738069733072,0.00018974238876274496,7.79934270525769e-06,-2.535767373358299e-10,-7.308704098816547e-07,-1.6037053028843712e-10,69.0,43.0,1.6046511627906976
WE00024---B001--PO01--LO001--CO6--SL001--PX32500--PW0100--IN0020--TM269--X014463--Y020134--Z210971--T2945967011.png,WE00024---B001--PO01--LO001--CO6--SL001--PX32500--PW0100--IN0020--TM269--X014463--Y020134--Z210971--T2945967011,WE00024---B001--PO01--LO001--CO6--SL001--PX32500--PW0100--IN0020--TM269--X014463--Y020134--Z210971--T2945967011,4851.0,5975.0,522.5512985522207,247.29971641564094,30.325667544364865,0.5462837837837838,0.9924528069513269,0.8118828451882846,240.67405344157896,0.799793803484691,0.6023257309809434,0.17536777161870765,0.15795225044331945,0.02628834622823236,0.12258517890236438,3.350315566633122e-05,240.0,37.0,6.486486486486487
WE00024---B001--PO01--LO001--CO6--SL001--PX32500--PW0100--IN0020--TM278--X014463--Y020134--Z211875--T2851907461.png,WE00024---B001--PO01--LO001--CO6--SL001--PX32500--PW0100--IN0020--TM278--X014463--Y020134--Z211875--T2851907461,WE00024---B001--PO01--LO001--CO6--SL001--PX32500--PW0100--IN0020--TM278--X014463--Y020134--Z211875--T2851907461,4192.0,6406.0,546.2914139223983,256.83148354224846,31.991309735333655,0.3317505539727762,0.9922118915163918,0.6543865126443958,245.2305038122297,0.9987156315167927,0.9374071011323245,0.6265462955840733,0.5670173519304613,0.3379591887350327,0.5481037386870706,0.001897966514468663,243.0,52.0,4.673076923076923
WE00024---B001--PO01--LO001--CO6--SL001--PX32500--PW0100--IN0020--TM278--X014463--Y020134--Z212061--T2336385973.png,WE00024---B001--PO01--LO001--CO6--SL001--PX32500--PW0100--IN0020--TM278--X014463--Y020134--Z212061--T2336385973,WE00024---B001--PO01--LO001--CO6--SL001--PX32500--PW0100--IN0020--TM278--X014463--Y020134--Z212061--T2336385973,3022.0,4589.0,341.9482681718907,105.40360709987253,57.608191059331816,0.4606005182136869,0.8374274041668194,0.6585312704292874,94.30270409696638,0.2984080093231465,0.025964602814771504,0.0026155133519907463,0.0010961341561399063,9.705204605278688e-07,-7.560513315380491e-05,-1.5820125200798097e-06,81.0,81.0,1.0
WE00024---B001--PO01--LO001--CO6--SL001--PX32500--PW0100--IN0020--TM280--X014463--Y020134--Z211255--T2249072963.png,WE00024---B001--PO01--LO001--CO6--SL001--PX32500--PW0100--IN0020--TM280--X014463--Y020134--Z211255--T2249072963,WE00024---B001--PO01--LO001--CO6--SL001--PX32500--PW0100--IN0020--TM280--X014463--Y020134--Z211255--T2249072963,5279.0,6521.0,541.3624817342638,252.51821675198977,31.96728947359937,0.3282960199004975,0.9919546163138208,0.8095384143536267,244.75293665245368,0.7670410753444521,0.551816620479683,0.14292715842637171,0.12705321977929718,0.01712126426377589,0.09435851712329857,9.16786116941272e-06,240.0,67.0,3.582089552238806
WE00024---B001--PO01--LO001--CO6--SL001--PX32500--PW0100--IN0020--TM280--X014463--Y020134--Z211886--T2673760654.png,WE00024---B001--PO01--LO001--CO6--SL001--PX32500--PW0100--IN0020--TM280--X014463--Y020134--Z211886--T2673760654,WE00024---B001--PO01--LO001--CO6--SL001--PX32500--PW0100--IN0020--TM280--X014463--Y020134--Z211886--T2673760654,2897.0,4188.0,295.4213562373095,98.42497355435201,57.716937450286245,0.46786175710594313,0.8100177093225651,0.691738299904489,95.1892851112981,0.28086641974057536,0.018804523239747805,0.010815814149932643,0.001421565034962324,-3.024556371869214e-06,-0.00012525796308956137,-4.682238577109295e-06,86.0,72.0,1.1944444444444444
WE00024---B001--PO01--LO001--CO6--SL001--PX32500--PW0100--IN0020--TM280--X014463--Y020134--Z212143--T2253791465.png,WE00024---B001--PO01--LO001--CO6--SL001--PX32500--PW0100--IN0020--TM280--X014463--Y020134--Z212143--T2253791465,WE00024---B001--PO01--LO001--CO6--SL001--PX32500--PW0100--IN0020--TM280--X014463--Y020134--Z212143--T2253791465,3971.0,5402.0,489.86500705120545,223.25793555717812,31.547964204485442,0.4586509586509587,0.9899657882956963,0.7350981118104406,222.89908030317218,0.8001665171666551,0.5911104320813527,0.3235726274606755,0.28746578517841265,0.08767032829920224,0.2203126261219938,0.0006650957147466448,222.0,39.0,5.6923076923076925
WE00024---B001--PO01--LO001--CO6--SL001--PX32500--PW0100--IN0020--TM281--X014463--Y020134--Z210081--T2687826199.png,WE00024---B001--PO01--LO001--CO6--SL001--PX32500--PW0100--IN0020--TM281--X014463--Y020134--Z210081--T2687826199,WE00024---B001--PO01--LO001--CO6--SL001--PX32500--PW0100--IN0020--TM281--X014463--Y020134--Z210081--T2687826199,4778.0,6245.0,480.492424049175,218.24868688325128,34.44583574564656,0.45779438535977773,0.9874665583347054,0.7650920736589272,214.46211786700232,0.638591002073037,0.3691168646321839,0.06995512500904873,0.0557222543469156,0.003477776748843662,0.032969365502537054,9.175139422564239e-05,213.0,49.0,4.346938775510204
WE00024---B001--PO01--LO001--CO6--SL001--PX32500--PW0100--IN0020--TM282--X014463--Y020134--Z209239--T2361496961.png,WE00024---B001--PO01--LO001--CO6--SL001--PX32500--PW0100--IN0020--TM282--X014463--Y020134--Z209239--T2361496961,WE00024---B001--PO01--LO001--CO6--SL001--PX32500--PW0100--IN0020--TM282--X014463--Y020134--Z209239--T2361496961,1279.0,1618.0,180.98885271170678,67.73328169077756,29.867218600216372,0.4817325800376648,0.8975300153100974,0.7904820766378244,69.8927750200262,0.2677799157308119,0.03261544750492148,0.004145491123052007,0.0007074827650738769,6.425047147630525e-07,1.823173420625425e-05,1.0272192238757351e-06,45.0,59.0,0.7627118644067796
WE00024---B001--PO01--LO001--CO6--SL001--PX32500--PW0100--IN0020--TM282--X014463--Y020134--Z218137--T2351010131.png,WE00024---B001--PO01--LO001--CO6--SL001--PX32500--PW0100--IN0020--TM282--X014463--Y020134--Z218137--T2351010131,WE00024---B001--PO01--LO001--CO6--SL001--PX32500--PW0100--IN0020--TM282--X014463--Y020134--Z218137--T2351010131,2907.0,3713.0,310.492424049175,80.60611234880258,60.479064883753104,0.59375,0.6610932972015562,0.7829248586049017,80.1311425102625,0.21833210004302117,0.0037272874656671252,0.0004079363465922788,0.00011462043126550806,1.4730282824461462e-08,-6.918847533503635e-06,-1.993278557668338e-08,72.0,68.0,1.0588235294117647
WE00024---B001--PO01--LO001--CO6--SL001--PX32500--PW0100--IN0020--TM284--X014463--Y020134--Z210977--T2860222252.png,WE00024---B001--PO01--LO001--CO6--SL001--PX32500--PW0100--IN0020--TM284--X014463--Y020134--Z210977--T2860222252,WE00024---B001--PO01--LO001--CO6--SL001--PX32500--PW0100--IN0020--TM284--X014463--Y020134--Z210977--T2860222252,3167.0,6403.0,396.9604614807105,133.86027129262797,62.205820351705576,0.29348531183393567,0.8854644533788096,0.4946119006715602,118.10588469674151,0.429983744793271,0.0768697089143974,0.02158048138385172,0.01390768393412477,0.00022653772215220334,0.0011462004158239788,8.205961492999308e-05,99.0,109.0,0.908256880733945
WE00025---C001--PO01--LO001--CO6--SL001--PX32500--PW0100--IN0020--TM250--X014463--Y029106--Z212070--T2938094962.png,WE00025---C001--PO01--LO001--CO6--SL001--PX32500--PW0100--IN0020--TM250--X014463--Y029106--Z212070--T2938094962,WE00025---C001--PO01--LO001--CO6--SL001--PX32500--PW0100--IN0020--TM250--X014463--Y029106--Z212070--T2938094962,2785.0,4383.0,333.8061325481597,93.08267692116745,64.24319382972185,0.47590567327409433,0.7236439633722107,0.6354095368469085,82.09750300709517,0.28706401921574626,0.010367758389956672,0.0028407309534980237,0.0018530807281641039,3.3613775736460633e-06,-3.1802944532048845e-05,2.6033804712048883e-06,77.0,76.0,1.013157894736842
WE00025---C001--PO01--LO001--CO6--SL001--PX32500--PW0100--IN0020--TM256--X014463--Y029106--Z209973--T2926102144.png,WE00025---C001--PO01--LO001--CO6--SL001--PX32500--PW0100--IN0020--TM256--X014463--Y029106--Z209973--T2926102144,WE00025---C001--PO01--LO001--CO6--SL001--PX32500--PW0100--IN0020--TM256--X014463--Y029106--Z209973--T2926102144,2787.0,3896.0,355.84776310850236,85.38492434565102,64.15851609940812,0.5385507246376812,0.6598431953529481,0.7153490759753593,78.89233169326408,0.255805985234808,0.005067267819807818,0.00041153356647506565,0.0006893330517422891,2.7762490012582294e-07,-4.772069688084975e-06,2.4026078799635586e-07,75.0,69.0,1.0869565217391304
WE00025---C001--PO01--LO001--CO6--SL001--PX32500--PW0100--IN0020--TM262--X014463--Y029106--Z214583--T2843860257.png,WE00025---C001--PO01--LO001--CO6--SL001--PX32500--PW0100--IN0020--TM262--X014463--Y029106--Z214583--T2843860257,WE00025---C001--PO01--LO001--CO6--SL001--PX32500--PW0100--IN0020--TM262--X014463--Y029106--Z214583--T2843860257,3698.0,6531.0,386.5756851698602,142.39448595819871,56.74393522858192,0.3264477401129944,0.917169148419404,0.5662226305313122,134.46560898608982,0.3971076226427317,0.08309916499805606,0.02939519878807683,0.014362071172095646,0.00027305934722100334,0.0022130160552962046,0.00011189476559553798,118.0,96.0,1.2291666666666667
WE00025---C001--PO01--LO001--CO6--SL001--PX32500--PW0100--IN0020--TM269--X014463--Y029106--Z211971--T2946047983.png,WE00025---C001--PO01--LO001--CO6--SL001--PX32500--PW0100--IN0020--TM269--X014463--Y029106--Z211971--T2946047983,WE00025---C001--PO01--LO001--CO6--SL001--PX32500--PW0100--IN0020--TM269--X014463--Y029106--Z211971--T2946047983,3969.0,5531.0,482.45079348883235,230.88444334996882,31.572936578432166,0.4334862385321101,0.990605896848946,0.7175917555595733,219.0091322296858,0.8551347396260183,0.6785473514373338,0.3246326989462784,0.2834239401671237,0.08597078564045639,0.23346718546994463,-3.3335645974613e-05,218.0,42.0,5.190476190476191
WE00025---C001--PO01--LO001--CO6--SL001--PX32500--PW0100--IN0020--TM278--X014463--Y029106--Z210675--T2851988550.png,WE00025---C001--PO01--LO001--CO6--SL001--PX32500--PW0100--IN0020--TM278--X014463--Y029106--Z210675--T2851988550,WE00025---C001--PO01--LO001--CO6--SL001--PX32500--PW0100--IN0020--TM278--X014463--Y029106--Z210675--T2851988550,4794.0,6501.0,522.0193359837562,239.60620594631493,30.24951691242299,0.30742593305117355,0.9919988635729622,0.7374250115366867,232.13142829009604,0.7604058093635645,0.5425014748846847,0.1076318753751947,0.09338136991506361,0.009361299973979116,0.06814234495413765,-9.97482684917091e-05,226.0,69.0,3.2753623188405796
WE00025---C001--PO01--LO001--CO6--SL001--PX32500--PW0100--IN0020--TM278--X014463--Y029106--Z214945--T2268598938.png,WE00025---C001--PO01--LO001--CO6--SL001--PX32500--PW0100--IN0020--TM278--X014463--Y029106--Z214945--T2268598938,WE00025---C001--PO01--LO001--CO6--SL001--PX32500--PW0100--IN0020--TM278--X014463--Y029106--Z214945--T2268598938,3080.0,4890.0,360.6761902332486,105.09162117038191,68.95866504381392,0.41475895502289256,0.7546073415656912,0.6298568507157464,94.42986815621421,0.3206076770463472,0.0162860240849027,0.006221454787458402,0.002145882839296874,7.383736162767176e-06,-6.39309417384765e-05,-2.6376236516508392e-06,94.0,79.0,1.1898734177215189
WE00025---C001--PO01--LO001--CO6--SL001--PX32500--PW0100--IN0020--TM279--X014463--Y029106--Z213261--T2336469273.png,WE00025---C001--PO01--LO001--CO6--SL001--PX32500--PW0100--IN0020--TM279--X014463--Y029106--Z213261--T2336469273,WE00025---C001--PO01--LO001--CO6--SL001--PX32500--PW0100--IN0020--TM279--X014463--Y029106--Z213261--T2336469273,2734.0,4416.0,312.8772003600252,109.53338296023728,50.23996273867658,0.37554945054945055,0.8886053319933824,0.6191123188405797,101.83319694480774,0.331968174805633,0.046901278150431124,0.014010095897943772,0.006883766803876661,6.002967251264035e-05,0.000836649882245032,-3.108816079757152e-05,80.0,91.0,0.8791208791208791
WE00025---C001--PO01--LO001--CO6--SL001--PX32500--PW0100--IN0020--TM280--X014463--Y029106--Z211886--T2673842395.png,WE00025---C001--PO01--LO001--CO6--SL001--PX32500--PW0100--IN0020--TM280--X014463--Y029106--Z211886--T2673842395,WE00025---C001--PO01--LO001--CO6--SL001--PX32500--PW0100--IN0020--TM280--X014463--Y029106--Z211886--T2673842395,3087.0,5409.0,371.84776310850236,115.88558094025431,60.12863604926556,0.37390988372093026,0.854857952951832,0.5707154742096506,102.55242561733974,0.3450947672296176,0.03948027874630548,0.008246597895311696,0.004324146687398233,1.7804333168040852e-05,7.389113927031663e-05,-1.8702292736407538e-05,96.0,86.0,1.1162790697674418
WE00025---C001--PO01--LO001--CO6--SL001--PX32500--PW0100--IN0020--TM280--X014463--Y029106--Z220711--T2271038364.png,WE00025---C001--PO01--LO001--CO6--SL001--PX32500--PW0100--IN0020--TM280--X014463--Y029106--Z220711--T2271038364,WE00025---C001--PO01--LO001--CO6--SL001--PX32500--PW0100--IN0020--TM280--X014463--Y029106--Z220711--T2271038364,3465.0,5136.0,369.84776310850236,99.90535374534487,77.3831461824376,0.4632352941176471,0.6324948578677378,0.6746495327102804,90.62008607367353,0.2880452925698954,0.005187243088589483,0.006585741547799454,0.0011639271245721873,2.2141414598281037e-06,-8.171173547523168e-06,-2.3413656180286472e-06,88.0,85.0,1.035294117647059
WE00025---C001--PO01--LO001--CO6--SL001--PX32500--PW0100--IN0020--TM281--X014463--Y029106--Z210407--T2272429590.png,WE00025---C001--PO01--LO001--CO6--SL001--PX32500--PW0100--IN0020--TM281--X014463--Y029106--Z210407--T2272429590,WE00025---C001--PO01--LO001--CO6--SL001--PX32500--PW0100--IN0020--TM281--X014463--Y029106--Z210407--T2272429590,2581.0,3853.0,294.3919189857867,117.54028314847395,43.2385683831339,0.39904143475572046,0.9298805136347971,0.6698676356086166,104.75208828467335,0.37982593855207214,0.08368344359365834,0.011988797963836135,0.0017447858910258252,-4.741421372281121e-06,-0.00044682392166913896,6.418627427358706e-06,98.0,66.0,1.4848484848484849
WE00025---C001--PO01--LO001--CO6--SL001--PX32500--PW0100--IN0020--TM281--X014463--Y029106--Z211281--T2687907244.png,WE00025---C001--PO01--LO001--CO6--SL001--PX32500--PW0100--IN0020--TM281--X014463--Y029106--Z211281--T2687907244,WE00025---C001--PO01--LO001--CO6--SL001--PX32500--PW0100--IN0020--TM281--X014463--Y029106--Z211281--T2687907244,4879.0,7265.0,521.906637611548,236.57821278979526,35.026709678546375,0.36733925613612406,0.9889790512414666,0.6715760495526497,231.51025895195227,0.7326824292595667,0.4917515692535821,0.10861630219335225,0.08513637142431746,0.008179957143285302,0.056821114740670496,0.0003374265060556201,229.0,58.0,3.9482758620689653
WE00025---C001--PO01--LO001--CO6--SL001--PX32500--PW0100--IN0020--TM282--X014463--Y029106--Z215937--T2351090879.png,WE00025---C001--PO01--LO001--CO6--SL001--PX32500--PW0100--IN0020--TM282--X014463--Y029106--Z215937--T2351090879,WE00025---C001--PO01--LO001--CO6--SL001--PX32500--PW0100--IN0020--TM282--X014463--Y029106--Z215937--T2351090879,3016.0,4621.0,359.60512242138304,91.34378063919198,73.10986617530025,0.5026666666666667,0.5994910836713677,0.6526725816922744,83.24061508662703,0.283669156035128,0.003861394767476442,0.0014864705181966702,0.0009872292540697059,5.056123676861281e-07,-5.035587589309043e-05,-1.083790034084636e-06,75.0,80.0,0.9375
WE00025---C001--PO01--LO001--CO6--SL001--PX32500--PW0100--IN0020--TM282--X014463--Y029106--Z224639--T2361578708.png,WE00025---C001--PO01--LO001--CO6--SL001--PX32500--PW0100--IN0020--TM282--X014463--Y029106--Z224639--T2361578708,WE00025---C001--PO01--LO001--CO6--SL001--PX32500--PW0100--IN0020--TM282--X014463--Y029106--Z224639--T2361578708,3122.0,4882.0,352.5340546095176,95.36091089513447,70.18375742205633,0.4822366388631449,0.6770028887446639,0.6394920114707088,84.92938243034621,0.28065869499975626,0.006962062020112916,0.002840340291903833,0.0014353043600158655,1.024727141142537e-06,-8.178590440937575e-05,-2.7108019212211874e-06,83.0,78.0,1.064102564102564
WE00025---C001--PO01--LO001--CO6--SL001--PX32500--PW0100--IN0020--TM284--X014463--Y029106--Z211177--T2860303217.png,WE00025---C001--PO01--LO001--CO6--SL001--PX32500--PW0100--IN0020--TM284--X014463--Y029106--Z211177--T2860303217,WE00025---C001--PO01--LO001--CO6--SL001--PX32500--PW0100--IN0020--TM284--X014463--Y029106--Z211177--T2860303217,4058.0,6973.0,415.747258045114,136.58648214901882,66.13917085088083,0.44286805631343445,0.8749411557769708,0.5819589846550982,122.24974437601087,0.3547045500660152,0.04838182097484112,0.010852141400756207,0.0030575184340680744,1.1707224149820576e-05,-0.00023765200403170879,1.3157783345696187e-05,119.0,77.0,1.5454545454545454
WE00025---C001--PO01--LO001--CO6--SL001--PX32500--PW0100--IN0020--TM284--X014463--Y029106--Z221017--T2276926388.png,WE00025---C001--PO01--LO001--CO6--SL001--PX32500--PW0100--IN0020--TM284--X014463--Y029106--Z221017--T2276926388,WE00025---C001--PO01--LO001--CO6--SL001--PX32500--PW0100--IN0020--TM284--X014463--Y029106--Z221017--T2276926388,3592.0,6189.0,427.2031021678297,185.36442141056878,48.40269171858912,0.32014260249554366,0.9653058606451387,0.5803845532396187,173.5655495770978,0.6386203593137477,0.31035065771056897,0.1197240318741037,0.05600799096343751,0.004380837032839972,0.02284563049231176,0.0013574698850460525,170.0,66.0,2.5757575757575757
WE00026---C002--PO01--LO001--CO6--SL001--PX32500--PW0100--IN0020--TM250--X023472--Y029106--Z211070--T2938175022.png,WE00026---C002--PO01--LO001--CO6--SL001--PX32500--PW0100--IN0020--TM250--X023472--Y029106--Z211070--T2938175022,WE00026---C002--PO01--LO001--CO6--SL001--PX32500--PW0100--IN0020--TM250--X023472--Y029106--Z211070--T2938175022,2849.0,5402.0,394.95436482630055,124.83862500587101,58.71573934348313,0.39156129741616275,0.8824889580862817,0.5273972602739726,108.04628637764465,0.4175197512286841,0.07089378487967589,0.007934991559420035,0.004272234026758684,2.033805102382009e-05,-0.00019374346940275792,-1.4321609419637205e-05,107.0,68.0,1.5735294117647058
WE00026---C002--PO01--LO001--CO6--SL001--PX32500--PW0100--IN0020--TM256--X023472--Y029106--Z210173--T2926181706.png,WE00026---C002--PO01--LO001--CO6--SL001--PX32500--PW0100--IN0020--TM256--X023472--Y029106--Z210173--T2926181706,WE00026---C002--PO01--LO001--CO6--SL001--PX32500--PW0100--IN0020--TM256--X023472--Y029106--Z210173--T2926181706,3140.0,4996.0,381.2325394193526,102.99137535723645,69.06816055314651,0.47147147147147145,0.7418003210619079,0.6285028022417934,91.21403400793103,0.3060834832836464,0.013497465857457234,0.0032362756951775404,0.0013474690864448149,-1.3532300464513154e-06,-0.00014484448376386,-2.46708761920122e-06,74.0,90.0,0.8222222222222222
WE00026---C002--PO01--LO001--CO6--SL001--PX32500--PW0100--IN0020--TM261--X023472--Y029106--Z216583--T2843941499.png,WE00026---C002--PO01--LO001--CO6--SL001--PX32500--PW0100--IN0020--TM261--X023472--Y029106--Z216583--T2843941499,WE00026---C002--PO01--LO001--CO6--SL001--PX32500--PW0100--IN0020--TM261--X023472--Y029106--Z216583--T2843941499,3423.0,6045.0,373.7056274847714,122.22603512343628,60.01593860139021,0.46800656275635766,0.8711459436946931,0.5662531017369727,108.07867504739313,0.33853922999199015,0.042851379473160714,0.01143518453901312,0.005512053486314861,3.120076867452613e-05,0.00018463733430995458,-3.0685122055748275e-05,69.0,106.0,0.6509433962264151
WE00026---C002--PO01--LO001--CO6--SL001--PX32500--PW0100--IN0020--TM269--X023472--Y029106--Z219371--T2946130216.png,WE00026---C002--PO01--LO001--CO6--SL001--PX32500--PW0100--IN0020--TM269--X023472--Y029106--Z219371--T2946130216,WE00026---C002--PO01--LO001--CO6--SL001--PX32500--PW0100--IN0020--TM269--X023472--Y029106--Z219371--T2946130216,4357.0,5954.0,509.00209204105306,243.52138436672251,28.16913592721215,0.22876194476530506,0.9932872115239951,0.7317769566677864,225.47061892849808,0.8620634160943704,0.7044216685379944,0.203716557322834,0.1864825153083308,0.03634707141340365,0.1565101189821319,7.471111693695305e-05,214.0,89.0,2.404494382022472
WE00026---C002--PO01--LO001--CO6--SL001--PX32500--PW0100--IN0020--TM278--X023472--Y029106--Z211075--T2852069126.png,WE00026---C002--PO01--LO001--CO6--SL001--PX32500--PW0100--IN0020--TM278--X023472--Y029106--Z211075--T2852069126,WE00026---C002--PO01--LO001--CO6--SL001--PX32500--PW0100--IN0020--TM278--X023472--Y029106--Z211075--T2852069126,3986.0,5678.0,495.48023074035524,237.73673144905672,31.144676887875043,0.4026262626262626,0.9913817206312546,0.7020077492074674,226.497240601293,0.9014165889759636,0.7586373557683131,0.3908424057707089,0.346655033382367,0.12759596586991365,0.30152312148675986,0.0008728318622261422,225.0,44.0,5.113636363636363
WE00026---C002--PO01--LO001--CO6--SL001--PX32500--PW0100--IN0020--TM278--X023472--Y029106--Z215745--T2268671141.png,WE00026---C002--PO01--LO001--CO6--SL001--PX32500--PW0100--IN0020--TM278--X023472--Y029106--Z215745--T2268671141,WE00026---C002--PO01--LO001--CO6--SL001--PX32500--PW0100--IN0020--TM278--X023472--Y029106--Z215745--T2268671141,1350.0,2865.0,253.7645019878171,90.24562978645774,46.63437748224128,0.3187721369539551,0.8561366886692848,0.4712041884816754,79.12016177940993,0.47773328049585934,0.07637824099445965,0.06690428408198283,0.019110555325277778,0.00033522930476136077,0.00017407432933826562,-0.0005954620423461248,55.0,77.0,0.7142857142857143
WE00026---C002--PO01--LO001--CO6--SL001--PX32500--PW0100--IN0020--TM279--X023472--Y029106--Z222661--T2336552294.png,WE00026---C002--PO01--LO001--CO6--SL001--PX32500--PW0100--IN0020--TM279--X023472--Y029106--Z222661--T2336552294,WE00026---C002--PO01--LO001--CO6--SL001--PX32500--PW0100--IN0020--TM279--X023472--Y029106--Z222661--T2336552294,3065.0,4300.0,370.5756851698602,82.65303863532274,71.57525847587797,0.5242901128977079,0.5000916213469261,0.7127906976744186,80.8084154033477,0.24377125655670662,0.0012137596290594213,0.0002609782329673743,0.0009799201560846983,3.113760657222319e-07,2.993225661532628e-05,3.8550685928491716e-07,79.0,74.0,1.0675675675675675
WE00026---C002--PO01--LO001--CO6--SL001--PX32500--PW0100--IN0020--TM280--X023472--Y029106--Z212686--T2673924075.png,WE00026---C002--PO01--LO001--CO6--SL001--PX32500--PW0100--IN0020--TM280--X023472--Y029106--Z212686--T2673924075,WE00026---C002--PO01--LO001--CO6--SL001--PX32500--PW0100--IN0020--TM280--X023472--Y029106--Z212686--T2673924075,3107.0,4963.0,383.40411229460636,105.78260656375497,65.9178566042544,0.43027281539952916,0.7821066731181257,0.6260326415474511,91.4166286842826,0.3125024877438287,0.018958263291995,0.004099042778464072,0.0016412364548261122,1.2865742013468257e-06,-0.00010079892068685363,-4.057868992625299e-06,87.0,83.0,1.0481927710843373
WE00026---C002--PO01--LO001--CO6--SL001--PX32500--PW0100--IN0020--TM280--X023472--Y029106--Z214911--T2271150445.png,WE00026---C002--PO01--LO001--CO6--SL001--PX32500--PW0100--IN0020--TM280--X023472--Y029106--Z214911--T2271150445,WE00026---C002--PO01--LO001--CO6--SL001--PX32500--PW0100--IN0020--TM280--X023472--Y029106--Z214911--T2271150445,1161.0,2561.0,242.45079348883235,89.11687399914264,40.37248362149922,0.30234375,0.8914960344947434,0.4533385396329559,80.89499366462674,0.5152753372710642,0.11545507680058745,0.08232337803059472,0.0381419911428148,0.0019156978908787922,0.006058716539921917,-0.0009477220119976783,48.0,80.0,0.6
WE00026---C002--PO01--LO001--CO6--SL001--PX32500--PW0100--IN0020--TM281--X023472--Y029106--Z210681--T2687988657.png,WE00026---C002--PO01--LO001--CO6--SL001--PX32500--PW0100--IN0020--TM281--X023472--Y029106--Z210681--T2687988657,WE00026---C002--PO01--LO001--CO6--SL001--PX32500--PW0100--IN0020--TM281--X023472--Y029106--Z210681--T2687988657,4698.0,7315.0,525.4213562373095,247.06653452248662,34.98157636873111,0.405,0.9899257194795359,0.6422419685577581,233.68354670365648,0.8283522664723345,0.6332863627382045,0.25148418313125726,0.21519983633818096,0.05005146264316922,0.16860132219524226,-0.001082077480879128,232.0,50.0,4.64
WE00026---C002--PO01--LO001--CO6--SL001--PX32500--PW0100--IN0020--TM281--X023472--Y029106--Z217207--T2272543683.png,WE00026---C002--PO01--LO001--CO6--SL001--PX32500--PW0100--IN0020--TM281--X023472--Y029106--Z217207--T2272543683,WE00026---C002--PO01--LO001--CO6--SL001--PX32500--PW0100--IN0020--TM281--X023472--Y029106--Z217207--T2272543683,3444.0,4724.0,368.5340546095176,92.25386637678426,70.08788585988631,0.5388828039430449,0.6502404936167396,0.729043183742591,88.56635930193812,0.2435955213010674,0.0042644998345553065,0.0013382683067461776,0.0003420984847192844,1.767383283249069e-07,-1.968592956536959e-05,-1.4947513202464374e-07,77.0,83.0,0.927710843373494
WE00026---C002--PO01--LO001--CO6--SL001--PX32500--PW0100--IN0020--TM282--X023472--Y029106--Z213439--T2361658804.png,WE00026---C002--PO01--LO001--CO6--SL001--PX32500--PW0100--IN0020--TM282--X023472--Y029106--Z213439--T2361658804,WE00026---C002--PO01--LO001--CO6--SL001--PX32500--PW0100--IN0020--TM282--X023472--Y029106--Z213439--T2361658804,3094.0,5652.0,379.1614716074871,111.38342254425099,71.53548387776866,0.4461427541456381,0.7664991360770909,0.5474168435951875,97.8008179924892,0.3539833603607317,0.021679453442728973,0.007289748217324454,0.006279946777020013,3.156819429608134e-05,0.0001248585609117831,-2.8440782748765678e-05,73.0,95.0,0.7684210526315789
WE00026---C002--PO01--LO001--CO6--SL001--PX32500--PW0100--IN0020--TM282--X023472--Y029106--Z223337--T2351171485.png,WE00026---C002--PO01--LO001--CO6--SL001--PX32500--PW0100--IN0020--TM282--X023472--Y029106--Z223337--T2351171485,WE00026---C002--PO01--LO001--CO6--SL001--PX32500--PW0100--IN0020--TM282--X023472--Y029106--Z223337--T2351171485,2172.0,2378.0,217.4386001800126,92.36257727470105,31.561452930851203,0.6670761670761671,0.939804514163834,0.913372582001682,89.82204629154248,0.27414166067942736,0.047008313612115216,0.0009888564503484412,0.00010549923493462159,-1.3202600106015703e-08,-1.3581391463600189e-05,3.141372704927135e-08,88.0,37.0,2.3783783783783785
WE00026---C002--PO01--LO001--CO6--SL001--PX32500--PW0100--IN0020--TM284--X023472--Y029106--Z210577--T2860383980.png,WE00026---C002--PO01--LO001--CO6--SL001--PX32500--PW0100--IN0020--TM284--X023472--Y029106--Z210577--T2860383980,WE00026---C002--PO01--LO001--CO6--SL001--PX32500--PW0100--IN0020--TM284--X023472--Y029106--Z210577--T2860383980,3208.0,3687.0,303.9066376115481,132.40250315333998,34.714464127109885,0.44555555555555554,0.965016575372868,0.8700840791971792,127.47156545677157,0.36501552487731065,0.10116148372853165,0.008677412666630099,0.005211083450910918,3.50240498259749e-05,0.0016515276591283295,-1.1171328153893912e-06,120.0,60.0,2.0
WE00026---C002--PO01--LO001--CO6--SL001--PX32500--PW0100--IN0020--TM284--X023472--Y029106--Z212617--T2277023306.png,WE00026---C002--PO01--LO001--CO6--SL001--PX32500--PW0100--IN0020--TM284--X023472--Y029106--Z212617--T2277023306,WE00026---C002--PO01--LO001--CO6--SL001--PX32500--PW0100--IN0020--TM284--X023472--Y029106--Z212617--T2277023306,3502.0,6766.0,419.10259710444143,184.4805260098251,59.998084969186486,0.27882165605095544,0.9456359068042092,0.5175879396984925,162.7820628939196,0.6716311157344281,0.29500249028577014,0.12854984920445775,0.0370208736982491,0.0019262319525346792,0.006060347327135805,0.0016769295013316211,157.0,80.0,1.9625
WE00027---C003--PO01--LO001--CO6--SL001--PX32500--PW0100--IN0020--TM250--X032481--Y029106--Z209670--T2938255211.png,WE00027---C003--PO01--LO001--CO6--SL001--PX32500--PW0100--IN0020--TM250--X032481--Y029106--Z209670--T2938255211,WE00027---C003--PO01--LO001--CO6--SL001--PX32500--PW0100--IN0020--TM250--X032481--Y029106--Z209670--T2938255211,3039.0,5976.0,383.9482681718907,121.39242126182818,70.03712480518445,0.3365448504983389,0.8167808205886898,0.5085341365461847,112.36102527122117,0.4039428839829331,0.0408777567267714,0.024921053330592684,0.016186275295443746,0.0003145665690146767,0.0012779404925305922,-8.204491135454661e-05,86.0,105.0,0.819047619047619
WE00027---C003--PO01--LO001--CO6--SL001--PX32500--PW0100--IN0020--TM256--X032481--Y029106--Z210773--T2926262826.png,WE00027---C003--PO01--LO001--CO6--SL001--PX32500--PW0100--IN0020--TM256--X032481--Y029106--Z210773--T2926262826,WE00027---C003--PO01--LO001--CO6--SL001--PX32500--PW0100--IN0020--TM256--X032481--Y029106--Z210773--T2926262826,3621.0,7009.0,409.30360723121805,149.4256361709072,60.60415414801395,0.36739042207792205,0.9140592407576719,0.5166214866600085,132.18925826253812,0.44878632016495035,0.10368139054793872,0.023071246047425546,0.019440937578906314,0.000406296167341711,0.0038006267462119955,6.666406515906441e-05,128.0,77.0,1.6623376623376624
WE00027---C003--PO01--LO001--CO6--SL001--PX32500--PW0100--IN0020--TM261--X032481--Y029106--Z215583--T2844022341.png,WE00027---C003--PO01--LO001--CO6--SL001--PX32500--PW0100--IN0020--TM261--X032481--Y029106--Z215583--T2844022341,WE00027---C003--PO01--LO001--CO6--SL001--PX32500--PW0100--IN0020--TM261--X032481--Y029106--Z215583--T2844022341,3354.0,5709.0,390.91883092036784,103.52002485558262,76.5466489364878,0.42857142857142855,0.6732245676431765,0.5874934314240673,92.57429448826494,0.30888090730296575,0.008191646693553593,0.0026250289475752277,0.0027670302283132006,5.447526595536907e-06,-0.00010594067387167376,-5.092876197524509e-06,91.0,86.0,1.058139534883721
WE00027---C003--PO01--LO001--CO6--SL001--PX32500--PW0100--IN0020--TM269--X032481--Y029106--Z214771--T2946210669.png,WE00027---C003--PO01--LO001--CO6--SL001--PX32500--PW0100--IN0020--TM269--X032481--Y029106--Z214771--T2946210669,WE00027---C003--PO01--LO001--CO6--SL001--PX32500--PW0100--IN0020--TM269--X032481--Y029106--Z214771--T2946210669,5271.0,7313.0,558.6244584051392,265.13829252707154,31.54548626249992,0.1754426840633737,0.9928969528225275,0.7207712293176535,246.6779276708802,0.8453499320303137,0.6752747863800012,0.19404739590088807,0.17617121678583758,0.03257276254191449,0.14472778766279712,-9.239343165761034e-05,203.0,148.0,1.3716216216216217
WE00027---C003--PO01--LO001--CO6--SL001--PX32500--PW0100--IN0020--TM278--X032481--Y029106--Z211675--T2852149861.png,WE00027---C003--PO01--LO001--CO6--SL001--PX32500--PW0100--IN0020--TM278--X032481--Y029106--Z211675--T2852149861,WE00027---C003--PO01--LO001--CO6--SL001--PX32500--PW0100--IN0020--TM278--X032481--Y029106--Z211675--T2852149861,4083.0,5937.0,506.7939392393399,238.7443823878298,31.71857557027673,0.45125994694960214,0.9911353776316133,0.6877210712481051,232.03448019637082,0.8879033210561115,0.7346252194015598,0.35217652163491936,0.31147999635195567,0.10315252328312041,0.26427771276432915,-0.0014946437644560266,232.0,39.0,5.948717948717949
WE00027---C003--PO01--LO001--CO6--SL001--PX32500--PW0100--IN0020--TM279--X032481--Y029106--Z216661--T2336634902.png,WE00027---C003--PO01--LO001--CO6--SL001--PX32500--PW0100--IN0020--TM279--X032481--Y029106--Z216661--T2336634902,WE00027---C003--PO01--LO001--CO6--SL001--PX32500--PW0100--IN0020--TM279--X032481--Y029106--Z216661--T2336634902,4007.0,5130.0,416.9015869776647,176.4008368105336,38.07844403957322,0.2341631603553062,0.9764236228765462,0.7810916179337232,181.95878654244757,0.5079739070366143,0.21412975759110783,0.041821461546101786,0.025289269384898234,0.000816574868496837,0.010340616877783608,-9.804296421193558e-05,124.0,138.0,0.8985507246376812
WE00027---C003--PO01--LO001--CO6--SL001--PX32500--PW0100--IN0020--TM279--X032481--Y029106--Z217895--T2268743205.png,WE00027---C003--PO01--LO001--CO6--SL001--PX32500--PW0100--IN0020--TM279--X032481--Y029106--Z217895--T2268743205,WE00027---C003--PO01--LO001--CO6--SL001--PX32500--PW0100--IN0020--TM279--X032481--Y029106--Z217895--T2268743205,2256.0,3114.0,260.5512985522207,96.99872059458275,39.60697233935691,0.4663083918974783,0.9128367592475254,0.7244701348747592,89.06739021662193,0.304118574215329,0.04717569966607899,0.004011044436237724,0.0011984584896595648,1.9028515675774884e-06,2.671853159871764e-05,1.8120607462952148e-06,82.0,59.0,1.3898305084745763
WE00027---C003--PO01--LO001--CO6--SL001--PX32500--PW0100--IN0020--TM280--X032481--Y029106--Z210086--T2674005988.png,WE00027---C003--PO01--LO001--CO6--SL001--PX32500--PW0100--IN0020--TM280--X032481--Y029106--Z210086--T2674005988,WE00027---C003--PO01--LO001--CO6--SL001--PX32500--PW0100--IN0020--TM280--X032481--Y029106--Z210086--T2674005988,2755.0,4436.0,335.29751057680824,107.91190530199599,54.80771508175268,0.42932834657939845,0.861420089738976,0.6210550045085663,95.56673061269805,0.33232452219576974,0.03842857271596532,0.0026386035887022373,0.0021002319011946395,3.7443271020495236e-06,8.853970034230809e-05,-3.2286558591724925e-06,93.0,69.0,1.3478260869565217
WE00027---C003--PO01--LO001--CO6--SL001--PX32500--PW0100--IN0020--TM280--X032481--Y029106--Z218911--T2271262300.png,WE00027---C003--PO01--LO001--CO6--SL001--PX32500--PW0100--IN0020--TM280--X032481--Y029106--Z218911--T2271262300,WE00027---C003--PO01--LO001--CO6--SL001--PX32500--PW0100--IN0020--TM280--X032481--Y029106--Z218911--T2271262300,2460.0,3391.0,266.7228714274745,99.75375819785896,42.096038008312725,0.5359477124183006,0.9065960543190005,0.7254497198466529,91.41115905621152,0.2978376191716012,0.04317796652224657,0.0038095778624776095,0.001237820340999428,1.993982812354363e-06,3.7913418919436535e-05,1.8025619707225445e-06,90.0,51.0,1.7647058823529411
WE00027---C003--PO01--LO001--CO6--SL001--PX32500--PW0100--IN0020--TM281--X032481--Y029106--Z202407--T2272657681.png,WE00027---C003--PO01--LO001--CO6--SL001--PX32500--PW0100--IN0020--TM281--X032481--Y029106--Z202407--T2272657681,WE00027---C003--PO01--LO001--CO6--SL001--PX32500--PW0100--IN0020--TM281--X032481--Y029106--Z202407--T2272657681,3068.0,5710.0,375.19090885900994,149.04412542333927,49.245567168860546,0.35670270898732703,0.943837743218356,0.5373029772329246,142.0211251891774,0.5019409470540833,0.1625167533330216,0.06274417128836132,0.02231414768981049,0.0007017770059770436,0.0035476652369002353,0.00045237139203033335,141.0,61.0,2.3114754098360657
WE00027---C003--PO01--LO001--CO6--SL001--PX32500--PW0100--IN0020--TM281--X032481--Y029106--Z211081--T2688069682.png,WE00027---C003--PO01--LO001--CO6--SL001--PX32500--PW0100--IN0020--TM281--X032481--Y029106--Z211081--T2688069682,WE00027---C003--PO01--LO001--CO6--SL001--PX32500--PW0100--IN0020--TM281--X032481--Y029106--Z211081--T2688069682,4314.0,6239.0,521.0365799264592,243.16874454830017,33.77124995347449,0.40794326241134754,0.990309231748776,0.6914569642570925,235.1361307838504,0.8731967960219129,0.7058526895609615,0.4123643965591787,0.3620072194340308,0.1398650103770146,0.3037668038630096,0.0008135220006300244,235.0,45.0,5.222222222222222
WE00027---C003--PO01--LO001--CO6--SL001--PX32500--PW0100--IN0020--TM282--X032481--Y029106--Z212439--T2361739591.png,WE00027---C003--PO01--LO001--CO6--SL001--PX32500--PW0100--IN0020--TM282--X032481--Y029106--Z212439--T2361739591,WE00027---C003--PO01--LO001--CO6--SL001--PX32500--PW0100--IN0020--TM282--X032481--Y029106--Z212439--T2361739591,3032.0,6280.0,380.5340546095176,130.59688115987538,65.81626290459243,0.3331136014062843,0.8637240501767343,0.48280254777070064,115.13470371699404,0.44086670991534144,0.06879120438486835,0.03625816527932174,0.01745560098242954,0.00036096824961224096,0.0009198182966280561,0.0002500954779390608,111.0,82.0,1.353658536585366
WE00027---C003--PO01--LO001--CO6--SL001--PX32500--PW0100--IN0020--TM283--X032481--Y029106--Z205108--T2275675133.png,WE00027---C003--PO01--LO001--CO6--SL001--PX32500--PW0100--IN0020--TM283--X032481--Y029106--Z205108--T2275675133,WE00027---C003--PO01--LO001--CO6--SL001--PX32500--PW0100--IN0020--TM283--X032481--Y029106--Z205108--T2275675133,2982.0,5804.0,381.01933598375615,154.84672370640808,48.852099092055795,0.35214926783183753,0.9489299615555699,0.5137835975189524,146.4137971640651,0.55256613489916,0.2047809139825868,0.0795198388720021,0.02900180541765149,0.0011958604058692802,0.005924490655955621,0.0007139254028299505,146.0,58.0,2.5172413793103448
WE00027---C003--PO01--LO001--CO6--SL001--PX32500--PW0100--IN0020--TM283--X032481--Y029106--Z209537--T2351251399.png,WE00027---C003--PO01--LO001--CO6--SL001--PX32500--PW0100--IN0020--TM283--X032481--Y029106--Z209537--T2351251399,WE00027---C003--PO01--LO001--CO6--SL001--PX32500--PW0100--IN0020--TM283--X032481--Y029106--Z209537--T2351251399,3972.0,5917.0,392.9015869776647,164.46572373682386,49.1923432394212,0.3064105531127054,0.95422054211217,0.6712861247253676,159.53056133543816,0.4636968296459954,0.15018902698740877,0.0554539784551494,0.025107365591632097,0.000900529785302556,0.008035245921302836,-0.0002583137586875292,149.0,87.0,1.7126436781609196
WE00027---C003--PO01--LO001--CO6--SL001--PX32500--PW0100--IN0020--TM283--X032481--Y029106--Z211017--T2277120374.png,WE00027---C003--PO01--LO001--CO6--SL001--PX32500--PW0100--IN0020--TM283--X032481--Y029106--Z211017--T2277120374,WE00027---C003--PO01--LO001--CO6--SL001--PX32500--PW0100--IN0020--TM283--X032481--Y029106--Z211017--T2277120374,3881.0,7213.0,420.2325394193526,126.28942506227123,79.64010737697843,0.37878196369314854,0.776095166329354,0.5380562872591155,115.88356225108029,0.3589855318470703,0.02393319106700597,0.017790413718796284,0.008240616234354412,8.269574234714711e-05,6.75365995254366e-05,-5.5829749709969693e-05,109.0,94.0,1.1595744680851063
WE00027---C003--PO01--LO001--CO6--SL001--PX32500--PW0100--IN0020--TM283--X032481--Y029106--Z215765--T2344343963.png,WE00027---C003--PO01--LO001--CO6--SL001--PX32500--PW0100--IN0020--TM283--X032481--Y029106--Z215765--T2344343963,WE00027---C003--PO01--LO001--CO6--SL001--PX32500--PW0100--IN0020--TM283--X032481--Y029106--Z215765--T2344343963,4070.0,5201.0,415.4213562373095,181.1615626677084,38.02905483704256,0.48348776431456403,0.9777190164685857,0.7825418188809844,183.46116755324545,0.5261935012285754,0.23210884892060052,0.045463870962156164,0.028743771096365296,0.0010337880421620687,0.012482038911089696,-0.00010473168024157834,183.0,46.0,3.9782608695652173
WE00027---C003--PO01--LO001--CO6--SL001--PX32500--PW0100--IN0020--TM284--X032481--Y029106--Z211177--T2860465382.png,WE00027---C003--PO01--LO001--CO6--SL001--PX32500--PW0100--IN0020--TM284--X032481--Y029106--Z211177--T2860465382,WE00027---C003--PO01--LO001--CO6--SL001--PX32500--PW0100--IN0020--TM284--X032481--Y029106--Z211177--T2860465382,3034.0,6418.0,395.22034611053283,158.38778313572396,61.859222212555075,0.25074380165289256,0.9205793771868525,0.4727329386101589,142.00352108310554,0.5956092044205543,0.1918052848955466,0.1078261352615809,0.03907012542818288,0.002134303253774883,0.004955594320785479,-0.0013694716762348985,121.0,100.0,1.21
WE00028---C004--PO01--LO001--CO6--SL001--PX32500--PW0100--IN0020--TM250--X041490--Y029106--Z210470--T2938335088.png,WE00028---C004--PO01--LO001--CO6--SL001--PX32500--PW0100--IN0020--TM250--X041490--Y029106--Z210470--T2938335088,WE00028---C004--PO01--LO001--CO6--SL001--PX32500--PW0100--IN0020--TM250--X041490--Y029106--Z210470--T2938335088,2352.0,3206.0,267.55739520663053,81.82482429042996,47.66740074846132,0.5185185185185185,0.8127918078990924,0.7336244541484717,75.96051605933177,0.23829408387208081,0.013814748925818961,0.0008127916040312871,0.0005305664909601687,2.2134599372375027e-07,-6.650547359467815e-06,2.690731380069702e-07,72.0,63.0,1.1428571428571428
WE00028---C004--PO01--LO001--CO6--SL001--PX32500--PW0100--IN0020--TM256--X041490--Y029106--Z212973--T2926343443.png,WE00028---C004--PO01--LO001--CO6--SL001--PX32500--PW0100--IN0020--TM256--X041490--Y029106--Z212973--T2926343443,WE00028---C004--PO01--LO001--CO6--SL001--PX32500--PW0100--IN0020--TM256--X041490--Y029106--Z212973--T2926343443,3447.0,5800.0,371.747258045114,119.04539713239907,58.423643026968556,0.37733990147783253,0.8712904249484453,0.5943103448275862,110.4943437466371,0.3188484305728399,0.038052190825361924,0.008195960935605921,0.004492510740228058,2.3764648222665067e-05,0.00020435092990101226,-1.3355736616541462e-05,87.0,105.0,0.8285714285714286
WE00028---C004--PO01--LO001--CO6--SL001--PX32500--PW0100--IN0020--TM261--X041490--Y029106--Z212383--T2844102691.png,WE00028---C004--PO01--LO001--CO6--SL001--PX32500--PW0100--IN0020--TM261--X041490--Y029106--Z212383--T2844102691,WE00028---C004--PO01--LO001--CO6--SL001--PX32500--PW0100--IN0020--TM261--X041490--Y029106--Z212383--T2844102691,2914.0,4623.0,320.2914139223983,105.66969903160967,58.193582032816046,0.39972565157750345,0.8346952624239377,0.6303266277309106,97.16995420396162,0.3121263358622397,0.027841627319434768,0.006001362561397792,0.002765948343095352,7.711120980882313e-06,2.648562059884372e-05,-8.217802563034787e-06,81.0,90.0,0.9
WE00028---C004--PO01--LO001--CO6--SL001--PX32500--PW0100--IN0020--TM269--X041490--Y029106--Z216171--T2946291267.png,WE00028---C004--PO01--LO001--CO6--SL001--PX32500--PW0100--IN0020--TM269--X041490--Y029106--Z216171--T2946291267,WE00028---C004--PO01--LO001--CO6--SL001--PX32500--PW0100--IN0020--TM269--X041490--Y029106--Z216171--T2946291267,4325.0,5324.0,488.8772003600252,225.24755973733758,28.541241781200963,0.3850605413105413,0.9919397345443487,0.8123591284748309,218.65955272980872,0.7449575960988213,0.520438407204084,0.10940699653777372,0.09793553415109565,0.010137470459091233,0.07062357569448859,4.005941964450692e-05,216.0,52.0,4.153846153846154
WE00028---C004--PO01--LO001--CO6--SL001--PX32500--PW0100--IN0020--TM278--X041490--Y029106--Z214875--T2852230868.png,WE00028---C004--PO01--LO001--CO6--SL001--PX32500--PW0100--IN0020--TM278--X041490--Y029106--Z214875--T2852230868,WE00028---C004--PO01--LO001--CO6--SL001--PX32500--PW0100--IN0020--TM278--X041490--Y029106--Z214875--T2852230868,4492.0,5801.0,503.03657992645924,239.332101387551,29.36232038449749,0.5401635401635402,0.9924457328954284,0.774349250129288,231.48650068632512,0.8089659479761642,0.6161854381776222,0.17015937311843882,0.1511409649697785,0.024237375163547136,0.11800297512204966,0.00020569518646928932,231.0,36.0,6.416666666666667
WE00028---C004--PO01--LO001--CO6--SL001--PX32500--PW0100--IN0020--TM279--X041490--Y029106--Z215945--T2268815224.png,WE00028---C004--PO01--LO001--CO6--SL001--PX32500--PW0100--IN0020--TM279--X041490--Y029106--Z215945--T2268815224,WE00028---C004--PO01--LO001--CO6--SL001--PX32500--PW0100--IN0020--TM279--X041490--Y029106--Z215945--T2268815224,3092.0,4625.0,310.8355697996826,100.13677487566923,61.82868713146249,0.4719169719169719,0.7866161233718642,0.6685405405405406,90.21086409075129,0.2799595778400052,0.015729207422214318,0.007936036379619052,0.0015504615386071458,-1.5987599093151056e-06,-0.00013600202303670108,5.1983825970955355e-06,78.0,84.0,0.9285714285714286
WE00028---C004--PO01--LO001--CO6--SL001--PX32500--PW0100--IN0020--TM279--X041490--Y029106--Z218261--T2336717352.png,WE00028---C004--PO01--LO001--CO6--SL001--PX32500--PW0100--IN0020--TM279--X041490--Y029106--Z218261--T2336717352,WE00028---C004--PO01--LO001--CO6--SL001--PX32500--PW0100--IN0020--TM279--X041490--Y029106--Z218261--T2336717352,4446.0,7129.0,462.07315985291854,215.41280472637587,45.799050617822225,0.23370479394449117,0.9771370031792286,0.6236498807686912,193.86851214160592,0.6817958484814662,0.3879082524887163,0.10239412409789841,0.061336842795226366,0.004815800809867247,0.03256087839364989,-0.0006608579126267502,116.0,164.0,0.7073170731707317
WE00028---C004--PO01--LO001--CO6--SL001--PX32500--PW0100--IN0020--TM280--X041490--Y029106--Z211486--T2674087550.png,WE00028---C004--PO01--LO001--CO6--SL001--PX32500--PW0100--IN0020--TM280--X041490--Y029106--Z211486--T2674087550,WE00028---C004--PO01--LO001--CO6--SL001--PX32500--PW0100--IN0020--TM280--X041490--Y029106--Z211486--T2674087550,3217.0,4928.0,320.8355697996826,102.91230266075759,53.967519254949885,0.4350236646382691,0.8514702013308095,0.6528003246753247,95.77577981932593,0.2623452590432227,0.0222538373824398,0.004965717026096898,0.0012417859524190356,8.597918732574821e-07,-5.808028626578531e-05,-2.961330936855263e-06,87.0,85.0,1.0235294117647058
WE00028---C004--PO01--LO001--CO6--SL001--PX32500--PW0100--IN0020--TM280--X041490--Y029106--Z214911--T2271373564.png,WE00028---C004--PO01--LO001--CO6--SL001--PX32500--PW0100--IN0020--TM280--X041490--Y029106--Z214911--T2271373564,WE00028---C004--PO01--LO001--CO6--SL001--PX32500--PW0100--IN0020--TM280--X041490--Y029106--Z214911--T2271373564,3179.0,4791.0,311.4213562373095,103.09218759704636,62.59933671545835,0.4456125595738716,0.7945359794011391,0.6635357962847005,92.61749294814668,0.2859915873851827,0.01739948018775438,0.00934638508343294,0.0017546614138154028,-2.2972395644323935e-06,-0.00015638402580794606,6.724196255644145e-06,82.0,87.0,0.9425287356321839
WE00028---C004--PO01--LO001--CO6--SL001--PX32500--PW0100--IN0020--TM281--X041490--Y029106--Z210239--T2361821389.png,WE00028---C004--PO01--LO001--CO6--SL001--PX32500--PW0100--IN0020--TM281--X041490--Y029106--Z210239--T2361821389,WE00028---C004--PO01--LO001--CO6--SL001--PX32500--PW0100--IN0020--TM281--X041490--Y029106--Z210239--T2361821389,3363.0,6507.0,394.49852070358486,140.1941887455485,53.17373634374196,0.31055499122726016,0.9252793610954705,0.516828031350853,130.60245020672468,0.41781625027461095,0.09779526949681788,0.019810991916863543,0.015643591179936373,0.00026933057318327745,0.0029778524982779324,-5.748093797747855e-05,119.0,91.0,1.3076923076923077
WE00028---C004--PO01--LO001--CO6--SL001--PX32500--PW0100--IN0020--TM281--X041490--Y029106--Z211407--T2272770571.png,WE00028---C004--PO01--LO001--CO6--SL001--PX32500--PW0100--IN0020--TM281--X041490--Y029106--Z211407--T2272770571,WE00028---C004--PO01--LO001--CO6--SL001--PX32500--PW0100--IN0020--TM281--X041490--Y029106--Z211407--T2272770571,2951.0,3829.0,310.0071426749364,133.92305825801697,36.66208632521155,0.6313649978605049,0.9617995028776863,0.7706973100026117,123.3288287465668,0.4083254427926437,0.12347562749034209,0.0071039303482405254,0.0022234678682386886,7.255388452227506e-06,0.00031124172117801517,-5.0446596838552624e-06,123.0,38.0,3.236842105263158
WE00028---C004--PO01--LO001--CO6--SL001--PX32500--PW0100--IN0020--TM281--X041490--Y029106--Z212681--T2688151664.png,WE00028---C004--PO01--LO001--CO6--SL001--PX32500--PW0100--IN0020--TM281--X041490--Y029106--Z212681--T2688151664,WE00028---C004--PO01--LO001--CO6--SL001--PX32500--PW0100--IN0020--TM281--X041490--Y029106--Z212681--T2688151664,4555.0,6709.0,475.3269478283311,208.82292653218875,36.226177890165715,0.46370762496182427,0.9848377496238303,0.6789387390073036,209.2390976849212,0.6163467427277418,0.3367865444278334,0.06514862163277257,0.05025924270386937,0.0028728376582934445,0.027586110186749828,-0.00013307583857195132,209.0,47.0,4.446808510638298
WE00028---C004--PO01--LO001--CO6--SL001--PX32500--PW0100--IN0020--TM283--X041490--Y029106--Z210937--T2351332257.png,WE00028---C004--PO01--LO001--CO6--SL001--PX32500--PW0100--IN0020--TM283--X041490--Y029106--Z210937--T2351332257,WE00028---C004--PO01--LO001--CO6--SL001--PX32500--PW0100--IN0020--TM283--X041490--Y029106--Z210937--T2351332257,5256.0,7290.0,492.19090885900994,216.28414242140968,42.19663116862965,0.4978687127024723,0.9807837277873314,0.7209876543209877,207.6968945362448,0.5774280101900923,0.28631298480529427,0.05622773689708231,0.035735359945196214,0.0015914884912176653,0.017634262644644617,0.00018192319859747024,207.0,51.0,4.0588235294117645
WE00028---C004--PO01--LO001--CO6--SL001--PX32500--PW0100--IN0020--TM283--X041490--Y029106--Z210977--T2860546535.png,WE00028---C004--PO01--LO001--CO6--SL001--PX32500--PW0100--IN0020--TM283--X041490--Y029106--Z210977--T2860546535,WE00028---C004--PO01--LO001--CO6--SL001--PX32500--PW0100--IN0020--TM283--X041490--Y029106--Z210977--T2860546535,3169.0,3982.0,307.0782104868019,128.37977475027103,36.29994074832625,0.39711779448621554,0.9591923546475164,0.7958312405826218,124.88794977899188,0.3510384242517814,0.0894385660751931,0.010525034420546264,0.006129866582549262,4.913449984109517e-05,0.0017900110557920934,-3.1696035735294374e-06,114.0,70.0,1.6285714285714286
WE00028---C004--PO01--LO001--CO6--SL001--PX32500--PW0100--IN0020--TM283--X041490--Y029106--Z211017--T2277216459.png,WE00028---C004--PO01--LO001--CO6--SL001--PX32500--PW0100--IN0020--TM283--X041490--Y029106--Z211017--T2277216459,WE00028---C004--PO01--LO001--CO6--SL001--PX32500--PW0100--IN0020--TM283--X041490--Y029106--Z211017--T2277216459,2469.0,3715.0,281.9066376115481,97.40312165492524,52.207675394705,0.4281255418761921,0.8442205743934881,0.6646029609690444,84.81155581640984,0.3091588061523657,0.02929767021112391,0.007764908383425266,0.002333796750831051,5.596282949501668e-06,-4.0243203363567604e-05,8.208745213956573e-06,79.0,73.0,1.082191780821918
WE00028---C004--PO01--LO001--CO6--SL001--PX32500--PW0100--IN0020--TM283--X041490--Y029106--Z220365--T2344413590.png,WE00028---C004--PO01--LO001--CO6--SL001--PX32500--PW0100--IN0020--TM283--X041490--Y029106--Z220365--T2344413590,WE00028---C004--PO01--LO001--CO6--SL001--PX32500--PW0100--IN0020--TM283--X041490--Y029106--Z220365--T2344413590,4168.0,6665.0,452.6761902332486,202.55884895919974,44.21659982465202,0.2739401906013802,0.9758839142407015,0.6253563390847712,195.25624189766637,0.6445716619441177,0.343322395280093,0.12008223055072796,0.07957414892455748,0.007744285597273844,0.041109650475958506,-0.0007290586859170058,179.0,85.0,2.1058823529411765
WE00029---C005--PO01--LO001--CO6--SL001--PX32500--PW0100--IN0020--TM250--X050499--Y029106--Z210270--T2938414902.png,WE00029---C005--PO01--LO001--CO6--SL001--PX32500--PW0100--IN0020--TM250--X050499--Y029106--Z210270--T2938414902,WE00029---C005--PO01--LO001--CO6--SL001--PX32500--PW0100--IN0020--TM250--X050499--Y029106--Z210270--T2938414902,3697.0,4976.0,376.71782079359116,104.34571947345407,60.937592066685724,0.5412091933831065,0.8117557814958614,0.7429662379421221,99.40824915468535,0.2468457414680581,0.0147116453504817,0.0009926024267048357,0.0004799123437031569,2.0755783727415055e-07,-7.154952519961547e-06,-2.5813466042775896e-07,99.0,69.0,1.434782608695652
WE00029---C005--PO01--LO001--CO6--SL001--PX32500--PW0100--IN0020--TM256--X050499--Y029106--Z210973--T2926423848.png,WE00029---C005--PO01--LO001--CO6--SL001--PX32500--PW0100--IN0020--TM256--X050499--Y029106--Z210973--T2926423848,WE00029---C005--PO01--LO001--CO6--SL001--PX32500--PW0100--IN0020--TM256--X050499--Y029106--Z210973--T2926423848,3408.0,5247.0,351.9482681718907,114.1435032249093,56.72004068564506,0.5272277227722773,0.8677971020820022,0.649514008004574,103.58088626768937,0.2979368827728159,0.032377136383587295,0.004267839427807712,0.001914025895771178,3.6526035966231603e-06,-1.1938077799247574e-05,-4.072429471141261e-06,101.0,64.0,1.578125
WE00029---C005--PO01--LO001--CO6--SL001--PX32500--PW0100--IN0020--TM261--X050499--Y029106--Z212583--T2844183446.png,WE00029---C005--PO01--LO001--CO6--SL001--PX32500--PW0100--IN0020--TM261--X050499--Y029106--Z212583--T2844183446,WE00029---C005--PO01--LO001--CO6--SL001--PX32500--PW0100--IN0020--TM261--X050499--Y029106--Z212583--T2844183446,2888.0,3741.0,312.49242404917493,104.82915172133609,42.55513170163506,0.47719762062128224,0.9138964000827984,0.7719860999732692,95.524865872714,0.27701026412652363,0.03945316141287476,0.0020092249081440426,0.0003342484960811848,1.0129932224474942e-07,3.880599119138032e-06,2.544971346778003e-07,89.0,68.0,1.3088235294117647
WE00029---C005--PO01--LO001--CO6--SL001--PX32500--PW0100--IN0020--TM270--X050499--Y029106--Z211771--T2946372106.png,WE00029---C005--PO01--LO001--CO6--SL001--PX32500--PW0100--IN0020--TM270--X050499--Y029106--Z211771--T2946372106,WE00029---C005--PO01--LO001--CO6--SL001--PX32500--PW0100--IN0020--TM270--X050499--Y029106--Z211771--T2946372106,4442.0,5936.0,499.7228714274745,236.71269950062367,31.08051547017053,0.5017508189314357,0.9913426031797451,0.7483153638814016,227.3719419805355,0.8019881324116961,0.6003219748241055,0.2105013674977969,0.18484841345435793,0.036461046025299045,0.1424712953439932,0.00036640546969530195,227.0,39.0,5.82051282051282
WE00029---C005--PO01--LO001--CO6--SL001--PX32500--PW0100--IN0020--TM278--X050499--Y029106--Z210475--T2852311346.png,WE00029---C005--PO01--LO001--CO6--SL001--PX32500--PW0100--IN0020--TM278--X050499--Y029106--Z210475--T2852311346,WE00029---C005--PO01--LO001--CO6--SL001--PX32500--PW0100--IN0020--TM278--X050499--Y029106--Z210475--T2852311346,4588.0,7179.0,534.1320343559643,248.67947530884973,36.04405954282337,0.2746647509578544,0.9894401772676241,0.6390862237080374,237.9768896342668,0.8601331689762887,0.6801914228629347,0.22215119599798652,0.174392308351413,0.03429376035834108,0.13648549397596116,0.0014729271307865003,232.0,72.0,3.2222222222222223
WE00029---C005--PO01--LO001--CO6--SL001--PX32500--PW0100--IN0020--TM279--X050499--Y029106--Z209461--T2336799960.png,WE00029---C005--PO01--LO001--CO6--SL001--PX32500--PW0100--IN0020--TM279--X050499--Y029106--Z209461--T2336799960,WE00029---C005--PO01--LO001--CO6--SL001--PX32500--PW0100--IN0020--TM279--X050499--Y029106--Z209461--T2336799960,3201.0,5889.0,389.4041122946064,116.42948991699984,79.91936827842551,0.4177215189873418,0.727206639142399,0.543555781966378,102.95630140987001,0.3893886978357422,0.01959169478359159,0.019284501352744506,0.0057393336085230845,3.682950222102603e-05,8.715465219400139e-05,-4.7847545528978305e-05,97.0,79.0,1.2278481012658229
WE00029---C005--PO01--LO001--CO6--SL001--PX32500--PW0100--IN0020--TM279--X050499--Y029106--Z218845--T2268886964.png,WE00029---C005--PO01--LO001--CO6--SL001--PX32500--PW0100--IN0020--TM279--X050499--Y029106--Z218845--T2268886964,WE00029---C005--PO01--LO001--CO6--SL001--PX32500--PW0100--IN0020--TM279--X050499--Y029106--Z218845--T2268886964,2872.0,3489.0,253.1370849898476,87.23863725524008,51.457965716765756,0.5566970343089747,0.8075106946769689,0.823158498137002,82.85529554590944,0.22324386459477724,0.0116632554175195,0.0026440986003468583,0.00032836728976837323,-6.303913593532268e-08,-2.178723886302234e-05,-2.994054542467276e-07,77.0,67.0,1.1492537313432836
WE00029---C005--PO01--LO001--CO6--SL001--PX32500--PW0100--IN0020--TM280--X050499--Y029106--Z209686--T2674168601.png,WE00029---C005--PO01--LO001--CO6--SL001--PX32500--PW0100--IN0020--TM280--X050499--Y029106--Z209686--T2674168601,WE00029---C005--PO01--LO001--CO6--SL001--PX32500--PW0100--IN0020--TM280--X050499--Y029106--Z209686--T2674168601,3752.0,5749.0,381.94826817189073,109.40620468239344,66.83307082816407,0.4598039215686274,0.791730192462244,0.6526352409114629,106.3202708800161,0.27379359307249734,0.015621078448893782,0.00659682569600063,0.001217263007119804,-1.1110416310343107e-06,-0.00011933660194832442,-3.2655747904223246e-06,102.0,80.0,1.275
WE00029---C005--PO01--LO001--CO6--SL001--PX32500--PW0100--IN0020--TM280--X050499--Y029106--Z219311--T2271484976.png,WE00029---C005--PO01--LO001--CO6--SL001--PX32500--PW0100--IN0020--TM280--X050499--Y029106--Z219311--T2271484976,WE00029---C005--PO01--LO001--CO6--SL001--PX32500--PW0100--IN0020--TM280--X050499--Y029106--Z219311--T2271484976,3071.0,3779.0,265.03657992645924,92.0434744304645,53.86040652743281,0.5483928571428571,0.8109159225495736,0.8126488489018259,87.23531395025755,0.23145849431235546,0.012855107994955376,0.0029604797060210726,0.0004292844649263189,-2.493620745579104e-08,-2.419013108626895e-05,-4.833052490281755e-07,80.0,70.0,1.1428571428571428
WE00029---C005--PO01--LO001--CO6--SL001--PX32500--PW0100--IN0020--TM281--X050499--Y029106--Z209639--T2361902812.png,WE00029---C005--PO01--LO001--CO6--SL001--PX32500--PW0100--IN0020--TM281--X050499--Y029106--Z209639--T2361902812,WE00029---C005--PO01--LO001--CO6--SL001--PX32500--PW0100--IN0020--TM281--X050499--Y029106--Z209639--T2361902812,2962.0,3728.0,300.350288425444,91.2635775199351,52.73114060973815,0.5656990068754775,0.816185791194531,0.7945278969957081,85.14693182963201,0.2344196018682727,0.013706797679882279,0.001123488919211184,0.00030336707018748074,4.722396943691442e-08,-1.3521946850691854e-05,1.7069557026063038e-07,68.0,77.0,0.8831168831168831
WE00029---C005--PO01--LO001--CO6--SL001--PX32500--PW0100--IN0020--TM281--X050499--Y029106--Z211481--T2688233102.png,WE00029---C005--PO01--LO001--CO6--SL001--PX32500--PW0100--IN0020--TM281--X050499--Y029106--Z211481--T2688233102,WE00029---C005--PO01--LO001--CO6--SL001--PX32500--PW0100--IN0020--TM281--X050499--Y029106--Z211481--T2688233102,4556.0,6855.0,486.1848122046001,220.37031978728268,35.24152550618794,0.429811320754717,0.9871300486670693,0.6646243617797228,213.243991709028,0.6832342373127815,0.4214077324865313,0.10103869961831492,0.08218650366134349,0.007484980848282711,0.05139356985653984,-0.0002560382465110227,212.0,50.0,4.24
WE00029---C005--PO01--LO001--CO6--SL001--PX32500--PW0100--IN0020--TM281--X050499--Y029106--Z212207--T2272882756.png,WE00029---C005--PO01--LO001--CO6--SL001--PX32500--PW0100--IN0020--TM281--X050499--Y029106--Z212207--T2272882756,WE00029---C005--PO01--LO001--CO6--SL001--PX32500--PW0100--IN0020--TM281--X050499--Y029106--Z212207--T2272882756,1987.0,2642.0,226.75230867899737,88.08790540261404,38.21223178486658,0.5161038961038961,0.9010108380667946,0.7520817562452687,80.99382692526635,0.28999917388652013,0.03925992753188355,0.005530923764914308,0.0007720837548483223,-7.16831333165879e-07,-0.0001028617651248126,-1.4253972291591951e-06,77.0,50.0,1.54
WE00029---C005--PO01--LO001--CO6--SL001--PX32500--PW0100--IN0020--TM283--X050499--Y029106--Z215017--T2277312469.png,WE00029---C005--PO01--LO001--CO6--SL001--PX32500--PW0100--IN0020--TM283--X050499--Y029106--Z215017--T2277312469,WE00029---C005--PO01--LO001--CO6--SL001--PX32500--PW0100--IN0020--TM283--X050499--Y029106--Z215017--T2277312469,3193.0,5135.0,409.78888860545663,99.34634583201984,78.46321002404646,0.4705275567344533,0.61337137948225,0.621811100292113,91.92388155425118,0.31369738015684523,0.005282795722655858,0.0013898902021928677,0.0014125956120596118,1.9678431871462213e-06,-2.783760718085303e-05,2.1288290190888798e-07,78.0,87.0,0.896551724137931
WE00029---C005--PO01--LO001--CO6--SL001--PX32500--PW0100--IN0020--TM283--X050499--Y029106--Z219377--T2860627892.png,WE00029---C005--PO01--LO001--CO6--SL001--PX32500--PW0100--IN0020--TM283--X050499--Y029106--Z219377--T2860627892,WE00029---C005--PO01--LO001--CO6--SL001--PX32500--PW0100--IN0020--TM283--X050499--Y029106--Z219377--T2860627892,1916.0,3759.0,315.22034611053283,135.05028772638585,34.250483229601706,0.23095467695274832,0.9673058159637651,0.5097100292631019,130.034610777285,0.6332096756406846,0.30988908263707915,0.1018321827061476,0.06483292243224845,0.00519192394065626,0.02799930498795859,-0.0008913427869773815,122.0,68.0,1.7941176470588236
WE00029---C005--PO01--LO001--CO6--SL001--PX32500--PW0100--IN0020--TM283--X050499--Y029106--Z220937--T2351413085.png,WE00029---C005--PO01--LO001--CO6--SL001--PX32500--PW0100--IN0020--TM283--X050499--Y029106--Z220937--T2351413085,WE00029---C005--PO01--LO001--CO6--SL001--PX32500--PW0100--IN0020--TM283--X050499--Y029106--Z220937--T2351413085,2865.0,3541.0,269.1787155501902,79.63837427131774,56.73451855436335,0.5701492537313433,0.7017718449261843,0.8090934764190907,77.88452991448301,0.20857496187115804,0.004642843947678082,0.0011610136900104247,0.0001661908940752184,-6.821521593392874e-08,-1.0591382430916642e-05,-2.59970658344793e-08,67.0,75.0,0.8933333333333333
WE00030---C006--PO01--LO001--CO6--SL001--PX32500--PW0100--IN0020--TM250--X059508--Y029106--Z211470--T2938494822.png,WE00030---C006--PO01--LO001--CO6--SL001--PX32500--PW0100--IN0020--TM250--X059508--Y029106--Z211470--T2938494822,WE00030---C006--PO01--LO001--CO6--SL001--PX32500--PW0100--IN0020--TM250--X059508--Y029106--Z211470--T2938494822,3003.0,3962.0,335.90663761154804,94.01559811445372,56.37122862762944,0.5791706846673096,0.8003040195981108,0.7579505300353356,89.89994438263018,0.25009673879884586,0.01388254264625615,0.0002811791047274583,0.0002003071498536738,5.527339222414164e-10,-1.659248427321014e-05,-4.753427123370656e-08,85.0,61.0,1.3934426229508197
WE00030---C006--PO01--LO001--CO6--SL001--PX32500--PW0100--IN0020--TM256--X059508--Y029106--Z211173--T2926503449.png,WE00030---C006--PO01--LO001--CO6--SL001--PX32500--PW0100--IN0020--TM256--X059508--Y029106--Z211173--T2926503449,WE00030---C006--PO01--LO001--CO6--SL001--PX32500--PW0100--IN0020--TM256--X059508--Y029106--Z211173--T2926503449,3437.0,5334.0,361.8061325481598,131.65934682829828,51.864048812773945,0.40198830409356723,0.919142128804112,0.6443569553805775,121.70866854912184,0.36412683965863996,0.07091505512734794,0.011460054218482193,0.005302012662357484,3.8957773838955845e-05,0.0005474780761581093,-1.379763724977679e-05,114.0,75.0,1.52
WE00030---C006--PO01--LO001--CO6--SL001--PX32500--PW0100--IN0020--TM261--X059508--Y029106--Z215183--T2844263929.png,WE00030---C006--PO01--LO001--CO6--SL001--PX32500--PW0100--IN0020--TM261--X059508--Y029106--Z215183--T2844263929,WE00030---C006--PO01--LO001--CO6--SL001--PX32500--PW0100--IN0020--TM261--X059508--Y029106--Z215183--T2844263929,3001.0,3587.0,346.47518010647184,86.74427792877464,54.13846831860812,0.5598880597014926,0.781331911491691,0.8366322832450516,85.0881895447306,0.21775123928001988,0.009152371458084233,0.0005071365233378512,4.064055465273098e-05,-4.920103707450374e-09,1.2034385580742355e-06,-3.1358721043412338e-09,80.0,67.0,1.1940298507462686
WE00030---C006--PO01--LO001--CO6--SL001--PX32500--PW0100--IN0020--TM270--X059508--Y029106--Z210371--T2946452462.png,WE00030---C006--PO01--LO001--CO6--SL001--PX32500--PW0100--IN0020--TM270--X059508--Y029106--Z210371--T2946452462,WE00030---C006--PO01--LO001--CO6--SL001--PX32500--PW0100--IN0020--TM270--X059508--Y029106--Z210371--T2946452462,4230.0,5643.0,495.1198410471445,230.0536471841157,30.366337395597636,0.28960701081747225,0.9912501469409912,0.7496012759170654,223.6604569431083,0.7956086736042679,0.5903762117056656,0.20671629184360193,0.18265192869926322,0.035489596856377925,0.13962565866476326,-0.00036271262912473956,218.0,67.0,3.253731343283582
WE00030---C006--PO01--LO001--CO6--SL001--PX32500--PW0100--IN0020--TM278--X059508--Y029106--Z215075--T2852391402.png,WE00030---C006--PO01--LO001--CO6--SL001--PX32500--PW0100--IN0020--TM278--X059508--Y029106--Z215075--T2852391402,WE00030---C006--PO01--LO001--CO6--SL001--PX32500--PW0100--IN0020--TM278--X059508--Y029106--Z215075--T2852391402,4786.0,7278.0,566.6417023478423,282.66179136385705,27.354950056858446,0.18494474070639152,0.9953061620201065,0.6575982412750756,248.05039810490126,1.053149571532045,1.0683408759233133,0.25541510553275404,0.2416934024171825,0.060050990805815656,0.24966644784080183,-7.117069950451221e-05,227.0,114.0,1.9912280701754386
WE00030---C006--PO01--LO001--CO6--SL001--PX32500--PW0100--IN0020--TM279--X059508--Y029106--Z210661--T2336883438.png,WE00030---C006--PO01--LO001--CO6--SL001--PX32500--PW0100--IN0020--TM279--X059508--Y029106--Z210661--T2336883438,WE00030---C006--PO01--LO001--CO6--SL001--PX32500--PW0100--IN0020--TM279--X059508--Y029106--Z210661--T2336883438,4388.0,8539.0,485.4284989122459,212.42044489974003,63.588208732570465,0.2697154096748417,0.9541431542546857,0.5138775032205176,193.06216615380654,0.7002892220433632,0.34234674897948936,0.20597447118646106,0.10708337740011359,0.01555981586346112,0.048147747485626835,0.0032878619713462677,187.0,87.0,2.1494252873563218
WE00030---C006--PO01--LO001--CO6--SL001--PX32500--PW0100--IN0020--TM279--X059508--Y029106--Z216045--T2268958797.png,WE00030---C006--PO01--LO001--CO6--SL001--PX32500--PW0100--IN0020--TM279--X059508--Y029106--Z216045--T2268958797,WE00030---C006--PO01--LO001--CO6--SL001--PX32500--PW0100--IN0020--TM279--X059508--Y029106--Z216045--T2268958797,1907.0,3773.0,294.69343417595167,111.90692968765472,48.82913860065407,0.3067889317889318,0.8997832996846026,0.505433342168036,97.63708311906906,0.48857648428813527,0.11041759496277233,0.04213083810028689,0.01653624633389158,0.0003683370170268427,0.0010015076402647319,-0.0002341683675446362,84.0,74.0,1.135135135135135
WE00030---C006--PO01--LO001--CO6--SL001--PX32500--PW0100--IN0020--TM280--X059508--Y029106--Z209486--T2674250636.png,WE00030---C006--PO01--LO001--CO6--SL001--PX32500--PW0100--IN0020--TM280--X059508--Y029106--Z209486--T2674250636,WE00030---C006--PO01--LO001--CO6--SL001--PX32500--PW0100--IN0020--TM280--X059508--Y029106--Z209486--T2674250636,2743.0,3992.0,295.22034611053283,108.19289129898397,46.49839199510932,0.42343315838221673,0.9029369306659506,0.6871242484969939,98.4733466477097,0.31598163930378714,0.04728604509066194,0.007177519298584921,0.0030539044825290025,1.157039642952139e-05,0.0003284184610007648,-8.39964792602529e-06,82.0,79.0,1.0379746835443038
WE00030---C006--PO01--LO001--CO6--SL001--PX32500--PW0100--IN0020--TM280--X059508--Y029106--Z218911--T2271596365.png,WE00030---C006--PO01--LO001--CO6--SL001--PX32500--PW0100--IN0020--TM280--X059508--Y029106--Z218911--T2271596365,WE00030---C006--PO01--LO001--CO6--SL001--PX32500--PW0100--IN0020--TM280--X059508--Y029106--Z218911--T2271596365,2505.0,4472.0,333.7056274847714,109.30591431753699,49.94283143977656,0.3440934065934066,0.8895135586870486,0.5601520572450805,101.01980003939822,0.36033107078379917,0.055632619451122994,0.012733540643454397,0.00820103697194943,7.98463640951244e-05,0.0009339413104651912,-2.5457590056208298e-05,91.0,80.0,1.1375
WE00030---C006--PO01--LO001--CO6--SL001--PX32500--PW0100--IN0020--TM281--X059508--Y029106--Z208839--T2361983195.png,WE00030---C006--PO01--LO001--CO6--SL001--PX32500--PW0100--IN0020--TM281--X059508--Y029106--Z208839--T2361983195,WE00030---C006--PO01--LO001--CO6--SL001--PX32500--PW0100--IN0020--TM281--X059508--Y029106--Z208839--T2361983195,2673.0,4188.0,319.32085117392114,87.27090864822239,59.45136156107462,0.5024436090225564,0.7320715827302987,0.6382521489971347,79.25906888173743,0.2607247448501683,0.00910865606775132,0.0021165348581400163,0.0013809565894446615,1.1667059192494366e-06,-5.800817108357645e-05,-2.0525054382740138e-06,70.0,76.0,0.9210526315789473
WE00030---C006--PO01--LO001--CO6--SL001--PX32500--PW0100--IN0020--TM281--X059508--Y029106--Z212607--T2272995023.png,WE00030---C006--PO01--LO001--CO6--SL001--PX32500--PW0100--IN0020--TM281--X059508--Y029106--Z212607--T2272995023,WE00030---C006--PO01--LO001--CO6--SL001--PX32500--PW0100--IN0020--TM281--X059508--Y029106--Z212607--T2272995023,2582.0,4176.0,324.97770542341357,91.70055899275091,56.42918522277294,0.43733062330623307,0.7882433961786964,0.6182950191570882,86.92525524840292,0.28062658463615914,0.015994727849556727,0.007418778744671201,0.0034222962858080595,1.4834234219972938e-05,0.00013859169707974826,8.792459046862825e-06,72.0,82.0,0.8780487804878049
WE00030---C006--PO01--LO001--CO6--SL001--PX32500--PW0100--IN0020--TM281--X059508--Y029106--Z220081--T2688314564.png,WE00030---C006--PO01--LO001--CO6--SL001--PX32500--PW0100--IN0020--TM281--X059508--Y029106--Z220081--T2688314564,WE00030---C006--PO01--LO001--CO6--SL001--PX32500--PW0100--IN0020--TM281--X059508--Y029106--Z220081--T2688314564,3896.0,5988.0,498.49242404917493,225.537774356348,32.290798712426074,0.3785096667638201,0.9896977547536968,0.6506346025384101,220.00454540758926,0.8327448559917441,0.6388658001805897,0.3380166819616458,0.3023680240950309,0.09666535921089822,0.2415656539412811,-0.0002926980153718853,219.0,47.0,4.659574468085107
WE00030---C006--PO01--LO001--CO6--SL001--PX32500--PW0100--IN0020--TM283--X059508--Y029106--Z210965--T2344482936.png,WE00030---C006--PO01--LO001--CO6--SL001--PX32500--PW0100--IN0020--TM283--X059508--Y029106--Z210965--T2344482936,WE00030---C006--PO01--LO001--CO6--SL001--PX32500--PW0100--IN0020--TM283--X059508--Y029106--Z210965--T2344482936,4272.0,8662.0,490.1147904132612,216.51347923580778,62.937470599800825,0.23733333333333334,0.9568184570689874,0.49318864003694296,194.85892332659543,0.7437852864041337,0.3942352735269411,0.249964887137682,0.1487108373217962,0.028384713348908606,0.07653394689550444,0.004046527393557235,180.0,100.0,1.8
WE00030---C006--PO01--LO001--CO6--SL001--PX32500--PW0100--IN0020--TM283--X059508--Y029106--Z212737--T2351492831.png,WE00030---C006--PO01--LO001--CO6--SL001--PX32500--PW0100--IN0020--TM283--X059508--Y029106--Z212737--T2351492831,WE00030---C006--PO01--LO001--CO6--SL001--PX32500--PW0100--IN0020--TM283--X059508--Y029106--Z212737--T2351492831,4086.0,6178.0,473.3563850798539,212.69628511800857,38.695307719777134,0.4346808510638298,0.9833119430640948,0.6613790870831985,201.9504889818294,0.7148959334087347,0.44768050747686583,0.07885864085215046,0.046130483947912845,0.002759656481220315,0.028489804279737987,-0.0003543808676106481,200.0,47.0,4.25531914893617
WE00030---C006--PO01--LO001--CO6--SL001--PX32500--PW0100--IN0020--TM283--X059508--Y029106--Z215177--T2860710288.png,WE00030---C006--PO01--LO001--CO6--SL001--PX32500--PW0100--IN0020--TM283--X059508--Y029106--Z215177--T2860710288,WE00030---C006--PO01--LO001--CO6--SL001--PX32500--PW0100--IN0020--TM283--X059508--Y029106--Z215177--T2860710288,2448.0,3755.0,302.6345596729059,100.47275885426463,52.14172522244641,0.45714285714285713,0.8547962150230862,0.651930758988016,89.19641248391103,0.32714294273285116,0.03546344159858528,0.005864679622898581,0.0010649217293739255,-1.0165162765388899e-06,-0.00014529939265904045,2.459546785149601e-06,63.0,85.0,0.7411764705882353
WE00030---C006--PO01--LO001--CO6--SL001--PX32500--PW0100--IN0020--TM283--X059508--Y029106--Z220617--T2277408672.png,WE00030---C006--PO01--LO001--CO6--SL001--PX32500--PW0100--IN0020--TM283--X059508--Y029106--Z220617--T2277408672,WE00030---C006--PO01--LO001--CO6--SL001--PX32500--PW0100--IN0020--TM283--X059508--Y029106--Z220617--T2277408672,3341.0,6562.0,442.17366491630685,113.30713402215447,84.41728989870116,0.3663377192982456,0.6670302105451433,0.5091435537945749,101.9803902718557,0.3734807216057286,0.011418738264521874,0.005489271767212001,0.004796360639465708,1.681595433474622e-05,-0.0003452083263415867,1.7969792129968048e-05,96.0,95.0,1.0105263157894737
WE00031---C007--PO01--LO001--CO6--SL001--PX32500--PW0100--IN0020--TM250--X068517--Y029106--Z211470--T2938575016.png,WE00031---C007--PO01--LO001--CO6--SL001--PX32500--PW0100--IN0020--TM250--X068517--Y029106--Z211470--T2938575016,WE00031---C007--PO01--LO001--CO6--SL001--PX32500--PW0100--IN0020--TM250--X068517--Y029106--Z211470--T2938575016,3336.0,5469.0,423.445742854949,102.12029982637426,82.49181736832382,0.46853932584269664,0.5894695588404154,0.609983543609435,90.60905032059435,0.32286899672807,0.004608947965701711,0.001122754657075105,0.0012577618337782776,1.1172915670710924e-06,-5.390850962252933e-05,-9.927959388749197e-07,89.0,80.0,1.1125
WE00031---C007--PO01--LO001--CO6--SL001--PX32500--PW0100--IN0020--TM256--X068517--Y029106--Z211373--T2926582878.png,WE00031---C007--PO01--LO001--CO6--SL001--PX32500--PW0100--IN0020--TM256--X068517--Y029106--Z211373--T2926582878,WE00031---C007--PO01--LO001--CO6--SL001--PX32500--PW0100--IN0020--TM256--X068517--Y029106--Z211373--T2926582878,4054.0,6254.0,390.6406563273158,139.37256085924182,55.440249915411826,0.45601799775028123,0.9174788609428595,0.6482251359130157,127.56566936288148,0.34685391019897616,0.06354566554148042,0.007549340332058355,0.0024816244773334098,8.31324964552269e-06,4.161731874003282e-06,6.801936257500373e-06,127.0,70.0,1.8142857142857143
WE00031---C007--PO01--LO001--CO6--SL001--PX32500--PW0100--IN0020--TM261--X068517--Y029106--Z215583--T2844344878.png,WE00031---C007--PO01--LO001--CO6--SL001--PX32500--PW0100--IN0020--TM261--X068517--Y029106--Z215583--T2844344878,WE00031---C007--PO01--LO001--CO6--SL001--PX32500--PW0100--IN0020--TM261--X068517--Y029106--Z215583--T2844344878,3330.0,6452.0,389.1614716074871,127.36663611121516,72.7806620962426,0.3867595818815331,0.8206532981694709,0.5161190328580285,107.56393447619885,0.4038904799071724,0.04204682039622808,0.019402185244796935,0.006605628175698042,4.092994239866037e-05,-0.0005229065114359919,6.258652211110706e-05,105.0,82.0,1.2804878048780488
WE00031---C007--PO01--LO001--CO6--SL001--PX32500--PW0100--IN0020--TM270--X068517--Y029106--Z211171--T2946533174.png,WE00031---C007--PO01--LO001--CO6--SL001--PX32500--PW0100--IN0020--TM270--X068517--Y029106--Z211171--T2946533174,WE00031---C007--PO01--LO001--CO6--SL001--PX32500--PW0100--IN0020--TM270--X068517--Y029106--Z211171--T2946533174,3940.0,5048.0,469.4507934888324,216.58958372718175,28.24436000880868,0.5022947475777665,0.9914608119249931,0.7805071315372425,213.03755537463343,0.7568018980238113,0.5350816652753488,0.15235105159703788,0.1356664639892476,0.019504318706593256,0.09919742879362625,-3.5064966061845986e-05,212.0,37.0,5.72972972972973
WE00031---C007--PO01--LO001--CO6--SL001--PX32500--PW0100--IN0020--TM278--X068517--Y029106--Z216275--T2852472131.png,WE00031---C007--PO01--LO001--CO6--SL001--PX32500--PW0100--IN0020--TM278--X068517--Y029106--Z216275--T2852472131,WE00031---C007--PO01--LO001--CO6--SL001--PX32500--PW0100--IN0020--TM278--X068517--Y029106--Z216275--T2852472131,4085.0,5298.0,467.86500705120545,219.9642808975026,28.69432476196366,0.48172169811320753,0.9914548986713375,0.7710456776141941,213.4689672996991,0.7528710089397256,0.5295127447919906,0.13107618002788737,0.11453318829387545,0.014032735617637,0.0828539911745711,0.00012258719901529509,212.0,40.0,5.3
WE00031---C007--PO01--LO001--CO6--SL001--PX32500--PW0100--IN0020--TM279--X068517--Y029106--Z216061--T2336966275.png,WE00031---C007--PO01--LO001--CO6--SL001--PX32500--PW0100--IN0020--TM279--X068517--Y029106--Z216061--T2336966275,WE00031---C007--PO01--LO001--CO6--SL001--PX32500--PW0100--IN0020--TM279--X068517--Y029106--Z216061--T2336966275,3405.0,5689.0,405.9898987322333,164.00736001568916,50.22813683511594,0.23262963722074195,0.9519493896542508,0.598523466338548,166.24379687675568,0.5400381767482195,0.20018641075981689,0.08675927124550017,0.04287346799829967,0.002537285169698061,0.013249118814252893,0.0006320113658624068,123.0,119.0,1.0336134453781514
WE00031---C007--PO01--LO001--CO6--SL001--PX32500--PW0100--IN0020--TM279--X068517--Y029106--Z218695--T2269030637.png,WE00031---C007--PO01--LO001--CO6--SL001--PX32500--PW0100--IN0020--TM279--X068517--Y029106--Z218695--T2269030637,WE00031---C007--PO01--LO001--CO6--SL001--PX32500--PW0100--IN0020--TM279--X068517--Y029106--Z218695--T2269030637,3138.0,3578.0,270.69343417595167,100.66355499978135,42.4744327371783,0.6404081632653061,0.9066216654870616,0.8770262716601454,103.09219175087898,0.23775551190127245,0.02751994640184894,0.000541263653763511,4.3281873851453296e-05,-2.7021852845581848e-09,-3.583149443580128e-06,-6.0484955862230296e-09,98.0,50.0,1.96
WE00031---C007--PO01--LO001--CO6--SL001--PX32500--PW0100--IN0020--TM280--X068517--Y029106--Z209486--T2674332045.png,WE00031---C007--PO01--LO001--CO6--SL001--PX32500--PW0100--IN0020--TM280--X068517--Y029106--Z209486--T2674332045,WE00031---C007--PO01--LO001--CO6--SL001--PX32500--PW0100--IN0020--TM280--X068517--Y029106--Z209486--T2674332045,2681.0,3661.0,289.8061325481598,112.84067673145886,36.709174048115194,0.3919590643274854,0.9456044578934443,0.7323135755258127,98.22932352408826,0.32824929561050953,0.07044775840567834,0.0036510826503109084,0.0018413487476933916,4.720388182181677e-06,0.00047648260958235613,-7.158366382777047e-07,90.0,76.0,1.1842105263157894
WE00031---C007--PO01--LO001--CO6--SL001--PX32500--PW0100--IN0020--TM281--X068517--Y029106--Z211081--T2688394737.png,WE00031---C007--PO01--LO001--CO6--SL001--PX32500--PW0100--IN0020--TM281--X068517--Y029106--Z211081--T2688394737,WE00031---C007--PO01--LO001--CO6--SL001--PX32500--PW0100--IN0020--TM281--X068517--Y029106--Z211081--T2688394737,4101.0,7329.0,494.6761902332486,231.80430323382868,37.20443326803711,0.4652297220646625,0.9870359506961579,0.5595579205894392,206.51876428063383,0.8399994643458397,0.6364999251169821,0.10584164159094299,0.09022863878152021,0.008812967836001983,0.07000226360910941,-0.0002823078957876002,205.0,43.0,4.767441860465116
WE00031---C007--PO01--LO001--CO6--SL001--PX32500--PW0100--IN0020--TM281--X068517--Y029106--Z216607--T2273107329.png,WE00031---C007--PO01--LO001--CO6--SL001--PX32500--PW0100--IN0020--TM281--X068517--Y029106--Z216607--T2273107329,WE00031---C007--PO01--LO001--CO6--SL001--PX32500--PW0100--IN0020--TM281--X068517--Y029106--Z216607--T2273107329,3077.0,4808.0,376.6406563273158,91.76611646029805,74.27407767725376,0.4689833866788599,0.5872790104330912,0.6399750415973378,82.56512580987206,0.2831016157176574,0.003480265451839393,0.0032059648607456388,0.0018874233451900045,1.6651723502985982e-06,-4.482170238816034e-05,-4.3339507486478235e-06,81.0,81.0,1.0
WE00031---C007--PO01--LO001--CO6--SL001--PX32500--PW0100--IN0020--TM281--X068517--Y029106--Z220039--T2362064154.png,WE00031---C007--PO01--LO001--CO6--SL001--PX32500--PW0100--IN0020--TM281--X068517--Y029106--Z220039--T2362064154,WE00031---C007--PO01--LO001--CO6--SL001--PX32500--PW0100--IN0020--TM281--X068517--Y029106--Z220039--T2362064154,2719.0,3967.0,333.5218613006978,78.34073048363837,69.2920890295757,0.5794970161977835,0.46654713863473873,0.6854045878497605,78.87331614684399,0.25144041133672107,0.0009429186104255689,0.0001440701764748209,0.0009169838202248015,2.896990998873853e-07,-2.0750283993217868e-05,-1.6480404924947266e-07,68.0,69.0,0.9855072463768116
WE00031---C007--PO01--LO001--CO6--SL001--PX32500--PW0100--IN0020--TM283--X068517--Y029106--Z210765--T2344552801.png,WE00031---C007--PO01--LO001--CO6--SL001--PX32500--PW0100--IN0020--TM283--X068517--Y029106--Z210765--T2344552801,WE00031---C007--PO01--LO001--CO6--SL001--PX32500--PW0100--IN0020--TM283--X068517--Y029106--Z210765--T2344552801,3698.0,6736.0,448.65894629054543,167.86845608130358,54.15373816963071,0.28053406159915034,0.9465366580825723,0.5489904988123515,176.52761823578768,0.5258323063964553,0.18207585529690912,0.09679719104867364,0.05632919971542223,0.004127848994796928,0.01930444211681394,0.0005114250829076026,169.0,78.0,2.1666666666666665
WE00031---C007--PO01--LO001--CO6--SL001--PX32500--PW0100--IN0020--TM283--X068517--Y029106--Z212537--T2351572443.png,WE00031---C007--PO01--LO001--CO6--SL001--PX32500--PW0100--IN0020--TM283--X068517--Y029106--Z212537--T2351572443,WE00031---C007--PO01--LO001--CO6--SL001--PX32500--PW0100--IN0020--TM283--X068517--Y029106--Z212537--T2351572443,4655.0,6055.0,473.1787155501902,204.00435167405138,34.801682635490046,0.5280771412365286,0.985341606457906,0.7687861271676301,205.54804791094466,0.5750393745463399,0.29432399933637604,0.05928694576724214,0.049841278666309836,0.002709210835304687,0.026968334385084475,-2.6322956844331588e-05,205.0,43.0,4.767441860465116
WE00031---C007--PO01--LO001--CO6--SL001--PX32500--PW0100--IN0020--TM283--X068517--Y029106--Z223017--T2277506519.png,WE00031---C007--PO01--LO001--CO6--SL001--PX32500--PW0100--IN0020--TM283--X068517--Y029106--Z223017--T2277506519,WE00031---C007--PO01--LO001--CO6--SL001--PX32500--PW0100--IN0020--TM283--X068517--Y029106--Z223017--T2277506519,3203.0,6777.0,439.30360723121805,116.30943226039204,85.508726538797,0.3475854584915898,0.6778686009762548,0.4726280064925483,102.95630140987001,0.40664272453601114,0.014712550673310443,0.01016897123253827,0.006505181077215136,2.2830964761400288e-05,-0.00046505924081037564,4.772927902445652e-05,95.0,97.0,0.979381443298969
WE00031---C007--PO01--LO001--CO6--SL001--PX32500--PW0100--IN0020--TM284--X068517--Y029106--Z213177--T2860791353.png,WE00031---C007--PO01--LO001--CO6--SL001--PX32500--PW0100--IN0020--TM284--X068517--Y029106--Z213177--T2860791353,WE00031---C007--PO01--LO001--CO6--SL001--PX32500--PW0100--IN0020--TM284--X068517--Y029106--Z213177--T2860791353,3411.0,5183.0,469.9655121145938,212.5879619154134,30.754135121900585,0.3849018280297901,0.9894806238257935,0.6581130619332433,211.53250341259616,0.8454166369548038,0.6573254480615092,0.35884052582271925,0.30995508414202155,0.10337025754305168,0.2512288688010478,-0.00040239376305522406,211.0,42.0,5.023809523809524
WE00032---C008--PO01--LO001--CO6--SL001--PX32500--PW0100--IN0020--TM250--X077526--Y029106--Z201670--T2938655161.png,WE00032---C008--PO01--LO001--CO6--SL001--PX32500--PW0100--IN0020--TM250--X077526--Y029106--Z201670--T2938655161,WE00032---C008--PO01--LO001--CO6--SL001--PX32500--PW0100--IN0020--TM250--X077526--Y029106--Z201670--T2938655161,2731.0,3408.0,249.3797256769669,85.93973452172773,51.598634986061555,0.5418650793650793,0.7996961886481228,0.801349765258216,85.70297544426332,0.2299537051924628,0.011684032872041238,0.0065189253669928416,0.0010780413651388162,2.551517184276603e-06,8.879080603705974e-05,-1.2872960350298529e-06,60.0,84.0,0.7142857142857143
WE00032---C008--PO01--LO001--CO6--SL001--PX32500--PW0100--IN0020--TM256--X077526--Y029106--Z211973--T2926662378.png,WE00032---C008--PO01--LO001--CO6--SL001--PX32500--PW0100--IN0020--TM256--X077526--Y029106--Z211973--T2926662378,WE00032---C008--PO01--LO001--CO6--SL001--PX32500--PW0100--IN0020--TM256--X077526--Y029106--Z211973--T2926662378,3678.0,5221.0,357.2619766708754,134.12549897392913,43.47177067413865,0.33904867256637167,0.9460184941246048,0.7044627466002682,131.89389675038038,0.3378100244791728,0.0748480506858665,0.00924215377344182,0.006282289867504452,4.745478080117266e-05,0.0015437637340760875,6.2914219012952665e-06,96.0,113.0,0.8495575221238938
WE00032---C008--PO01--LO001--CO6--SL001--PX32500--PW0100--IN0020--TM261--X077526--Y029106--Z216183--T2844425825.png,WE00032---C008--PO01--LO001--CO6--SL001--PX32500--PW0100--IN0020--TM261--X077526--Y029106--Z216183--T2844425825,WE00032---C008--PO01--LO001--CO6--SL001--PX32500--PW0100--IN0020--TM261--X077526--Y029106--Z216183--T2844425825,2838.0,4798.0,383.6761902332486,94.59668937748162,73.03315842294468,0.46101364522417154,0.6355645654913161,0.5914964568570238,87.32124598286491,0.31453435232581656,0.006336912449713073,0.0014763846917101764,0.0013175871473652704,1.6032009869976137e-07,-0.00010416197171623528,1.8306687798459359e-06,76.0,81.0,0.9382716049382716
WE00032---C008--PO01--LO001--CO6--SL001--PX32500--PW0100--IN0020--TM270--X077526--Y029106--Z212371--T2946614121.png,WE00032---C008--PO01--LO001--CO6--SL001--PX32500--PW0100--IN0020--TM270--X077526--Y029106--Z212371--T2946614121,WE00032---C008--PO01--LO001--CO6--SL001--PX32500--PW0100--IN0020--TM270--X077526--Y029106--Z212371--T2946614121,4494.0,6077.0,517.6223663640862,251.24619942424872,28.790877582144248,0.4592274678111588,0.9934126065522745,0.7395096264604245,234.92339176846565,0.8894298976006811,0.7506034740427362,0.2626053548855917,0.2385965711140392,0.0597238809347257,0.20671379582325947,3.268311369588814e-05,233.0,42.0,5.5476190476190474
WE00032---C008--PO01--LO001--CO6--SL001--PX32500--PW0100--IN0020--TM278--X077526--Y029106--Z211275--T2852552822.png,WE00032---C008--PO01--LO001--CO6--SL001--PX32500--PW0100--IN0020--TM278--X077526--Y029106--Z211275--T2852552822,WE00032---C008--PO01--LO001--CO6--SL001--PX32500--PW0100--IN0020--TM278--X077526--Y029106--Z211275--T2852552822,3945.0,5923.0,521.9655121145938,253.0345867159939,31.346727751823888,0.39300657501494324,0.992296810023284,0.6660476110079352,240.10414407085938,1.029929014817503,0.997589690329474,0.7211069091313338,0.6541940474564473,0.44931782755697547,0.6524683551102436,0.002373672618666056,239.0,42.0,5.690476190476191
WE00032---C008--PO01--LO001--CO6--SL001--PX32500--PW0100--IN0020--TM279--X077526--Y029106--Z213861--T2337048368.png,WE00032---C008--PO01--LO001--CO6--SL001--PX32500--PW0100--IN0020--TM279--X077526--Y029106--Z213861--T2337048368,WE00032---C008--PO01--LO001--CO6--SL001--PX32500--PW0100--IN0020--TM279--X077526--Y029106--Z213861--T2337048368,3832.0,6007.0,450.6173157302028,99.56380902424071,90.19135022701799,0.46296967500302044,0.4235669475556744,0.6379224238388547,96.04686356149273,0.29435398817830266,0.000841401533356148,0.0016359170970312864,0.0015380592615288312,1.9422122863841656e-06,3.079655605372127e-05,-1.476500024404559e-06,89.0,93.0,0.956989247311828
WE00032---C008--PO01--LO001--CO6--SL001--PX32500--PW0100--IN0020--TM279--X077526--Y029106--Z215595--T2269102239.png,WE00032---C008--PO01--LO001--CO6--SL001--PX32500--PW0100--IN0020--TM279--X077526--Y029106--Z215595--T2269102239,WE00032---C008--PO01--LO001--CO6--SL001--PX32500--PW0100--IN0020--TM279--X077526--Y029106--Z215595--T2269102239,2445.0,4178.0,308.80003589374985,117.32460216530988,46.41107113574732,0.44014401440144013,0.9184322394567712,0.5852082336045955,101.49384217774002,0.40692867579794567,0.08809416625982967,0.017516845609069943,0.003700370611502036,3.479420345669125e-06,-0.0004462025027898614,2.95878533449251e-05,101.0,55.0,1.8363636363636364
WE00032---C008--PO01--LO001--CO6--SL001--PX32500--PW0100--IN0020--TM280--X077526--Y029106--Z210511--T2271708298.png,WE00032---C008--PO01--LO001--CO6--SL001--PX32500--PW0100--IN0020--TM280--X077526--Y029106--Z210511--T2271708298,WE00032---C008--PO01--LO001--CO6--SL001--PX32500--PW0100--IN0020--TM280--X077526--Y029106--Z210511--T2271708298,2602.0,4446.0,318.2497833620557,121.91994872867528,48.78275071282512,0.44677197802197804,0.9164622530448525,0.5852451641925326,104.47966309287182,0.4142061554840615,0.08992964189157956,0.019228856478123023,0.003999695654490549,3.235673190275621e-06,-0.0004901814016984148,3.492701459621769e-05,104.0,56.0,1.8571428571428572
WE00032---C008--PO01--LO001--CO6--SL001--PX32500--PW0100--IN0020--TM280--X077526--Y029106--Z211286--T2674413865.png,WE00032---C008--PO01--LO001--CO6--SL001--PX32500--PW0100--IN0020--TM280--X077526--Y029106--Z211286--T2674413865,WE00032---C008--PO01--LO001--CO6--SL001--PX32500--PW0100--IN0020--TM280--X077526--Y029106--Z211286--T2674413865,2848.0,3868.0,311.2203461105329,101.01143788673606,49.618984023132185,0.4688065843621399,0.8710347274466544,0.7362978283350569,91.67878707749138,0.2779440431757765,0.028860520489990514,0.002580045886430279,0.0008882048794695801,7.743267795038263e-07,-1.8718614686575904e-05,1.0992209846623847e-06,81.0,75.0,1.08
WE00032---C008--PO01--LO001--CO6--SL001--PX32500--PW0100--IN0020--TM281--X077526--Y029106--Z210039--T2362145262.png,WE00032---C008--PO01--LO001--CO6--SL001--PX32500--PW0100--IN0020--TM281--X077526--Y029106--Z210039--T2362145262,WE00032---C008--PO01--LO001--CO6--SL001--PX32500--PW0100--IN0020--TM281--X077526--Y029106--Z210039--T2362145262,2869.0,3343.0,279.4213562373095,78.26417249632854,53.63176066590665,0.6324955908289241,0.7282930627820018,0.8582111875560874,76.21679604916491,0.19609721263201813,0.00500928362164414,0.0002271292628521665,4.732949133071575e-05,-2.884372212524102e-09,-3.176386746499572e-06,3.970021276989173e-09,72.0,63.0,1.1428571428571428
WE00032---C008--PO01--LO001--CO6--SL001--PX32500--PW0100--IN0020--TM281--X077526--Y029106--Z210481--T2688475719.png,WE00032---C008--PO01--LO001--CO6--SL001--PX32500--PW0100--IN0020--TM281--X077526--Y029106--Z210481--T2688475719,WE00032---C008--PO01--LO001--CO6--SL001--PX32500--PW0100--IN0020--TM281--X077526--Y029106--Z210481--T2688475719,5743.0,8732.0,555.747258045114,275.67321884769973,37.29626861961589,0.3119839200347675,0.9908058261655532,0.6576958314246449,241.23847122712414,0.8421854349076953,0.6591965378638389,0.16188310740933326,0.13723452808150502,0.020447764943128027,0.10905648999184019,0.0005375346889610593,236.0,78.0,3.0256410256410255
WE00032---C008--PO01--LO001--CO6--SL001--PX32500--PW0100--IN0020--TM281--X077526--Y029106--Z216007--T2273219418.png,WE00032---C008--PO01--LO001--CO6--SL001--PX32500--PW0100--IN0020--TM281--X077526--Y029106--Z216007--T2273219418,WE00032---C008--PO01--LO001--CO6--SL001--PX32500--PW0100--IN0020--TM281--X077526--Y029106--Z216007--T2273219418,3392.0,4861.0,331.66399692442883,127.44318106223847,47.79058284882131,0.501923646049127,0.9270267472427981,0.6977988068298704,117.27318534089538,0.34134920784737155,0.0661429894752874,0.010077736257381566,0.004271353469723631,2.5327673521827205e-05,0.0006470893393492104,-1.1993841003127633e-05,109.0,62.0,1.7580645161290323
WE00032---C008--PO01--LO001--CO6--SL001--PX32500--PW0100--IN0020--TM283--X077526--Y029106--Z212337--T2351653151.png,WE00032---C008--PO01--LO001--CO6--SL001--PX32500--PW0100--IN0020--TM283--X077526--Y029106--Z212337--T2351653151,WE00032---C008--PO01--LO001--CO6--SL001--PX32500--PW0100--IN0020--TM283--X077526--Y029106--Z212337--T2351653151,3463.0,6618.0,412.47518010647184,124.89013630731024,76.15879874388793,0.3726861816616444,0.792550446293746,0.523269870051375,108.30050784737807,0.38618446384945404,0.03126621208446804,0.016926193387005063,0.006150212634532222,3.292186446430429e-05,-9.746129091227503e-05,-5.342034793138215e-05,101.0,92.0,1.0978260869565217
WE00032---C008--PO01--LO001--CO6--SL001--PX32500--PW0100--IN0020--TM283--X077526--Y029106--Z219817--T2277602527.png,WE00032---C008--PO01--LO001--CO6--SL001--PX32500--PW0100--IN0020--TM283--X077526--Y029106--Z219817--T2277602527,WE00032---C008--PO01--LO001--CO6--SL001--PX32500--PW0100--IN0020--TM283--X077526--Y029106--Z219817--T2277602527,3075.0,4126.0,348.97770542341357,111.90292517260997,51.99893314708712,0.4862428842504744,0.8854792366903101,0.7452738730004848,103.75451797391764,0.3094746689150809,0.039824385159590144,0.003300977593854933,0.0004280644228900226,-2.0432646640955996e-07,-6.864804657102983e-05,4.6601856967076527e-07,93.0,68.0,1.3676470588235294
WE00032---C008--PO01--LO001--CO6--SL001--PX32500--PW0100--IN0020--TM286--X077526--Y029106--Z201653--T2861268076.png,WE00032---C008--PO01--LO001--CO6--SL001--PX32500--PW0100--IN0020--TM286--X077526--Y029106--Z201653--T2861268076,WE00032---C008--PO01--LO001--CO6--SL001--PX32500--PW0100--IN0020--TM286--X077526--Y029106--Z201653--T2861268076,2971.0,4331.0,334.91883092036784,84.20146042762856,66.03583588272171,0.4593382807668522,0.6204323329947783,0.6859847610251674,84.38009243891595,0.24088306880838217,0.003296179980448357,0.00040985706372065995,0.0007237267508356292,3.207110367443853e-07,-2.1980499638960152e-05,-2.2915179274078746e-07,77.0,84.0,0.9166666666666666
WE00033---C009--PO01--LO001--CO6--SL001--PX32500--PW0100--IN0020--TM250--X086535--Y029106--Z211070--T2938735790.png,WE00033---C009--PO01--LO001--CO6--SL001--PX32500--PW0100--IN0020--TM250--X086535--Y029106--Z211070--T2938735790,WE00033---C009--PO01--LO001--CO6--SL001--PX32500--PW0100--IN0020--TM250--X086535--Y029106--Z211070--T2938735790,2472.0,3190.0,250.65180361560903,97.83875204756554,42.140268896776334,0.6058823529411764,0.9024897025722457,0.7749216300940439,86.31338250816034,0.28691908537918753,0.03885757923443906,0.0036614255659519006,0.0006944962957576093,4.2670580750579437e-08,-5.302574195790286e-05,-1.106642635495237e-06,85.0,48.0,1.7708333333333333
WE00033---C009--PO01--LO001--CO6--SL001--PX32500--PW0100--IN0020--TM256--X086535--Y029106--Z209573--T2926741808.png,WE00033---C009--PO01--LO001--CO6--SL001--PX32500--PW0100--IN0020--TM256--X086535--Y029106--Z209573--T2926741808,WE00033---C009--PO01--LO001--CO6--SL001--PX32500--PW0100--IN0020--TM256--X086535--Y029106--Z209573--T2926741808,3072.0,5302.0,398.29751057680824,112.17636040998829,69.06720538029022,0.43243243243243246,0.7879791189805081,0.5794039984911354,98.2700361249552,0.35306426379139777,0.025268637707542247,0.005085033298204197,0.0020963864526617527,2.9042755540098327e-06,-0.00015505410042268792,6.1979830260821984e-06,96.0,74.0,1.2972972972972974
WE00033---C009--PO01--LO001--CO6--SL001--PX32500--PW0100--IN0020--TM261--X086535--Y029106--Z208983--T2844506275.png,WE00033---C009--PO01--LO001--CO6--SL001--PX32500--PW0100--IN0020--TM261--X086535--Y029106--Z208983--T2844506275,WE00033---C009--PO01--LO001--CO6--SL001--PX32500--PW0100--IN0020--TM261--X086535--Y029106--Z208983--T2844506275,3413.0,5965.0,367.8772003600252,112.4109347778078,67.79062116078896,0.39899462239887773,0.7976952724132044,0.5721709974853311,100.64790112068906,0.3155542516661692,0.02168052367826051,0.011374382550555348,0.0032579604609196907,3.156419110927993e-07,-0.00028316556025449855,1.9830224018371786e-05,94.0,91.0,1.032967032967033
WE00033---C009--PO01--LO001--CO6--SL001--PX32500--PW0100--IN0020--TM271--X086535--Y029106--Z210571--T2946694779.png,WE00033---C009--PO01--LO001--CO6--SL001--PX32500--PW0100--IN0020--TM271--X086535--Y029106--Z210571--T2946694779,WE00033---C009--PO01--LO001--CO6--SL001--PX32500--PW0100--IN0020--TM271--X086535--Y029106--Z210571--T2946694779,4698.0,6081.0,513.9655121145938,246.4219160816077,28.9619163822434,0.5711854103343466,0.9930693571670468,0.7725703009373458,235.05318547086316,0.8189994854973255,0.6347016908229182,0.16616309500712406,0.1505571207138001,0.023813198741860307,0.11978335874670992,6.260495969067064e-05,235.0,35.0,6.714285714285714
WE00033---C009--PO01--LO001--CO6--SL001--PX32500--PW0100--IN0020--TM279--X086535--Y029106--Z211661--T2337130985.png,WE00033---C009--PO01--LO001--CO6--SL001--PX32500--PW0100--IN0020--TM279--X086535--Y029106--Z211661--T2337130985,WE00033---C009--PO01--LO001--CO6--SL001--PX32500--PW0100--IN0020--TM279--X086535--Y029106--Z211661--T2337130985,2244.0,3046.0,246.79393923933998,97.06110920068903,40.670148058326454,0.4486205517792883,0.9079788958309224,0.7367038739330269,92.28217596047462,0.308459220765215,0.04679488098655783,0.010462460013097103,0.0026256213101574677,9.769121780295748e-06,0.0002523992360292795,9.692393923422539e-06,61.0,82.0,0.7439024390243902
WE00033---C009--PO01--LO001--CO6--SL001--PX32500--PW0100--IN0020--TM279--X086535--Y029106--Z213075--T2852632986.png,WE00033---C009--PO01--LO001--CO6--SL001--PX32500--PW0100--IN0020--TM279--X086535--Y029106--Z213075--T2852632986,WE00033---C009--PO01--LO001--CO6--SL001--PX32500--PW0100--IN0020--TM279--X086535--Y029106--Z213075--T2852632986,4929.0,7445.0,534.9188309203678,269.3340146536091,29.77548481120299,0.32266300078554594,0.9938703120403211,0.6620550705171255,232.79390026373113,0.9310634883492176,0.8255171286924372,0.12301382856013547,0.11651572050889568,0.013949091580549924,0.10520530994968104,-8.376169751130903e-05,228.0,67.0,3.4029850746268657
WE00033---C009--PO01--LO001--CO6--SL001--PX32500--PW0100--IN0020--TM279--X086535--Y029106--Z220395--T2269173615.png,WE00033---C009--PO01--LO001--CO6--SL001--PX32500--PW0100--IN0020--TM279--X086535--Y029106--Z220395--T2269173615,WE00033---C009--PO01--LO001--CO6--SL001--PX32500--PW0100--IN0020--TM279--X086535--Y029106--Z220395--T2269173615,3059.0,4582.0,378.6761902332486,104.2503775659063,66.58522930458363,0.5370435393258427,0.7694517673058363,0.6676123963334788,94.70480452437458,0.31263758548908965,0.01728372043069243,0.003218267503089535,0.0006652647788904216,-7.246560568480344e-07,-8.738301794211848e-05,-6.499472659779238e-07,89.0,64.0,1.390625
WE00033---C009--PO01--LO001--CO6--SL001--PX32500--PW0100--IN0020--TM280--X086535--Y029106--Z210286--T2674494961.png,WE00033---C009--PO01--LO001--CO6--SL001--PX32500--PW0100--IN0020--TM280--X086535--Y029106--Z210286--T2674494961,WE00033---C009--PO01--LO001--CO6--SL001--PX32500--PW0100--IN0020--TM280--X086535--Y029106--Z210286--T2674494961,3566.0,6060.0,388.54015126392744,147.0253969540795,41.13545648418605,0.2896361273554256,0.9600627698267669,0.5884488448844885,137.44089638822936,0.40852133219410786,0.12194536944063815,0.01233617252399983,0.011934020667751287,0.0001444588787818101,0.004040118028677744,9.942304022436038e-06,114.0,108.0,1.0555555555555556
WE00033---C009--PO01--LO001--CO6--SL001--PX32500--PW0100--IN0020--TM280--X086535--Y029106--Z223911--T2271819472.png,WE00033---C009--PO01--LO001--CO6--SL001--PX32500--PW0100--IN0020--TM280--X086535--Y029106--Z223911--T2271819472,WE00033---C009--PO01--LO001--CO6--SL001--PX32500--PW0100--IN0020--TM280--X086535--Y029106--Z223911--T2271819472,3152.0,5277.0,412.2325394193526,104.31319609322121,78.77173520422659,0.48959304131717923,0.6555561794416181,0.5973090771271555,94.15412895885129,0.33879737361729884,0.008597739602718996,0.003372288948431497,0.0018371604007867742,1.5285671753434944e-06,-0.00011368171512725973,-4.309763207701018e-06,87.0,74.0,1.1756756756756757
WE00033---C009--PO01--LO001--CO6--SL001--PX32500--PW0100--IN0020--TM281--X086535--Y029106--Z209839--T2362225860.png,WE00033---C009--PO01--LO001--CO6--SL001--PX32500--PW0100--IN0020--TM281--X086535--Y029106--Z209839--T2362225860,WE00033---C009--PO01--LO001--CO6--SL001--PX32500--PW0100--IN0020--TM281--X086535--Y029106--Z209839--T2362225860,3413.0,4831.0,389.2203461105329,160.39901278917785,34.55966332581291,0.3628920786815524,0.9765125401938094,0.7064789898571724,167.88686666919483,0.4930086000757467,0.2018392023735856,0.06570558347370087,0.05251875775983549,0.003085037106566942,0.02357064042220995,2.332593703684182e-05,165.0,57.0,2.8947368421052633
WE00033---C009--PO01--LO001--CO6--SL001--PX32500--PW0100--IN0020--TM281--X086535--Y029106--Z210007--T2273330786.png,WE00033---C009--PO01--LO001--CO6--SL001--PX32500--PW0100--IN0020--TM281--X086535--Y029106--Z210007--T2273330786,WE00033---C009--PO01--LO001--CO6--SL001--PX32500--PW0100--IN0020--TM281--X086535--Y029106--Z210007--T2273330786,2608.0,3395.0,266.69343417595167,80.90714392372844,53.99518610360819,0.5795555555555556,0.7447242600277063,0.7681885125184095,76.48529270389177,0.22674094277842677,0.0075696247229769835,0.001886789146766708,0.0003860400811893165,-2.3985693922460857e-07,-3.08508547150338e-05,-2.2586795557971627e-07,75.0,60.0,1.25
WE00033---C009--PO01--LO001--CO6--SL001--PX32500--PW0100--IN0020--TM281--X086535--Y029106--Z210481--T2688556535.png,WE00033---C009--PO01--LO001--CO6--SL001--PX32500--PW0100--IN0020--TM281--X086535--Y029106--Z210481--T2688556535,WE00033---C009--PO01--LO001--CO6--SL001--PX32500--PW0100--IN0020--TM281--X086535--Y029106--Z210481--T2688556535,5033.0,6745.0,527.4629867976521,246.45194797988916,34.010279022649264,0.348400941437076,0.9904322796459797,0.746182357301705,235.61409125941512,0.768617893680216,0.5474372426754719,0.19280782293945037,0.16811752225716461,0.030267680402655213,0.12436379858938672,-0.00010587381216359791,233.0,62.0,3.7580645161290325
WE00033---C009--PO01--LO001--CO6--SL001--PX32500--PW0100--IN0020--TM283--X086535--Y029106--Z213937--T2351732936.png,WE00033---C009--PO01--LO001--CO6--SL001--PX32500--PW0100--IN0020--TM283--X086535--Y029106--Z213937--T2351732936,WE00033---C009--PO01--LO001--CO6--SL001--PX32500--PW0100--IN0020--TM283--X086535--Y029106--Z213937--T2351732936,4255.0,6754.0,469.4873734152916,210.43050571445283,45.85341802656217,0.2814153439153439,0.9759704529156396,0.6299970387918271,195.88006534611938,0.6813092491180821,0.3838330620173345,0.09344035067842146,0.04250383444911524,0.0025749984217609575,0.021547393752623597,0.0007377883974327293,189.0,80.0,2.3625
WE00033---C009--PO01--LO001--CO6--SL001--PX32500--PW0100--IN0020--TM283--X086535--Y029106--Z220617--T2277698875.png,WE00033---C009--PO01--LO001--CO6--SL001--PX32500--PW0100--IN0020--TM283--X086535--Y029106--Z220617--T2277698875,WE00033---C009--PO01--LO001--CO6--SL001--PX32500--PW0100--IN0020--TM283--X086535--Y029106--Z220617--T2277698875,3508.0,6979.0,433.6883835420683,187.57639614158742,55.04255379167919,0.2894867139792045,0.9559772698927798,0.5026508095715718,168.02380783686579,0.6808471193945203,0.3282040083373068,0.12419019272813143,0.034811653033921766,0.0016919142761801353,0.0064919804628741674,-0.0015416163575436217,166.0,73.0,2.2739726027397262
WE00033---C009--PO01--LO001--CO6--SL001--PX32500--PW0100--IN0020--TM286--X086535--Y029106--Z211253--T2861342160.png,WE00033---C009--PO01--LO001--CO6--SL001--PX32500--PW0100--IN0020--TM286--X086535--Y029106--Z211253--T2861342160,WE00033---C009--PO01--LO001--CO6--SL001--PX32500--PW0100--IN0020--TM286--X086535--Y029106--Z211253--T2861342160,2841.0,5066.0,345.60512242138304,100.49437057490329,70.00438234206656,0.3771405814416567,0.7174596764449815,0.5607974733517568,95.12623192369179,0.32998354594201496,0.013078998630245892,0.009372509102017547,0.005443279108877004,2.0238546901713825e-05,-0.0001265056218310876,3.319644558463021e-05,81.0,93.0,0.8709677419354839
WE00034---C010--PO01--LO001--CO6--SL001--PX32500--PW0100--IN0020--TM250--X095544--Y029106--Z216670--T2938815984.png,WE00034---C010--PO01--LO001--CO6--SL001--PX32500--PW0100--IN0020--TM250--X095544--Y029106--Z216670--T2938815984,WE00034---C010--PO01--LO001--CO6--SL001--PX32500--PW0100--IN0020--TM250--X095544--Y029106--Z216670--T2938815984,4055.0,7713.0,424.8183258569795,149.41062250473368,59.97661080936825,0.3572057787174066,0.9158935067906754,0.5257357707766109,137.05838172107534,0.3995180018716162,0.08330750710192326,0.018521241845585613,0.012514600256545043,0.00017857798069885374,0.0018273054286102597,6.641619062950148e-05,86.0,132.0,0.6515151515151515
WE00034---C010--PO01--LO001--CO6--SL001--PX32500--PW0100--IN0020--TM256--X095544--Y029106--Z210573--T2926821750.png,WE00034---C010--PO01--LO001--CO6--SL001--PX32500--PW0100--IN0020--TM256--X095544--Y029106--Z210573--T2926821750,WE00034---C010--PO01--LO001--CO6--SL001--PX32500--PW0100--IN0020--TM256--X095544--Y029106--Z210573--T2926821750,3351.0,4690.0,334.8355697996826,91.87801975293226,69.71739672432616,0.5891350210970464,0.6513191926447042,0.714498933901919,87.66413177577246,0.24809918531291586,0.004461009905532322,0.002055880431310709,0.0005971481672940847,-4.4772467182484406e-08,-3.4146035233427525e-05,6.60123911939428e-07,79.0,72.0,1.0972222222222223
WE00034---C010--PO01--LO001--CO6--SL001--PX32500--PW0100--IN0020--TM261--X095544--Y029106--Z217383--T2844586836.png,WE00034---C010--PO01--LO001--CO6--SL001--PX32500--PW0100--IN0020--TM261--X095544--Y029106--Z217383--T2844586836,WE00034---C010--PO01--LO001--CO6--SL001--PX32500--PW0100--IN0020--TM261--X095544--Y029106--Z217383--T2844586836,3154.0,4962.0,335.8061325481597,105.23796686963384,65.90340812043108,0.4580973129992738,0.7796365671825383,0.6356307940346635,91.8313671900838,0.30553045483398555,0.017794887872551058,0.006972589397522472,0.0017458791678046828,-5.940542867653677e-07,-0.00012888951108395514,6.062380612035079e-06,81.0,85.0,0.9529411764705882
WE00034---C010--PO01--LO001--CO6--SL001--PX32500--PW0100--IN0020--TM271--X095544--Y029106--Z211171--T2946775346.png,WE00034---C010--PO01--LO001--CO6--SL001--PX32500--PW0100--IN0020--TM271--X095544--Y029106--Z211171--T2946775346,WE00034---C010--PO01--LO001--CO6--SL001--PX32500--PW0100--IN0020--TM271--X095544--Y029106--Z211171--T2946775346,4873.0,6612.0,563.4213562373095,267.19024615012336,33.180814456437155,0.4154305200341006,0.9922591785957612,0.7369933454325469,256.3220630378899,0.9297608517052639,0.812737150194564,0.40101482935672883,0.3576616124354292,0.1354519322641752,0.32215507609138144,0.0005443425388759054,255.0,46.0,5.543478260869565
WE00034---C010--PO01--LO001--CO6--SL001--PX32500--PW0100--IN0020--TM279--X095544--Y029106--Z210875--T2852713739.png,WE00034---C010--PO01--LO001--CO6--SL001--PX32500--PW0100--IN0020--TM279--X095544--Y029106--Z210875--T2852713739,WE00034---C010--PO01--LO001--CO6--SL001--PX32500--PW0100--IN0020--TM279--X095544--Y029106--Z210875--T2852713739,4960.0,6050.0,507.5218613006979,232.67721324628238,31.936392324847144,0.5414847161572053,0.9905355788443327,0.8198347107438017,229.96086623597503,0.6950430786136909,0.4480148549668197,0.09441436059356405,0.08233045376403358,0.007258630586787186,0.054862041648089624,-3.516806211397072e-05,229.0,40.0,5.725
WE00034---C010--PO01--LO001--CO6--SL001--PX32500--PW0100--IN0020--TM279--X095544--Y029106--Z214061--T2337213633.png,WE00034---C010--PO01--LO001--CO6--SL001--PX32500--PW0100--IN0020--TM279--X095544--Y029106--Z214061--T2337213633,WE00034---C010--PO01--LO001--CO6--SL001--PX32500--PW0100--IN0020--TM279--X095544--Y029106--Z214061--T2337213633,3901.0,6980.0,451.445742854949,120.43594927991033,79.28940709376307,0.4068627450980392,0.7527090444718472,0.5588825214899713,105.26157893552613,0.3331137521826715,0.017335694001847066,0.0034326204380139874,0.005032654313002973,1.9854132207824278e-05,0.00011444854514510203,-6.584280634571264e-06,102.0,94.0,1.0851063829787233
WE00034---C010--PO01--LO001--CO6--SL001--PX32500--PW0100--IN0020--TM280--X095544--Y029106--Z211486--T2674576588.png,WE00034---C010--PO01--LO001--CO6--SL001--PX32500--PW0100--IN0020--TM280--X095544--Y029106--Z211486--T2674576588,WE00034---C010--PO01--LO001--CO6--SL001--PX32500--PW0100--IN0020--TM280--X095544--Y029106--Z211486--T2674576588,3275.0,4751.0,343.4629867976521,117.19039436500967,50.3483368250347,0.514937106918239,0.9030057178528331,0.6893285624079141,106.1178590059185,0.3104683884059854,0.04567383620556464,0.0024493564842485225,0.0006238473326814717,-2.7062040820840433e-08,-8.97976235166981e-05,7.70683216548126e-07,106.0,60.0,1.7666666666666666
WE00034---C010--PO01--LO001--CO6--SL001--PX32500--PW0100--IN0020--TM281--X095544--Y029106--Z211239--T2362306633.png,WE00034---C010--PO01--LO001--CO6--SL001--PX32500--PW0100--IN0020--TM281--X095544--Y029106--Z211239--T2362306633,WE00034---C010--PO01--LO001--CO6--SL001--PX32500--PW0100--IN0020--TM281--X095544--Y029106--Z211239--T2362306633,2910.0,3661.0,308.45079348883235,86.05945523685713,54.512523667021384,0.6116015132408575,0.7738011103399962,0.7948647910406993,82.09750300709517,0.2228918615165847,0.009071640296885366,0.0006317788303538338,0.00018483552433579934,1.2869479662090536e-08,-1.2139923756616534e-05,6.183771845043429e-08,78.0,61.0,1.278688524590164
WE00034---C010--PO01--LO001--CO6--SL001--PX32500--PW0100--IN0020--TM281--X095544--Y029106--Z212481--T2688636754.png,WE00034---C010--PO01--LO001--CO6--SL001--PX32500--PW0100--IN0020--TM281--X095544--Y029106--Z212481--T2688636754,WE00034---C010--PO01--LO001--CO6--SL001--PX32500--PW0100--IN0020--TM281--X095544--Y029106--Z212481--T2688636754,5691.0,7011.0,537.2203461105329,245.28545004230762,34.8342777002486,0.4269957983193277,0.9898644680319838,0.811724433033804,242.404620418011,0.6740728662071188,0.419153361434524,0.07819796016417975,0.06561597183509567,0.004699775175814504,0.042107272021718316,-5.965018631085418e-05,238.0,56.0,4.25
WE00034---C010--PO01--LO001--CO6--SL001--PX32500--PW0100--IN0020--TM281--X095544--Y029106--Z224807--T2273442453.png,WE00034---C010--PO01--LO001--CO6--SL001--PX32500--PW0100--IN0020--TM281--X095544--Y029106--Z224807--T2273442453,WE00034---C010--PO01--LO001--CO6--SL001--PX32500--PW0100--IN0020--TM281--X095544--Y029106--Z224807--T2273442453,3817.0,6241.0,404.33304448274095,150.392345304145,56.711577095496814,0.4222812257993141,0.9261762747951049,0.6116007050152219,135.4400236266961,0.4230098981978593,0.10092371999734306,0.024882588740097848,0.007640141272823661,7.543490274227805e-05,0.00039801530910886995,7.352840125522397e-05,131.0,69.0,1.8985507246376812
WE00034---C010--PO01--LO001--CO6--SL001--PX32500--PW0100--IN0020--TM283--X095544--Y029106--Z213417--T2277794972.png,WE00034---C010--PO01--LO001--CO6--SL001--PX32500--PW0100--IN0020--TM283--X095544--Y029106--Z213417--T2277794972,WE00034---C010--PO01--LO001--CO6--SL001--PX32500--PW0100--IN0020--TM283--X095544--Y029106--Z213417--T2277794972,2990.0,3954.0,289.4213562373095,101.44492280063983,52.815036323994356,0.5708285605192822,0.8537838152784216,0.7561962569549823,98.00510190801293,0.27342183160394273,0.024588418336679175,0.008734400545143909,0.0017240414744425997,2.687981584450588e-06,-1.373445357208963e-05,6.126444971917126e-06,97.0,54.0,1.7962962962962963
WE00034---C010--PO01--LO001--CO6--SL001--PX32500--PW0100--IN0020--TM283--X095544--Y029106--Z214308--T2275770722.png,WE00034---C010--PO01--LO001--CO6--SL001--PX32500--PW0100--IN0020--TM283--X095544--Y029106--Z214308--T2275770722,WE00034---C010--PO01--LO001--CO6--SL001--PX32500--PW0100--IN0020--TM283--X095544--Y029106--Z214308--T2275770722,3660.0,6104.0,393.4041122946064,153.5889478262432,58.0239527128914,0.410728313320615,0.9258924137519945,0.5996068152031455,135.9154148726332,0.4603200816735027,0.11925588723895192,0.03519002036494618,0.010188281306125225,0.00013220034540162054,0.0006480045098151337,0.00014049354165085085,133.0,67.0,1.9850746268656716
WE00034---C010--PO01--LO001--CO6--SL001--PX32500--PW0100--IN0020--TM283--X095544--Y029106--Z223137--T2351813540.png,WE00034---C010--PO01--LO001--CO6--SL001--PX32500--PW0100--IN0020--TM283--X095544--Y029106--Z223137--T2351813540,WE00034---C010--PO01--LO001--CO6--SL001--PX32500--PW0100--IN0020--TM283--X095544--Y029106--Z223137--T2351813540,2745.0,3390.0,275.1787155501902,107.89207016797417,39.55247610470203,0.48157894736842105,0.9303814180484368,0.8097345132743363,103.84603988597736,0.3006625038967234,0.052635354633118726,0.007663957923475613,0.0020848175811184985,7.321287397782226e-06,0.000324043140402175,3.980748571080477e-06,100.0,57.0,1.7543859649122806
WE00034---C010--PO01--LO001--CO6--SL001--PX32500--PW0100--IN0020--TM286--X095544--Y029106--Z211053--T2861417159.png,WE00034---C010--PO01--LO001--CO6--SL001--PX32500--PW0100--IN0020--TM286--X095544--Y029106--Z211053--T2861417159,WE00034---C010--PO01--LO001--CO6--SL001--PX32500--PW0100--IN0020--TM286--X095544--Y029106--Z211053--T2861417159,3309.0,5344.0,403.7056274847714,114.8001452720014,69.49474031536238,0.4737972508591065,0.7959562775329307,0.6191991017964071,101.24228365658294,0.3401441577132872,0.02487099155308547,0.004220928983552235,0.0022721394841615037,5.030611590374933e-06,-1.9629635293770997e-07,4.919881787457445e-06,72.0,97.0,0.7422680412371134
WE00035---C011--PO01--LO001--CO6--SL001--PX32500--PW0100--IN0020--TM250--X104554--Y029106--Z211470--T2938896211.png,WE00035---C011--PO01--LO001--CO6--SL001--PX32500--PW0100--IN0020--TM250--X104554--Y029106--Z211470--T2938896211,WE00035---C011--PO01--LO001--CO6--SL001--PX32500--PW0100--IN0020--TM250--X104554--Y029106--Z211470--T2938896211,3586.0,4996.0,318.19090885900994,129.2857330760371,50.78420580571561,0.5473137973137974,0.9196213796875269,0.7177742193755005,120.78493283518438,0.3362701536587701,0.06069852125590325,0.009991170716779164,0.0031966406114468607,1.3696758261983212e-05,0.00038013208982689894,-1.177962156668091e-05,117.0,56.0,2.0892857142857144
WE00035---C011--PO01--LO001--CO6--SL001--PX32500--PW0100--IN0020--TM255--X104554--Y029106--Z211373--T2926900847.png,WE00035---C011--PO01--LO001--CO6--SL001--PX32500--PW0100--IN0020--TM255--X104554--Y029106--Z211373--T2926900847,WE00035---C011--PO01--LO001--CO6--SL001--PX32500--PW0100--IN0020--TM255--X104554--Y029106--Z211373--T2926900847,3499.0,7257.0,433.26197667087547,166.0522361490503,70.4610063243687,0.25351398348065496,0.9055074486437343,0.4821551605346562,151.7926216915697,0.58120353212244,0.16308693542818706,0.15381667531737225,0.06835870912183593,0.006456369288781333,0.01911080482582332,0.0027293989963155948,103.0,134.0,0.7686567164179104
WE00035---C011--PO01--LO001--CO6--SL001--PX32500--PW0100--IN0020--TM261--X104554--Y029106--Z216583--T2844667463.png,WE00035---C011--PO01--LO001--CO6--SL001--PX32500--PW0100--IN0020--TM261--X104554--Y029106--Z216583--T2844667463,WE00035---C011--PO01--LO001--CO6--SL001--PX32500--PW0100--IN0020--TM261--X104554--Y029106--Z216583--T2844667463,3280.0,4531.0,349.60512242138304,97.5339053979633,64.71415395623183,0.5488621151271754,0.7481725754624433,0.7239020083866696,87.80091115700337,0.2610667763805208,0.010295369649930284,0.002045909377740236,0.0006627940163536389,1.888002762435849e-07,-4.2219331322140835e-05,7.483628482561971e-07,72.0,83.0,0.8674698795180723
WE00035---C011--PO01--LO001--CO6--SL001--PX32500--PW0100--IN0020--TM271--X104554--Y029106--Z215771--T2946855933.png,WE00035---C011--PO01--LO001--CO6--SL001--PX32500--PW0100--IN0020--TM271--X104554--Y029106--Z215771--T2946855933,WE00035---C011--PO01--LO001--CO6--SL001--PX32500--PW0100--IN0020--TM271--X104554--Y029106--Z215771--T2946855933,5018.0,6958.0,556.7665940288703,278.80637016685967,29.22754276297268,0.1597275273745862,0.99449005390986,0.7211842483472262,250.04999500099976,0.9788167758766111,0.9168773957877909,0.2512524692087681,0.23228657691345228,0.0561153997706243,0.22141008496058753,-0.00036682867945256326,204.0,154.0,1.3246753246753247
WE00035---C011--PO01--LO001--CO6--SL001--PX32500--PW0100--IN0020--TM279--X104554--Y029106--Z210675--T2852794128.png,WE00035---C011--PO01--LO001--CO6--SL001--PX32500--PW0100--IN0020--TM279--X104554--Y029106--Z210675--T2852794128,WE00035---C011--PO01--LO001--CO6--SL001--PX32500--PW0100--IN0020--TM279--X104554--Y029106--Z210675--T2852794128,4553.0,5501.0,495.3624817342638,230.6889898580944,29.173923500551414,0.3384123680689758,0.9919711582318235,0.8276676967824032,222.46348014898985,0.7422101890808809,0.5167356013612061,0.10893639055707335,0.0972808657266227,0.010014461923602263,0.06992721361297548,2.290603489762781e-06,217.0,62.0,3.5
WE00035---C011--PO01--LO001--CO6--SL001--PX32500--PW0100--IN0020--TM279--X104554--Y029106--Z210861--T2337295861.png,WE00035---C011--PO01--LO001--CO6--SL001--PX32500--PW0100--IN0020--TM279--X104554--Y029106--Z210861--T2337295861,WE00035---C011--PO01--LO001--CO6--SL001--PX32500--PW0100--IN0020--TM279--X104554--Y029106--Z210861--T2337295861,3653.0,6089.0,399.9898987322333,120.12671222451364,69.65691668611211,0.44505360623781676,0.8147147049786423,0.5999343077681064,109.65856099730654,0.3299088597058424,0.026855996661436357,0.010993223935596088,0.0036696594314720886,5.993052325528852e-06,-9.368062678561161e-05,2.2524133804516156e-05,108.0,76.0,1.4210526315789473
WE00035---C011--PO01--LO001--CO6--SL001--PX32500--PW0100--IN0020--TM280--X104554--Y029106--Z210086--T2674658730.png,WE00035---C011--PO01--LO001--CO6--SL001--PX32500--PW0100--IN0020--TM280--X104554--Y029106--Z210086--T2674658730,WE00035---C011--PO01--LO001--CO6--SL001--PX32500--PW0100--IN0020--TM280--X104554--Y029106--Z210086--T2674658730,3384.0,5078.0,349.7056274847714,99.1693814491431,64.37173967614574,0.49940968122786306,0.7606953953316327,0.6664040961008271,90.24965373894794,0.2581687183425518,0.01104721720801087,0.0015232111794310035,0.0008363425617260941,5.414603920555206e-07,-5.260653955245762e-05,-7.732350707789577e-07,77.0,88.0,0.875
WE00035---C011--PO01--LO001--CO6--SL001--PX32500--PW0100--IN0020--TM281--X104554--Y029106--Z201207--T2273552587.png,WE00035---C011--PO01--LO001--CO6--SL001--PX32500--PW0100--IN0020--TM281--X104554--Y029106--Z201207--T2273552587,WE00035---C011--PO01--LO001--CO6--SL001--PX32500--PW0100--IN0020--TM281--X104554--Y029106--Z201207--T2273552587,3096.0,4168.0,332.73506473629425,100.71342587192342,58.23934322511274,0.5767511177347243,0.8158469301908166,0.7428023032629558,90.80198235721508,0.27323593447496564,0.018575578266109304,0.0037452173854206888,0.0005158451856279042,-5.756424055169079e-07,-5.5028143115179595e-05,4.2745889761190953e-07,88.0,61.0,1.4426229508196722
WE00035---C011--PO01--LO001--CO6--SL001--PX32500--PW0100--IN0020--TM281--X104554--Y029106--Z209439--T2362388243.png,WE00035---C011--PO01--LO001--CO6--SL001--PX32500--PW0100--IN0020--TM281--X104554--Y029106--Z209439--T2362388243,WE00035---C011--PO01--LO001--CO6--SL001--PX32500--PW0100--IN0020--TM281--X104554--Y029106--Z209439--T2362388243,2877.0,3021.0,209.58073580374355,70.47685934162372,52.682395134516625,0.7611111111111111,0.6642467546346007,0.9523336643495531,70.8590149522275,0.168196525455517,0.002266648855325588,6.607979016131531e-05,2.6744100592556324e-06,-1.8969274078985155e-11,-5.2947247314100913e-08,-3.0069633515219145e-11,54.0,70.0,0.7714285714285715
WE00035---C011--PO01--LO001--CO6--SL001--PX32500--PW0100--IN0020--TM281--X104554--Y029106--Z211281--T2688717347.png,WE00035---C011--PO01--LO001--CO6--SL001--PX32500--PW0100--IN0020--TM281--X104554--Y029106--Z211281--T2688717347,WE00035---C011--PO01--LO001--CO6--SL001--PX32500--PW0100--IN0020--TM281--X104554--Y029106--Z211281--T2688717347,5247.0,7152.0,513.1787155501902,239.88237427231712,35.27604364850665,0.530535894843276,0.9891282292897265,0.7336409395973155,230.07824755939012,0.7002567269632097,0.44971942579728996,0.0915698843790547,0.07461520376600958,0.006164696212479495,0.04855376003867169,0.0001897572639756645,230.0,43.0,5.348837209302325
WE00035---C011--PO01--LO001--CO6--SL001--PX32500--PW0100--IN0020--TM283--X104554--Y029106--Z212617--T2277890392.png,WE00035---C011--PO01--LO001--CO6--SL001--PX32500--PW0100--IN0020--TM283--X104554--Y029106--Z212617--T2277890392,WE00035---C011--PO01--LO001--CO6--SL001--PX32500--PW0100--IN0020--TM283--X104554--Y029106--Z212617--T2277890392,3328.0,6824.0,413.01933598375615,168.9650382559684,48.538690871531834,0.28493150684931506,0.9578494622514295,0.4876905041031653,155.46703830716015,0.5804009289431151,0.24197463443377815,0.10180934169164767,0.06636228787947226,0.005361787877194899,0.025807402413471243,-0.0010028279161100548,146.0,80.0,1.825
WE00035---C011--PO01--LO001--CO6--SL001--PX32500--PW0100--IN0020--TM283--X104554--Y029106--Z212937--T2351893634.png,WE00035---C011--PO01--LO001--CO6--SL001--PX32500--PW0100--IN0020--TM283--X104554--Y029106--Z212937--T2351893634,WE00035---C011--PO01--LO001--CO6--SL001--PX32500--PW0100--IN0020--TM283--X104554--Y029106--Z212937--T2351893634,4954.0,8333.0,569.6883835420683,272.3573446789479,36.936181030084235,0.325706771860618,0.9907613909822516,0.5945037801512061,236.04448733236708,0.95305314732608,0.8438799970251932,0.09617079308259936,0.08138322897302232,0.007199844811484892,0.07475494857225619,1.4149616749526642e-05,234.0,65.0,3.6
WE00035---C011--PO01--LO001--CO6--SL001--PX32500--PW0100--IN0020--TM286--X104554--Y029106--Z216653--T2861492475.png,WE00035---C011--PO01--LO001--CO6--SL001--PX32500--PW0100--IN0020--TM286--X104554--Y029106--Z216653--T2861492475,WE00035---C011--PO01--LO001--CO6--SL001--PX32500--PW0100--IN0020--TM286--X104554--Y029106--Z216653--T2861492475,2937.0,4800.0,368.26197667087547,85.58945186596803,78.00754520797999,0.4624468587623996,0.4114874891651074,0.611875,97.65244492586962,0.2853832860932053,0.0006967222240383152,0.0025255052530115106,0.00270112702075402,6.78880686608431e-06,2.7885824022402482e-05,1.9193477352702264e-06,87.0,73.0,1.1917808219178083
WE00036---C012--PO01--LO001--CO6--SL001--PX32500--PW0100--IN0020--TM250--X113563--Y029106--Z208070--T2938976482.png,WE00036---C012--PO01--LO001--CO6--SL001--PX32500--PW0100--IN0020--TM250--X113563--Y029106--Z208070--T2938976482,WE00036---C012--PO01--LO001--CO6--SL001--PX32500--PW0100--IN0020--TM250--X113563--Y029106--Z208070--T2938976482,4322.0,6923.0,437.01933598375615,187.15775095748177,50.45728214867978,0.2893292274735574,0.9629730677778529,0.6242958255091723,174.77127910500627,0.5433532083713306,0.22063700041678713,0.054974974452769804,0.02090017014248244,0.0006480607076927653,0.00696654619990714,-0.0002862065774934332,97.0,154.0,0.6298701298701299
WE00036---C012--PO01--LO001--CO6--SL001--PX32500--PW0100--IN0020--TM255--X113563--Y029106--Z210773--T2926980151.png,WE00036---C012--PO01--LO001--CO6--SL001--PX32500--PW0100--IN0020--TM255--X113563--Y029106--Z210773--T2926980151,WE00036---C012--PO01--LO001--CO6--SL001--PX32500--PW0100--IN0020--TM255--X113563--Y029106--Z210773--T2926980151,3464.0,7983.0,445.9310242291876,153.01446691257698,90.89576809493062,0.3325652841781874,0.8044400675328662,0.4339220844294125,127.81627439414747,0.5715117592037299,0.07473241511531069,0.09582959994403561,0.02958066882703884,0.0010404895401752926,0.0004888670451392908,0.0011822827429837453,124.0,84.0,1.4761904761904763
WE00036---C012--PO01--LO001--CO6--SL001--PX32500--PW0100--IN0020--TM261--X113563--Y029106--Z215583--T2844747839.png,WE00036---C012--PO01--LO001--CO6--SL001--PX32500--PW0100--IN0020--TM261--X113563--Y029106--Z215583--T2844747839,WE00036---C012--PO01--LO001--CO6--SL001--PX32500--PW0100--IN0020--TM261--X113563--Y029106--Z215583--T2844747839,3133.0,4461.0,332.3919189857867,100.01745021632989,60.3952109311704,0.5587658284287498,0.7971004444338048,0.7023088993499216,91.48223871331527,0.27232428684959686,0.01607661327543939,0.006234122710013167,0.0014889721588160457,1.2492463711218053e-06,-4.9846732756468136e-05,4.3610659014630944e-06,63.0,89.0,0.7078651685393258
WE00036---C012--PO01--LO001--CO6--SL001--PX32500--PW0100--IN0020--TM271--X113563--Y029106--Z217771--T2946936525.png,WE00036---C012--PO01--LO001--CO6--SL001--PX32500--PW0100--IN0020--TM271--X113563--Y029106--Z217771--T2946936525,WE00036---C012--PO01--LO001--CO6--SL001--PX32500--PW0100--IN0020--TM271--X113563--Y029106--Z217771--T2946936525,4792.0,6650.0,536.0315292925759,250.79661486999112,33.24354151499808,0.2637314254265272,0.9911760800212434,0.7206015037593985,236.95780215050948,0.8347776904568299,0.6495556248802264,0.2260020377707902,0.19587609395526256,0.041208126374739966,0.15665429878310444,-0.0005962784946446087,230.0,79.0,2.911392405063291
WE00036---C012--PO01--LO001--CO6--SL001--PX32500--PW0100--IN0020--TM279--X113563--Y029106--Z210075--T2852874394.png,WE00036---C012--PO01--LO001--CO6--SL001--PX32500--PW0100--IN0020--TM279--X113563--Y029106--Z210075--T2852874394,WE00036---C012--PO01--LO001--CO6--SL001--PX32500--PW0100--IN0020--TM279--X113563--Y029106--Z210075--T2852874394,3799.0,5724.0,516.79393923934,243.920545414273,31.28971574057723,0.38490374873353594,0.9917382087840709,0.6636967155835081,235.76683396949622,0.9949374635812476,0.9268365672307368,0.6924712268449094,0.6228881662202308,0.4090872785320307,0.5996688066717468,9.655377975775759e-05,235.0,42.0,5.595238095238095
WE00036---C012--PO01--LO001--CO6--SL001--PX32500--PW0100--IN0020--TM279--X113563--Y029106--Z216261--T2337377465.png,WE00036---C012--PO01--LO001--CO6--SL001--PX32500--PW0100--IN0020--TM279--X113563--Y029106--Z216261--T2337377465,WE00036---C012--PO01--LO001--CO6--SL001--PX32500--PW0100--IN0020--TM279--X113563--Y029106--Z216261--T2337377465,3854.0,6768.0,399.00209204105306,138.77365006729335,67.60189971452475,0.3333333333333333,0.8733250825229543,0.5694444444444444,132.23085872821065,0.38641902565536207,0.05673726460731068,0.03942227747233608,0.01349422373179231,0.0002361417304506178,0.001393909687412288,0.00020274668900427406,94.0,123.0,0.7642276422764228
WE00036---C012--PO01--LO001--CO6--SL001--PX32500--PW0100--IN0020--TM280--X113563--Y029106--Z210486--T2674740462.png,WE00036---C012--PO01--LO001--CO6--SL001--PX32500--PW0100--IN0020--TM280--X113563--Y029106--Z210486--T2674740462,WE00036---C012--PO01--LO001--CO6--SL001--PX32500--PW0100--IN0020--TM280--X113563--Y029106--Z210486--T2674740462,4470.0,7722.0,439.144227664784,153.44989823933906,59.057286878008604,0.33871334394180497,0.9229734428347331,0.5788655788655789,166.67633305301626,0.3780010403111706,0.07866258746295246,0.024129494101968223,0.011768981082988015,0.00019044898186212553,0.0015149171608555537,-5.5343348306249465e-05,159.0,83.0,1.9156626506024097
WE00036---C012--PO01--LO001--CO6--SL001--PX32500--PW0100--IN0020--TM281--X113563--Y029106--Z210481--T2688798050.png,WE00036---C012--PO01--LO001--CO6--SL001--PX32500--PW0100--IN0020--TM281--X113563--Y029106--Z210481--T2688798050,WE00036---C012--PO01--LO001--CO6--SL001--PX32500--PW0100--IN0020--TM281--X113563--Y029106--Z210481--T2688798050,5688.0,7458.0,558.1492782986674,266.265164281725,34.25838660237359,0.3887370147621651,0.9916884176486158,0.7626709573612228,250.89440009693323,0.7919169167828288,0.5869474593471448,0.17078198973343614,0.14952828784919048,0.023894310884064816,0.11420945158104726,-0.00017438281736109097,248.0,59.0,4.203389830508475
WE00036---C012--PO01--LO001--CO6--SL001--PX32500--PW0100--IN0020--TM281--X113563--Y029106--Z210639--T2362469389.png,WE00036---C012--PO01--LO001--CO6--SL001--PX32500--PW0100--IN0020--TM281--X113563--Y029106--Z210639--T2362469389,WE00036---C012--PO01--LO001--CO6--SL001--PX32500--PW0100--IN0020--TM281--X113563--Y029106--Z210639--T2362469389,2378.0,3382.0,275.4213562373095,109.71518883752076,42.33274086718681,0.4048348655090228,0.922564826866305,0.7031342400946186,98.41239759298622,0.36347465335842166,0.0725088347139696,0.010428315545119934,0.001892691369077968,1.283724799553959e-06,-0.00020988106740482755,-8.310090917385869e-06,89.0,66.0,1.3484848484848484
WE00036---C012--PO01--LO001--CO6--SL001--PX32500--PW0100--IN0020--TM281--X113563--Y029106--Z213807--T2273663100.png,WE00036---C012--PO01--LO001--CO6--SL001--PX32500--PW0100--IN0020--TM281--X113563--Y029106--Z213807--T2273663100,WE00036---C012--PO01--LO001--CO6--SL001--PX32500--PW0100--IN0020--TM281--X113563--Y029106--Z213807--T2273663100,3382.0,5938.0,376.19090885901,117.3341584300452,60.578539888320606,0.38431818181818184,0.8564133746178841,0.5695520377231391,107.70329614269008,0.3222402467010608,0.034821256907431236,0.006693666215102678,0.004117611734099526,1.2920239451337498e-05,0.0001052547428333185,1.7331249245811826e-05,88.0,100.0,0.88
WE00036---C012--PO01--LO001--CO6--SL001--PX32500--PW0100--IN0020--TM283--X113563--Y029106--Z211137--T2351973721.png,WE00036---C012--PO01--LO001--CO6--SL001--PX32500--PW0100--IN0020--TM283--X113563--Y029106--Z211137--T2351973721,WE00036---C012--PO01--LO001--CO6--SL001--PX32500--PW0100--IN0020--TM283--X113563--Y029106--Z211137--T2351973721,3695.0,5244.0,365.10259710444143,156.90797663096052,42.63455401767172,0.285725332508506,0.9623772175505936,0.7046147978642258,147.29901561110313,0.4471890785978994,0.1487621926948084,0.01947274617716811,0.005094212815866606,3.577747770556325e-05,0.0007715800987882008,3.597593544541233e-05,122.0,106.0,1.150943396226415
WE00036---C012--PO01--LO001--CO6--SL001--PX32500--PW0100--IN0020--TM283--X113563--Y029106--Z213417--T2277985558.png,WE00036---C012--PO01--LO001--CO6--SL001--PX32500--PW0100--IN0020--TM283--X113563--Y029106--Z213417--T2277985558,WE00036---C012--PO01--LO001--CO6--SL001--PX32500--PW0100--IN0020--TM283--X113563--Y029106--Z213417--T2277985558,3768.0,8433.0,468.90158697766475,187.25164051047915,70.06823412637672,0.27705882352941175,0.9273508907919893,0.44681607968694415,171.05846953600397,0.663029695917172,0.25015958358440865,0.18778350268844077,0.10806590522044404,0.015028094482700856,0.036816035840068054,0.0033380878104870312,170.0,80.0,2.125
WE00036---C012--PO01--LO001--CO6--SL001--PX32500--PW0100--IN0020--TM286--X113563--Y029106--Z220253--T2861567686.png,WE00036---C012--PO01--LO001--CO6--SL001--PX32500--PW0100--IN0020--TM286--X113563--Y029106--Z220253--T2861567686,WE00036---C012--PO01--LO001--CO6--SL001--PX32500--PW0100--IN0020--TM286--X113563--Y029106--Z220253--T2861567686,1469.0,2851.0,258.45079348883235,106.93816536059106,32.383323069572064,0.329003359462486,0.9530468530875734,0.5152578042792003,95.63472172804185,0.5311628158491063,0.19530095455667612,0.05618051842042285,0.02555319487851153,0.0008721824388602656,0.006370171800583213,-0.0004203451608061904,95.0,47.0,2.021276595744681
WE00037---D012--PO01--LO001--CO6--SL001--PX32500--PW0100--IN0020--TM250--X113563--Y038077--Z211470--T2939056697.png,WE00037---D012--PO01--LO001--CO6--SL001--PX32500--PW0100--IN0020--TM250--X113563--Y038077--Z211470--T2939056697,WE00037---D012--PO01--LO001--CO6--SL001--PX32500--PW0100--IN0020--TM250--X113563--Y038077--Z211470--T2939056697,4388.0,8751.0,465.00209204105306,180.31274204579236,60.002404586889796,0.3204089083607156,0.9430085424144311,0.501428408181922,167.0359242797788,0.5143712041402869,0.1695879442651284,0.05158054065431907,0.03671992143036671,0.0015571824893915965,0.0110900887110521,0.0003591762949712983,165.0,83.0,1.9879518072289157
WE00037---D012--PO01--LO001--CO6--SL001--PX32500--PW0100--IN0020--TM255--X113563--Y038077--Z210373--T2927059004.png,WE00037---D012--PO01--LO001--CO6--SL001--PX32500--PW0100--IN0020--TM255--X113563--Y038077--Z210373--T2927059004,WE00037---D012--PO01--LO001--CO6--SL001--PX32500--PW0100--IN0020--TM255--X113563--Y038077--Z210373--T2927059004,3671.0,8074.0,445.00209204105306,151.420619687261,70.97442402876788,0.31966213862765586,0.8833448643186624,0.45466930889274215,133.3604139165742,0.47612321119397766,0.09277960008551428,0.04213677267598732,0.02111800289177586,0.0005389801087305825,0.001616609769300665,0.00032610493619966886,132.0,87.0,1.5172413793103448
WE00037---D012--PO01--LO001--CO6--SL001--PX32500--PW0100--IN0020--TM262--X113563--Y038077--Z214383--T2844827943.png,WE00037---D012--PO01--LO001--CO6--SL001--PX32500--PW0100--IN0020--TM262--X113563--Y038077--Z214383--T2844827943,WE00037---D012--PO01--LO001--CO6--SL001--PX32500--PW0100--IN0020--TM262--X113563--Y038077--Z214383--T2844827943,2914.0,5071.0,345.22034611053283,106.06357279530033,63.58774481392123,0.39972565157750345,0.800356161590812,0.5746401104318675,94.54099639838793,0.3280045205178522,0.023887963149439532,0.013788570543461186,0.0038758774657758443,7.751698223831773e-06,-0.00018780939305218318,-2.7253473867607837e-05,81.0,90.0,0.9
WE00037---D012--PO01--LO001--CO6--SL001--PX32500--PW0100--IN0020--TM279--X113563--Y038077--Z210075--T2852954854.png,WE00037---D012--PO01--LO001--CO6--SL001--PX32500--PW0100--IN0020--TM279--X113563--Y038077--Z210075--T2852954854,WE00037---D012--PO01--LO001--CO6--SL001--PX32500--PW0100--IN0020--TM279--X113563--Y038077--Z210075--T2852954854,3896.0,5905.0,517.0365799264592,236.34735364493542,32.694025032533496,0.3800234100663285,0.9903861364086666,0.6597798475867909,234.23279018958897,0.9132599276147345,0.7725797549861136,0.5472005312971328,0.4854308620043058,0.25018609432544114,0.4265884848842556,0.0005791301435729701,233.0,44.0,5.295454545454546
WE00037---D012--PO01--LO001--CO6--SL001--PX32500--PW0100--IN0020--TM279--X113563--Y038077--Z215261--T2337459921.png,WE00037---D012--PO01--LO001--CO6--SL001--PX32500--PW0100--IN0020--TM279--X113563--Y038077--Z215261--T2337459921,WE00037---D012--PO01--LO001--CO6--SL001--PX32500--PW0100--IN0020--TM279--X113563--Y038077--Z215261--T2337459921,2974.0,4646.0,330.7766952966369,99.44036116963564,62.346361542639926,0.5011796427367712,0.7790414713844869,0.6401205337925097,86.83317338436964,0.28949760901044785,0.015906373946749746,0.004786337924677815,0.0015432446785608245,4.41009369706412e-07,-0.00011879991843684033,-4.17099594240681e-06,69.0,86.0,0.8023255813953488
WE00037---D012--PO01--LO001--CO6--SL001--PX32500--PW0100--IN0020--TM280--X113563--Y038077--Z210086--T2674822368.png,WE00037---D012--PO01--LO001--CO6--SL001--PX32500--PW0100--IN0020--TM280--X113563--Y038077--Z210086--T2674822368,WE00037---D012--PO01--LO001--CO6--SL001--PX32500--PW0100--IN0020--TM280--X113563--Y038077--Z210086--T2674822368,2868.0,5540.0,380.6761902332486,117.45563620583793,66.5539802859696,0.40371621621621623,0.8239718104528504,0.5176895306859206,102.15674231297707,0.3971682960343309,0.041662622432494946,0.010156140288191425,0.00497328981694168,2.2619476022074102e-05,-0.0003740873366534762,-2.7159526975345165e-05,96.0,74.0,1.2972972972972974
WE00037---D012--PO01--LO001--CO6--SL001--PX32500--PW0100--IN0020--TM281--X113563--Y038077--Z209839--T2362550849.png,WE00037---D012--PO01--LO001--CO6--SL001--PX32500--PW0100--IN0020--TM281--X113563--Y038077--Z209839--T2362550849,WE00037---D012--PO01--LO001--CO6--SL001--PX32500--PW0100--IN0020--TM281--X113563--Y038077--Z209839--T2362550849,4310.0,7626.0,479.50461735799473,204.36653610615923,41.78207628827293,0.3201128936423054,0.9788776849369434,0.5651717807500656,192.1067411623028,0.6309661104841815,0.33678934475461414,0.15579159420558059,0.13507466175209218,0.019588403601591326,0.0776017050828817,-0.0004863141582499668,187.0,72.0,2.5972222222222223
WE00037---D012--PO01--LO001--CO6--SL001--PX32500--PW0100--IN0020--TM281--X113563--Y038077--Z210481--T2688878748.png,WE00037---D012--PO01--LO001--CO6--SL001--PX32500--PW0100--IN0020--TM281--X113563--Y038077--Z210481--T2688878748,WE00037---D012--PO01--LO001--CO6--SL001--PX32500--PW0100--IN0020--TM281--X113563--Y038077--Z210481--T2688878748,4577.0,6710.0,502.70057685088807,221.6294918015266,35.43602690747587,0.2267188428769566,0.9871350661607601,0.6821162444113263,222.84748147555987,0.687887038988288,0.4271837571205089,0.09531972738370897,0.07483459175187775,0.006313928485723721,0.04598425534903237,0.0002860784512667194,206.0,98.0,2.1020408163265305
WE00037---D012--PO01--LO001--CO6--SL001--PX32500--PW0100--IN0020--TM281--X113563--Y038077--Z215807--T2273774422.png,WE00037---D012--PO01--LO001--CO6--SL001--PX32500--PW0100--IN0020--TM281--X113563--Y038077--Z215807--T2273774422,WE00037---D012--PO01--LO001--CO6--SL001--PX32500--PW0100--IN0020--TM281--X113563--Y038077--Z215807--T2273774422,2608.0,4053.0,317.56349186104046,117.63534404141983,42.880998613023905,0.49544072948328266,0.9311936857549364,0.6434739698988403,112.36102527122117,0.3756914831718119,0.08269062191693764,0.011952442102125795,0.0059276908354393,4.800130632298009e-05,0.0007761868110374127,-1.361547620472172e-05,112.0,47.0,2.382978723404255
WE00037---D012--PO01--LO001--CO6--SL001--PX32500--PW0100--IN0020--TM283--X113563--Y038077--Z214937--T2352053825.png,WE00037---D012--PO01--LO001--CO6--SL001--PX32500--PW0100--IN0020--TM283--X113563--Y038077--Z214937--T2352053825,WE00037---D012--PO01--LO001--CO6--SL001--PX32500--PW0100--IN0020--TM283--X113563--Y038077--Z214937--T2352053825,3958.0,6188.0,387.3624817342638,127.55058300520375,66.23855117545573,0.5049113407322362,0.8545847083485691,0.6396250808015513,120.07497657713701,0.3261858401779756,0.035201301155753026,0.007755892570843434,0.0038596521135821856,1.6259711528365234e-05,0.00037387947910131746,-1.347448021847143e-05,67.0,117.0,0.5726495726495726
WE00037---D012--PO01--LO001--CO6--SL001--PX32500--PW0100--IN0020--TM285--X113563--Y038077--Z215053--T2861641896.png,WE00037---D012--PO01--LO001--CO6--SL001--PX32500--PW0100--IN0020--TM285--X113563--Y038077--Z215053--T2861641896,WE00037---D012--PO01--LO001--CO6--SL001--PX32500--PW0100--IN0020--TM285--X113563--Y038077--Z215053--T2861641896,2691.0,5760.0,376.67009357883865,119.49697278947606,69.13145972617313,0.32219827586206895,0.8156677766497256,0.4671875,103.47946656221224,0.44264876509012174,0.048687051633084434,0.02416035559569833,0.01848008132168512,0.0003753904275980623,0.0013201589848776056,-0.00010753024969021609,96.0,87.0,1.103448275862069
WE00038---D011--PO01--LO001--CO6--SL001--PX32500--PW0100--IN0020--TM250--X104554--Y038077--Z209670--T2939137080.png,WE00038---D011--PO01--LO001--CO6--SL001--PX32500--PW0100--IN0020--TM250--X104554--Y038077--Z209670--T2939137080,WE00038---D011--PO01--LO001--CO6--SL001--PX32500--PW0100--IN0020--TM250--X104554--Y038077--Z209670--T2939137080,4138.0,6026.0,484.45079348883235,218.0307645730858,35.85657852617834,0.44361063464837047,0.9863843350599143,0.6866910056422171,212.19095173922943,0.7374200779955349,0.4880168744691955,0.3137644862464842,0.273362490813277,0.08005592583487174,0.19056041178900324,0.000704027077115072,212.0,44.0,4.818181818181818
WE00038---D011--PO01--LO001--CO6--SL001--PX32500--PW0100--IN0020--TM255--X104554--Y038077--Z210773--T2927138423.png,WE00038---D011--PO01--LO001--CO6--SL001--PX32500--PW0100--IN0020--TM255--X104554--Y038077--Z210773--T2927138423,WE00038---D011--PO01--LO001--CO6--SL001--PX32500--PW0100--IN0020--TM255--X104554--Y038077--Z210773--T2927138423,3242.0,6113.0,397.3624817342638,116.44038407140656,80.15429484122862,0.3798031865042174,0.7253578781318648,0.5303451660395878,102.88342918079665,0.38523816363724706,0.01891288839937178,0.011327708225453441,0.003742361346092366,4.106711242301292e-06,-0.0004425667604424161,2.4017734037748245e-05,88.0,97.0,0.9072164948453608
WE00038---D011--PO01--LO001--CO6--SL001--PX32500--PW0100--IN0020--TM262--X104554--Y038077--Z219383--T2844908110.png,WE00038---D011--PO01--LO001--CO6--SL001--PX32500--PW0100--IN0020--TM262--X104554--Y038077--Z219383--T2844908110,WE00038---D011--PO01--LO001--CO6--SL001--PX32500--PW0100--IN0020--TM262--X104554--Y038077--Z219383--T2844908110,2521.0,2743.0,229.4802307403552,92.52184937003122,36.00326601430874,0.6237011380504701,0.9211817598368762,0.9190667152752461,87.47571091451616,0.2443605656125502,0.03243193668840005,0.0002989162233081034,6.259605589403548e-05,7.209012847717501e-09,8.381177089326469e-06,4.6200347704470044e-09,47.0,86.0,0.5465116279069767
WE00038---D011--PO01--LO001--CO6--SL001--PX32500--PW0100--IN0020--TM279--X104554--Y038077--Z213661--T2337542533.png,WE00038---D011--PO01--LO001--CO6--SL001--PX32500--PW0100--IN0020--TM279--X104554--Y038077--Z213661--T2337542533,WE00038---D011--PO01--LO001--CO6--SL001--PX32500--PW0100--IN0020--TM279--X104554--Y038077--Z213661--T2337542533,2847.0,5070.0,354.4629867976521,111.77274090730673,63.304223842889364,0.4493371212121212,0.8241541876034428,0.5615384615384615,96.87620966986684,0.36223591425804713,0.034702645405575064,0.01251978798218002,0.006952965359955967,5.054096389071772e-05,0.00021122147979335575,4.0668361339145045e-05,96.0,66.0,1.4545454545454546
WE00038---D011--PO01--LO001--CO6--SL001--PX32500--PW0100--IN0020--TM279--X104554--Y038077--Z215475--T2853035648.png,WE00038---D011--PO01--LO001--CO6--SL001--PX32500--PW0100--IN0020--TM279--X104554--Y038077--Z215475--T2853035648,WE00038---D011--PO01--LO001--CO6--SL001--PX32500--PW0100--IN0020--TM279--X104554--Y038077--Z215475--T2853035648,3865.0,4741.0,484.43354954612926,218.20460204098669,27.253794217093805,0.26956339796345374,0.992169312602227,0.8152288546720101,220.4654167891191,0.7819537136334584,0.5744600383997437,0.18128100438265227,0.1638248829075786,0.028232278392391934,0.12414946641982635,-8.745046794452968e-06,214.0,67.0,3.1940298507462686
WE00038---D011--PO01--LO001--CO6--SL001--PX32500--PW0100--IN0020--TM280--X104554--Y038077--Z210686--T2674904246.png,WE00038---D011--PO01--LO001--CO6--SL001--PX32500--PW0100--IN0020--TM280--X104554--Y038077--Z210686--T2674904246,WE00038---D011--PO01--LO001--CO6--SL001--PX32500--PW0100--IN0020--TM280--X104554--Y038077--Z210686--T2674904246,3773.0,6836.0,423.34523779156063,127.67355932714,80.66545660314497,0.4148433205057724,0.7751231357856643,0.5519309537741369,108.04628637764465,0.3778070110034224,0.026319224437571728,0.008482731329202041,0.003444090017826014,5.264788693588672e-06,-0.00033272683268163305,-1.7855717472135747e-05,107.0,85.0,1.2588235294117647
WE00038---D011--PO01--LO001--CO6--SL001--PX32500--PW0100--IN0020--TM281--X104554--Y038077--Z209439--T2362631861.png,WE00038---D011--PO01--LO001--CO6--SL001--PX32500--PW0100--IN0020--TM281--X104554--Y038077--Z209439--T2362631861,WE00038---D011--PO01--LO001--CO6--SL001--PX32500--PW0100--IN0020--TM281--X104554--Y038077--Z209439--T2362631861,3192.0,3558.0,256.9360748630709,93.81671275796434,45.59670076485145,0.5550339071465832,0.8739482677304212,0.897133220910624,92.11405973031478,0.21304500926828385,0.017325988404651306,0.0006062592391254144,0.00010539715422205439,2.3089053548626495e-08,1.1486392015651357e-05,1.3293245061550657e-08,71.0,81.0,0.8765432098765432
WE00038---D011--PO01--LO001--CO6--SL001--PX32500--PW0100--IN0020--TM281--X104554--Y038077--Z210881--T2688959172.png,WE00038---D011--PO01--LO001--CO6--SL001--PX32500--PW0100--IN0020--TM281--X104554--Y038077--Z210881--T2688959172,WE00038---D011--PO01--LO001--CO6--SL001--PX32500--PW0100--IN0020--TM281--X104554--Y038077--Z210881--T2688959172,4439.0,5598.0,469.62236636408613,222.01209820885984,29.36694518265464,0.5816299790356394,0.9912128797485059,0.7929617720614505,212.19095173922943,0.706124538472368,0.4649048279244055,0.08857060396278162,0.07852661861587323,0.006548858311955266,0.05347189764118026,-2.9991412077972376e-05,212.0,36.0,5.888888888888889
WE00038---D011--PO01--LO001--CO6--SL001--PX32500--PW0100--IN0020--TM282--X104554--Y038077--Z215207--T2273885575.png,WE00038---D011--PO01--LO001--CO6--SL001--PX32500--PW0100--IN0020--TM282--X104554--Y038077--Z215207--T2273885575,WE00038---D011--PO01--LO001--CO6--SL001--PX32500--PW0100--IN0020--TM282--X104554--Y038077--Z215207--T2273885575,3012.0,5975.0,377.5756851698602,124.82756911141209,68.05515999028304,0.3273913043478261,0.8383103340851225,0.5041004184100418,109.27488274987991,0.4194353173051001,0.05163110640966451,0.034485748264946756,0.015218291031343444,0.0002648950643179838,0.0011749085401054097,0.00022666200395089913,92.0,100.0,0.92
WE00038---D011--PO01--LO001--CO6--SL001--PX32500--PW0100--IN0020--TM283--X104554--Y038077--Z220537--T2352133950.png,WE00038---D011--PO01--LO001--CO6--SL001--PX32500--PW0100--IN0020--TM283--X104554--Y038077--Z220537--T2352133950,WE00038---D011--PO01--LO001--CO6--SL001--PX32500--PW0100--IN0020--TM283--X104554--Y038077--Z220537--T2352133950,3613.0,5647.0,405.26197667087547,108.12434710162418,74.88032731145739,0.5338356973995272,0.721380435189554,0.6398087480077917,101.59724405711013,0.29923086518169634,0.011075811138008446,0.0018824790068936725,0.0027512458748697654,4.354849794187998e-06,0.0001796866059847191,4.498688445045588e-06,94.0,72.0,1.3055555555555556
WE00038---D011--PO01--LO001--CO6--SL001--PX32500--PW0100--IN0020--TM285--X104554--Y038077--Z209653--T2861716731.png,WE00038---D011--PO01--LO001--CO6--SL001--PX32500--PW0100--IN0020--TM285--X104554--Y038077--Z209653--T2861716731,WE00038---D011--PO01--LO001--CO6--SL001--PX32500--PW0100--IN0020--TM285--X104554--Y038077--Z209653--T2861716731,2958.0,4718.0,375.01933598375615,101.06381992780432,66.93854047978496,0.4633458646616541,0.7492040056363635,0.6269605765154727,90.37698822156003,0.31048563007022206,0.014673945283952477,0.0018323323129939887,0.001518711348500428,2.5287338911285587e-06,-3.11567965350258e-05,-1.547638306338668e-07,84.0,76.0,1.105263157894737
WE00039---D010--PO01--LO001--CO6--SL001--PX32500--PW0100--IN0020--TM250--X095544--Y038077--Z211270--T2939216815.png,WE00039---D010--PO01--LO001--CO6--SL001--PX32500--PW0100--IN0020--TM250--X095544--Y038077--Z211270--T2939216815,WE00039---D010--PO01--LO001--CO6--SL001--PX32500--PW0100--IN0020--TM250--X095544--Y038077--Z211270--T2939216815,3660.0,6739.0,421.8061325481597,168.64885785046584,58.56211152548544,0.3466894003978403,0.9377752380207058,0.5431072859474699,154.719100307622,0.5442615806111686,0.18244271446559593,0.09752531469658089,0.04055539719611095,0.0023701168329275323,0.013161741244628399,0.0009422241830797007,153.0,69.0,2.217391304347826
WE00039---D010--PO01--LO001--CO6--SL001--PX32500--PW0100--IN0020--TM255--X095544--Y038077--Z209973--T2927217617.png,WE00039---D010--PO01--LO001--CO6--SL001--PX32500--PW0100--IN0020--TM255--X095544--Y038077--Z209973--T2927217617,WE00039---D010--PO01--LO001--CO6--SL001--PX32500--PW0100--IN0020--TM255--X095544--Y038077--Z209973--T2927217617,3964.0,7954.0,433.84776310850236,140.6003119080445,82.59539538622838,0.308003108003108,0.8092617945527185,0.49836560221272314,130.24976007655445,0.41924897590260457,0.041667172488515834,0.0486287957531826,0.019738217762063217,0.0004698940481616106,0.0011173278929174316,-0.00039134747074955485,117.0,110.0,1.0636363636363637
WE00039---D010--PO01--LO001--CO6--SL001--PX32500--PW0100--IN0020--TM263--X095544--Y038077--Z213183--T2844988543.png,WE00039---D010--PO01--LO001--CO6--SL001--PX32500--PW0100--IN0020--TM263--X095544--Y038077--Z213183--T2844988543,WE00039---D010--PO01--LO001--CO6--SL001--PX32500--PW0100--IN0020--TM263--X095544--Y038077--Z213183--T2844988543,3413.0,6345.0,402.71782079359116,105.93155737830203,81.0866169884645,0.39502314814814815,0.6434807049436437,0.5379038613081166,100.57832768544127,0.32589610136292185,0.00723987391178107,0.005416485471977848,0.005136296847973252,1.8201904866824364e-05,-7.283336241289676e-05,2.0065969122832723e-05,90.0,96.0,0.9375
WE00039---D010--PO01--LO001--CO6--SL001--PX32500--PW0100--IN0020--TM279--X095544--Y038077--Z209875--T2853115463.png,WE00039---D010--PO01--LO001--CO6--SL001--PX32500--PW0100--IN0020--TM279--X095544--Y038077--Z209875--T2853115463,WE00039---D010--PO01--LO001--CO6--SL001--PX32500--PW0100--IN0020--TM279--X095544--Y038077--Z209875--T2853115463,3608.0,5682.0,503.1370849898476,230.41371956072948,31.91925420758023,0.3648129423660263,0.9903582124837128,0.6349876803942274,230.17601960239037,0.9373150109302009,0.8136348556876166,0.5970270163406867,0.5296153015809862,0.2978068887264513,0.4774918042984957,0.0011140797166499655,230.0,43.0,5.348837209302325
WE00039---D010--PO01--LO001--CO6--SL001--PX32500--PW0100--IN0020--TM279--X095544--Y038077--Z214061--T2337624315.png,WE00039---D010--PO01--LO001--CO6--SL001--PX32500--PW0100--IN0020--TM279--X095544--Y038077--Z214061--T2337624315,WE00039---D010--PO01--LO001--CO6--SL001--PX32500--PW0100--IN0020--TM279--X095544--Y038077--Z214061--T2337624315,3028.0,5335.0,367.3624817342638,114.51557528795264,66.6890159168431,0.4057893326186009,0.8129327293021474,0.567572633552015,98.2344135219425,0.36247609452377194,0.031998157040263965,0.009157077148025442,0.004119962436694018,1.695866756560319e-05,-0.0001648645529506413,-1.8782490428802943e-05,91.0,82.0,1.1097560975609757
WE00039---D010--PO01--LO001--CO6--SL001--PX32500--PW0100--IN0020--TM280--X095544--Y038077--Z210686--T2674986081.png,WE00039---D010--PO01--LO001--CO6--SL001--PX32500--PW0100--IN0020--TM280--X095544--Y038077--Z210686--T2674986081,WE00039---D010--PO01--LO001--CO6--SL001--PX32500--PW0100--IN0020--TM280--X095544--Y038077--Z210686--T2674986081,3650.0,5481.0,347.0609665440988,111.79615797178433,60.3998810328526,0.5475547554755475,0.8414930437678242,0.6659368728334245,102.42070103255493,0.27648161928141957,0.022965924955221022,0.0062304137485377185,0.0016441204384955053,1.1571789265339824e-06,-7.751449710844722e-05,-5.133284180391073e-06,101.0,66.0,1.5303030303030303
WE00039---D010--PO01--LO001--CO6--SL001--PX32500--PW0100--IN0020--TM281--X095544--Y038077--Z209439--T2362713040.png,WE00039---D010--PO01--LO001--CO6--SL001--PX32500--PW0100--IN0020--TM281--X095544--Y038077--Z209439--T2362713040,WE00039---D010--PO01--LO001--CO6--SL001--PX32500--PW0100--IN0020--TM281--X095544--Y038077--Z209439--T2362713040,2051.0,3196.0,275.22034611053283,102.93023095361129,44.87576522097655,0.46444746376811596,0.899955209969871,0.6417396745932415,93.05912099305473,0.3842170510827635,0.06837291326416865,0.02211235630317169,0.0021856249118968655,-1.513806311844943e-05,-0.0005709653775934724,1.3061689091701804e-06,92.0,48.0,1.9166666666666667
WE00039---D010--PO01--LO001--CO6--SL001--PX32500--PW0100--IN0020--TM281--X095544--Y038077--Z217681--T2689040690.png,WE00039---D010--PO01--LO001--CO6--SL001--PX32500--PW0100--IN0020--TM281--X095544--Y038077--Z217681--T2689040690,WE00039---D010--PO01--LO001--CO6--SL001--PX32500--PW0100--IN0020--TM281--X095544--Y038077--Z217681--T2689040690,4199.0,5981.0,472.35028842544403,223.65723447736812,32.17714602674632,0.5071256038647343,0.9895968693455706,0.7020565122889149,207.87015177749788,0.7599715298358386,0.5316592060616624,0.13426193177846543,0.11619488527118402,0.014512193372631448,0.08453675350758641,-0.00015227350173372095,207.0,40.0,5.175
WE00039---D010--PO01--LO001--CO6--SL001--PX32500--PW0100--IN0020--TM282--X095544--Y038077--Z223407--T2273995561.png,WE00039---D010--PO01--LO001--CO6--SL001--PX32500--PW0100--IN0020--TM282--X095544--Y038077--Z223407--T2273995561,WE00039---D010--PO01--LO001--CO6--SL001--PX32500--PW0100--IN0020--TM282--X095544--Y038077--Z223407--T2273995561,2786.0,3026.0,258.2081528017131,77.3386305727071,49.450420458732566,0.720082708710261,0.7688731919663053,0.9206873760740251,74.33034373659252,0.18903912110568694,0.006292201135961524,0.00017441198697875737,1.8369783772368202e-06,6.617574683778424e-13,-1.0874018670056996e-07,-3.287428061390275e-11,73.0,53.0,1.3773584905660377
WE00039---D010--PO01--LO001--CO6--SL001--PX32500--PW0100--IN0020--TM283--X095544--Y038077--Z215337--T2352213977.png,WE00039---D010--PO01--LO001--CO6--SL001--PX32500--PW0100--IN0020--TM283--X095544--Y038077--Z215337--T2352213977,WE00039---D010--PO01--LO001--CO6--SL001--PX32500--PW0100--IN0020--TM283--X095544--Y038077--Z215337--T2352213977,3285.0,4675.0,418.3746750430836,87.24928398722096,78.02015926056876,0.5263579554558564,0.44762534430654016,0.7026737967914438,80.60397012554654,0.2606465526508228,0.0008421616204727802,0.000593064051244837,0.00027529945678032874,1.103127239971496e-07,-1.3671388533063437e-06,-1.4328924861378048e-08,79.0,79.0,1.0
WE00039---D010--PO01--LO001--CO6--SL001--PX32500--PW0100--IN0020--TM285--X095544--Y038077--Z210453--T2861790992.png,WE00039---D010--PO01--LO001--CO6--SL001--PX32500--PW0100--IN0020--TM285--X095544--Y038077--Z210453--T2861790992,WE00039---D010--PO01--LO001--CO6--SL001--PX32500--PW0100--IN0020--TM285--X095544--Y038077--Z210453--T2861790992,2632.0,3291.0,287.7645019878171,120.11327688319959,35.81935857568199,0.39483948394839485,0.9544993020252551,0.7997569127924643,117.47765745025733,0.3730581718368506,0.09742149435273871,0.006897861711998337,0.0019568146607433995,5.588610560882057e-06,0.00019868541527822518,4.5224239234198985e-06,101.0,66.0,1.5303030303030303
WE00040---D009--PO01--LO001--CO6--SL001--PX32500--PW0100--IN0020--TM250--X086535--Y038077--Z210670--T2939296394.png,WE00040---D009--PO01--LO001--CO6--SL001--PX32500--PW0100--IN0020--TM250--X086535--Y038077--Z210670--T2939296394,WE00040---D009--PO01--LO001--CO6--SL001--PX32500--PW0100--IN0020--TM250--X086535--Y038077--Z210670--T2939296394,3409.0,5214.0,335.88939366884495,136.5706704474582,54.09572357876957,0.39918032786885244,0.9182071226373227,0.6538166474875335,128.08200498118384,0.39560529730087424,0.08311863973562662,0.02841561394064091,0.007358086730275784,7.133488400960761e-05,0.0005636116007514477,-7.893968021435833e-05,122.0,70.0,1.7428571428571429
WE00040---D009--PO01--LO001--CO6--SL001--PX32500--PW0100--IN0020--TM255--X086535--Y038077--Z210373--T2927296846.png,WE00040---D009--PO01--LO001--CO6--SL001--PX32500--PW0100--IN0020--TM255--X086535--Y038077--Z210373--T2927296846,WE00040---D009--PO01--LO001--CO6--SL001--PX32500--PW0100--IN0020--TM255--X086535--Y038077--Z210373--T2927296846,4583.0,9580.0,508.94321753800733,209.67515686818538,74.62354940268689,0.22837352999800678,0.9345237520747046,0.47839248434237996,195.0102561405425,0.6754902020122382,0.2741634790792939,0.22116441352027977,0.10040115281774718,0.014392763053937628,0.03548636039752742,-0.004084739706736065,173.0,116.0,1.4913793103448276
WE00040---D009--PO01--LO001--CO6--SL001--PX32500--PW0100--IN0020--TM263--X086535--Y038077--Z211383--T2845068916.png,WE00040---D009--PO01--LO001--CO6--SL001--PX32500--PW0100--IN0020--TM263--X086535--Y038077--Z211383--T2845068916,WE00040---D009--PO01--LO001--CO6--SL001--PX32500--PW0100--IN0020--TM263--X086535--Y038077--Z211383--T2845068916,3665.0,5333.0,481.62236636408613,216.39640903011735,32.06294221647884,0.41837899543379,0.9889622614560245,0.6872304519032439,219.32852071721086,0.8160886443503943,0.6100018507545009,0.3759337512362921,0.3333741446941455,0.11801171437008505,0.25901616409276995,0.0013499215781454946,219.0,40.0,5.475
WE00040---D009--PO01--LO001--CO6--SL001--PX32500--PW0100--IN0020--TM279--X086535--Y038077--Z213675--T2853195411.png,WE00040---D009--PO01--LO001--CO6--SL001--PX32500--PW0100--IN0020--TM279--X086535--Y038077--Z213675--T2853195411,WE00040---D009--PO01--LO001--CO6--SL001--PX32500--PW0100--IN0020--TM279--X086535--Y038077--Z213675--T2853195411,4222.0,5326.0,489.4802307403552,230.4607510887801,29.342767628933696,0.5049031332217173,0.9918614116058562,0.7927149831017649,226.3183598385248,0.7989867924640316,0.598295099916135,0.21909834886017818,0.19647943969418835,0.04076563108468467,0.15195273398683076,8.959393569966511e-05,226.0,37.0,6.108108108108108
WE00040---D009--PO01--LO001--CO6--SL001--PX32500--PW0100--IN0020--TM280--X086535--Y038077--Z211286--T2675067709.png,WE00040---D009--PO01--LO001--CO6--SL001--PX32500--PW0100--IN0020--TM280--X086535--Y038077--Z211286--T2675067709,WE00040---D009--PO01--LO001--CO6--SL001--PX32500--PW0100--IN0020--TM280--X086535--Y038077--Z211286--T2675067709,3706.0,6495.0,404.85385976291224,126.20583825946532,64.46645916132339,0.3986660929432014,0.8596971415514306,0.5705927636643572,117.17508267545622,0.33870476874616995,0.039413855377973504,0.005353770877255888,0.003539792178753303,1.188958469177217e-05,6.27188274958656e-05,9.80302019045644e-06,112.0,83.0,1.3493975903614457
WE00040---D009--PO01--LO001--CO6--SL001--PX32500--PW0100--IN0020--TM280--X086535--Y038077--Z214261--T2337706646.png,WE00040---D009--PO01--LO001--CO6--SL001--PX32500--PW0100--IN0020--TM280--X086535--Y038077--Z214261--T2337706646,WE00040---D009--PO01--LO001--CO6--SL001--PX32500--PW0100--IN0020--TM280--X086535--Y038077--Z214261--T2337706646,3310.0,5738.0,366.14927829866735,131.636071227206,66.06633402704736,0.3459448160535117,0.8649336350385681,0.5768560474032765,121.21056059601408,0.40960754795897747,0.05991490005435313,0.03718259709604373,0.011331180377360865,0.00016605405651967095,0.0005426950671468555,-0.00016285592891990072,104.0,92.0,1.1304347826086956
WE00040---D009--PO01--LO001--CO6--SL001--PX32500--PW0100--IN0020--TM281--X086535--Y038077--Z209281--T2689120807.png,WE00040---D009--PO01--LO001--CO6--SL001--PX32500--PW0100--IN0020--TM281--X086535--Y038077--Z209281--T2689120807,WE00040---D009--PO01--LO001--CO6--SL001--PX32500--PW0100--IN0020--TM281--X086535--Y038077--Z209281--T2689120807,4369.0,5419.0,495.76450198781714,231.98673511342082,28.258510118289795,0.39183856502242154,0.9925533273629518,0.8062373131574091,225.28426487440262,0.781305628614814,0.5752597061457712,0.13572350496863067,0.1229790024971657,0.01588797703867178,0.09314897386589926,7.90750552810476e-05,223.0,50.0,4.46
WE00040---D009--PO01--LO001--CO6--SL001--PX32500--PW0100--IN0020--TM281--X086535--Y038077--Z211439--T2362794689.png,WE00040---D009--PO01--LO001--CO6--SL001--PX32500--PW0100--IN0020--TM281--X086535--Y038077--Z211439--T2362794689,WE00040---D009--PO01--LO001--CO6--SL001--PX32500--PW0100--IN0020--TM281--X086535--Y038077--Z211439--T2362794689,2843.0,4535.0,360.19090885901,90.01192727490368,65.77931038657269,0.5068639686218577,0.6826083732572377,0.6269018743109152,87.98295289429652,0.27323832058291464,0.006887997850165918,0.0044243813199112214,0.0014421603515116066,-3.6262861224110547e-06,-0.00010867699635963987,3.474619494274179e-07,79.0,71.0,1.1126760563380282
WE00040---D009--PO01--LO001--CO6--SL001--PX32500--PW0100--IN0020--TM282--X086535--Y038077--Z211207--T2274105415.png,WE00040---D009--PO01--LO001--CO6--SL001--PX32500--PW0100--IN0020--TM282--X086535--Y038077--Z211207--T2274105415,WE00040---D009--PO01--LO001--CO6--SL001--PX32500--PW0100--IN0020--TM282--X086535--Y038077--Z211207--T2274105415,2829.0,5510.0,383.6467529817257,113.83270505216346,66.64559865242877,0.3637649479233638,0.8106942956022104,0.5134301270417423,104.29285689825551,0.3844008607112374,0.035398986945951054,0.00886266639740827,0.007056258235069956,5.2548526802540446e-05,-2.853517289876697e-05,-1.87731574288745e-05,101.0,77.0,1.3116883116883118
WE00040---D009--PO01--LO001--CO6--SL001--PX32500--PW0100--IN0020--TM283--X086535--Y038077--Z209737--T2352293835.png,WE00040---D009--PO01--LO001--CO6--SL001--PX32500--PW0100--IN0020--TM283--X086535--Y038077--Z209737--T2352293835,WE00040---D009--PO01--LO001--CO6--SL001--PX32500--PW0100--IN0020--TM283--X086535--Y038077--Z209737--T2352293835,3897.0,6484.0,432.51681066681454,128.5531071619913,72.54624658171083,0.4289488167308751,0.8255499853222988,0.60101789019124,117.6860229593982,0.34944924387504506,0.03262894498280014,0.006143190685747101,0.005006018869102396,2.710998221887675e-05,0.0004945738420984692,-5.976969877492502e-06,115.0,79.0,1.4556962025316456
WE00040---D009--PO01--LO001--CO6--SL001--PX32500--PW0100--IN0020--TM283--X086535--Y038077--Z211908--T2275866272.png,WE00040---D009--PO01--LO001--CO6--SL001--PX32500--PW0100--IN0020--TM283--X086535--Y038077--Z211908--T2275866272,WE00040---D009--PO01--LO001--CO6--SL001--PX32500--PW0100--IN0020--TM283--X086535--Y038077--Z211908--T2275866272,2851.0,5652.0,387.6467529817257,116.61082358017761,67.6798382285747,0.3655128205128205,0.8143381535656106,0.5044232130219392,103.32473082471591,0.3985146588629723,0.03907870669215439,0.009024380124524303,0.008447717811488429,7.159287756292881e-05,0.00014020595864749604,-1.774596570066679e-05,100.0,78.0,1.2820512820512822
WE00040---D009--PO01--LO001--CO6--SL001--PX32500--PW0100--IN0020--TM285--X086535--Y038077--Z211853--T2861864926.png,WE00040---D009--PO01--LO001--CO6--SL001--PX32500--PW0100--IN0020--TM285--X086535--Y038077--Z211853--T2861864926,WE00040---D009--PO01--LO001--CO6--SL001--PX32500--PW0100--IN0020--TM285--X086535--Y038077--Z211853--T2861864926,2774.0,4544.0,350.0904037956216,99.62159116660901,63.92404223221248,0.425982800982801,0.7669820521619267,0.610475352112676,88.56635930193812,0.31567106619215657,0.017302219715274597,0.0028046314155635347,0.001608399537407278,2.0384612781088196e-06,-8.776697206542007e-05,-2.7412259604160586e-06,88.0,74.0,1.1891891891891893
WE00041---D008--PO01--LO001--CO6--SL001--PX32500--PW0100--IN0020--TM250--X077526--Y038077--Z210870--T2939376114.png,WE00041---D008--PO01--LO001--CO6--SL001--PX32500--PW0100--IN0020--TM250--X077526--Y038077--Z210870--T2939376114,WE00041---D008--PO01--LO001--CO6--SL001--PX32500--PW0100--IN0020--TM250--X077526--Y038077--Z210870--T2939376114,3646.0,6004.0,454.2325394193526,206.2564072109449,41.908858386846426,0.3308529945553539,0.9791397114594107,0.6072618254497002,191.15700353374447,0.7593605651202665,0.48880445932396516,0.13639673459870236,0.06962880312716029,0.006631269870322105,0.041225238164697114,-0.0014387557020063284,190.0,58.0,3.2758620689655173
WE00041---D008--PO01--LO001--CO6--SL001--PX32500--PW0100--IN0020--TM255--X077526--Y038077--Z210173--T2927375596.png,WE00041---D008--PO01--LO001--CO6--SL001--PX32500--PW0100--IN0020--TM255--X077526--Y038077--Z210173--T2927375596,WE00041---D008--PO01--LO001--CO6--SL001--PX32500--PW0100--IN0020--TM255--X077526--Y038077--Z210173--T2927375596,3921.0,6961.0,460.6589462905455,202.4629403574445,50.19884499344245,0.3034829721362229,0.9687751580289423,0.5632811377675622,192.67589366602144,0.6935597783865373,0.3760455766332692,0.16145714279380838,0.09426281784483144,0.011482050763571925,0.04601791738307489,0.0018423390856273409,190.0,68.0,2.7941176470588234
WE00041---D008--PO01--LO001--CO6--SL001--PX32500--PW0100--IN0020--TM264--X077526--Y038077--Z215983--T2845148561.png,WE00041---D008--PO01--LO001--CO6--SL001--PX32500--PW0100--IN0020--TM264--X077526--Y038077--Z215983--T2845148561,WE00041---D008--PO01--LO001--CO6--SL001--PX32500--PW0100--IN0020--TM264--X077526--Y038077--Z215983--T2845148561,3026.0,4943.0,362.6345596729059,102.09700400103533,68.56253322987182,0.4678416821273964,0.7409655424240604,0.6121788387618855,91.30169768410661,0.31238886295614465,0.0139722461589461,0.0042497269561376765,0.0022045145485212773,4.087130326257484e-06,-7.651963747914346e-05,5.368948245376419e-06,77.0,84.0,0.9166666666666666
WE00041---D008--PO01--LO001--CO6--SL001--PX32500--PW0100--IN0020--TM279--X077526--Y038077--Z212075--T2853275368.png,WE00041---D008--PO01--LO001--CO6--SL001--PX32500--PW0100--IN0020--TM279--X077526--Y038077--Z212075--T2853275368,WE00041---D008--PO01--LO001--CO6--SL001--PX32500--PW0100--IN0020--TM279--X077526--Y038077--Z212075--T2853275368,4170.0,5256.0,494.350288425444,226.4157100653942,28.59031656537975,0.48989661654135336,0.9919954583394722,0.79337899543379,224.98222151983475,0.7805977213088323,0.5716798567042803,0.17815377395179743,0.16158923783265855,0.0274163844111766,0.12188003156333317,-0.00014389157544387413,224.0,38.0,5.894736842105263
WE00041---D008--PO01--LO001--CO6--SL001--PX32500--PW0100--IN0020--TM280--X077526--Y038077--Z209086--T2675148700.png,WE00041---D008--PO01--LO001--CO6--SL001--PX32500--PW0100--IN0020--TM280--X077526--Y038077--Z209086--T2675148700,WE00041---D008--PO01--LO001--CO6--SL001--PX32500--PW0100--IN0020--TM280--X077526--Y038077--Z209086--T2675148700,2976.0,4111.0,312.73506473629425,104.23684700209016,50.98820345904288,0.4955044955044955,0.8721956436465717,0.7239114570664072,96.79876032264049,0.2827855587390353,0.030132481485868938,0.001936145927970555,0.0005677112443189507,1.908712269398912e-07,-3.8174999229154244e-05,-5.637614001040958e-07,66.0,91.0,0.7252747252747253
WE00041---D008--PO01--LO001--CO6--SL001--PX32500--PW0100--IN0020--TM280--X077526--Y038077--Z210461--T2337788868.png,WE00041---D008--PO01--LO001--CO6--SL001--PX32500--PW0100--IN0020--TM280--X077526--Y038077--Z210461--T2337788868,WE00041---D008--PO01--LO001--CO6--SL001--PX32500--PW0100--IN0020--TM280--X077526--Y038077--Z210461--T2337788868,2810.0,5453.0,374.19090885900994,114.89215132315738,69.05460324755927,0.3811720021703744,0.7992200907019305,0.5153126719237118,99.45853407325085,0.3996606909550961,0.035170165461344396,0.013552254727451248,0.007593894885046911,6.276941372051314e-05,-0.00013511023876611988,4.466307124359287e-05,97.0,76.0,1.2763157894736843
WE00041---D008--PO01--LO001--CO6--SL001--PX32500--PW0100--IN0020--TM281--X077526--Y038077--Z209881--T2689201227.png,WE00041---D008--PO01--LO001--CO6--SL001--PX32500--PW0100--IN0020--TM281--X077526--Y038077--Z209881--T2689201227,WE00041---D008--PO01--LO001--CO6--SL001--PX32500--PW0100--IN0020--TM281--X077526--Y038077--Z209881--T2689201227,4239.0,5342.0,495.1787155501902,230.63002774142447,29.140415392337673,0.3801793721973094,0.991985552471908,0.7935230250842381,225.5770378385176,0.7967588686194889,0.5955496786075913,0.18864556723525455,0.16769389765050177,0.02982617066401914,0.12934431121739096,-8.32642655951045e-05,223.0,50.0,4.46
WE00041---D008--PO01--LO001--CO6--SL001--PX32500--PW0100--IN0020--TM281--X077526--Y038077--Z212839--T2362875703.png,WE00041---D008--PO01--LO001--CO6--SL001--PX32500--PW0100--IN0020--TM281--X077526--Y038077--Z212839--T2362875703,WE00041---D008--PO01--LO001--CO6--SL001--PX32500--PW0100--IN0020--TM281--X077526--Y038077--Z212839--T2362875703,2136.0,2533.0,222.55129855222071,61.536688309821805,50.04327436531235,0.5650793650793651,0.5819471019771112,0.8432688511646269,66.73080248281148,0.18407927543720998,0.0014080823620865835,0.0008808796024435744,4.082342440393582e-05,3.637741943156549e-10,1.1914156558688556e-06,-7.732900312582383e-09,63.0,60.0,1.05
WE00041---D008--PO01--LO001--CO6--SL001--PX32500--PW0100--IN0020--TM282--X077526--Y038077--Z210607--T2274217185.png,WE00041---D008--PO01--LO001--CO6--SL001--PX32500--PW0100--IN0020--TM282--X077526--Y038077--Z210607--T2274217185,WE00041---D008--PO01--LO001--CO6--SL001--PX32500--PW0100--IN0020--TM282--X077526--Y038077--Z210607--T2274217185,3072.0,5156.0,355.6051224213831,106.2921378445321,68.48886861218705,0.42524916943521596,0.7647344511454534,0.595810705973623,92.19544457292888,0.3252918231473477,0.018070276682685512,0.0064564291366404165,0.002560244683667826,1.8465689424721343e-06,-0.00011545851217768987,1.0244127689389383e-05,84.0,86.0,0.9767441860465116
WE00041---D008--PO01--LO001--CO6--SL001--PX32500--PW0100--IN0020--TM283--X077526--Y038077--Z209137--T2352374219.png,WE00041---D008--PO01--LO001--CO6--SL001--PX32500--PW0100--IN0020--TM283--X077526--Y038077--Z209137--T2352374219,WE00041---D008--PO01--LO001--CO6--SL001--PX32500--PW0100--IN0020--TM283--X077526--Y038077--Z209137--T2352374219,3574.0,5755.0,371.84776310850236,120.54555805655879,63.41737429137721,0.4866557734204793,0.8504311482936958,0.6210251954821894,104.92378186092989,0.3244438117162111,0.033776326928341364,0.007449885075116626,0.00209546900333886,-3.444994875993717e-08,-0.0002548653804845238,8.279286064987507e-06,102.0,72.0,1.4166666666666667
WE00041---D008--PO01--LO001--CO6--SL001--PX32500--PW0100--IN0020--TM284--X077526--Y038077--Z211053--T2861939263.png,WE00041---D008--PO01--LO001--CO6--SL001--PX32500--PW0100--IN0020--TM284--X077526--Y038077--Z211053--T2861939263,WE00041---D008--PO01--LO001--CO6--SL001--PX32500--PW0100--IN0020--TM284--X077526--Y038077--Z211053--T2861939263,3979.0,7284.0,426.8183258569795,158.57961657269448,60.17531446025838,0.307591218305504,0.9252063505629703,0.5462657880285557,155.32224567009067,0.45188117716030685,0.11432890144336895,0.04529125237552428,0.022015518744420502,0.0006571120729215462,0.0033528540324743302,-0.0002269058320025077,147.0,88.0,1.6704545454545454
WE00042---D007--PO01--LO001--CO6--SL001--PX32500--PW0100--IN0020--TM250--X068517--Y038077--Z211270--T2939455822.png,WE00042---D007--PO01--LO001--CO6--SL001--PX32500--PW0100--IN0020--TM250--X068517--Y038077--Z211270--T2939455822,WE00042---D007--PO01--LO001--CO6--SL001--PX32500--PW0100--IN0020--TM250--X068517--Y038077--Z211270--T2939455822,2333.0,5013.0,352.26197667087547,119.87136724955229,56.91471221658497,0.3121487824458121,0.8800946806890918,0.4653899860363056,104.27847332982968,0.4717217411319579,0.08890168187464789,0.029048562180307717,0.016492290632166548,0.00031214504012211315,0.000636913148474479,0.00018130753934101832,74.0,101.0,0.7326732673267327
WE00042---D007--PO01--LO001--CO6--SL001--PX32500--PW0100--IN0020--TM254--X068517--Y038077--Z209973--T2927454967.png,WE00042---D007--PO01--LO001--CO6--SL001--PX32500--PW0100--IN0020--TM254--X068517--Y038077--Z209973--T2927454967,WE00042---D007--PO01--LO001--CO6--SL001--PX32500--PW0100--IN0020--TM254--X068517--Y038077--Z209973--T2927454967,3932.0,8070.0,456.0315292925759,139.32705328764288,89.70759221133632,0.37490465293668956,0.7651404471969229,0.4872366790582404,118.56221995222593,0.43647443855183565,0.03263168247020599,0.02643214135048992,0.009906371312083564,0.00010680717649208951,-0.000512691174369016,-0.00011953600327275742,114.0,92.0,1.2391304347826086
WE00042---D007--PO01--LO001--CO6--SL001--PX32500--PW0100--IN0020--TM264--X068517--Y038077--Z215383--T2845228448.png,WE00042---D007--PO01--LO001--CO6--SL001--PX32500--PW0100--IN0020--TM264--X068517--Y038077--Z215383--T2845228448,WE00042---D007--PO01--LO001--CO6--SL001--PX32500--PW0100--IN0020--TM264--X068517--Y038077--Z215383--T2845228448,3099.0,4121.0,292.04877323527904,109.03210258412314,45.986780408933726,0.48406747891283974,0.9067015301936653,0.7520019412763892,99.68951800465283,0.2824052792492384,0.03885007176932741,0.002914381142279578,0.0010185386477986609,1.244699840442305e-06,5.639602004020423e-05,-1.2370177569868002e-06,97.0,66.0,1.4696969696969697
WE00042---D007--PO01--LO001--CO6--SL001--PX32500--PW0100--IN0020--TM271--X068517--Y038077--Z217771--T2947017340.png,WE00042---D007--PO01--LO001--CO6--SL001--PX32500--PW0100--IN0020--TM271--X068517--Y038077--Z217771--T2947017340,WE00042---D007--PO01--LO001--CO6--SL001--PX32500--PW0100--IN0020--TM271--X068517--Y038077--Z217771--T2947017340,4794.0,6664.0,569.6883835420683,269.8913071319407,30.859071623657822,0.22011019283746555,0.9934418045147617,0.7193877551020408,252.77064703006954,0.9620567371566231,0.8783938521767384,0.4027198507783418,0.3656094119431103,0.14029025120950722,0.34265265044335913,-8.339517919918327e-05,242.0,90.0,2.688888888888889
WE00042---D007--PO01--LO001--CO6--SL001--PX32500--PW0100--IN0020--TM279--X068517--Y038077--Z216075--T2853356079.png,WE00042---D007--PO01--LO001--CO6--SL001--PX32500--PW0100--IN0020--TM279--X068517--Y038077--Z216075--T2853356079,WE00042---D007--PO01--LO001--CO6--SL001--PX32500--PW0100--IN0020--TM279--X068517--Y038077--Z216075--T2853356079,3082.0,4631.0,428.1076477383247,200.22519549270802,28.147737968795035,0.3488003621548212,0.9900692659008181,0.6655150075577629,189.7893569197177,0.8290562958884872,0.6350851942467961,0.26421330272284405,0.2261673702026914,0.05528155906916535,0.17902838295891796,0.0007686761355699609,188.0,47.0,4.0
WE00042---D007--PO01--LO001--CO6--SL001--PX32500--PW0100--IN0020--TM280--X068517--Y038077--Z210286--T2675230254.png,WE00042---D007--PO01--LO001--CO6--SL001--PX32500--PW0100--IN0020--TM280--X068517--Y038077--Z210286--T2675230254,WE00042---D007--PO01--LO001--CO6--SL001--PX32500--PW0100--IN0020--TM280--X068517--Y038077--Z210286--T2675230254,3097.0,5674.0,371.7056274847714,120.63285661707506,62.81106511645298,0.4051543694400837,0.8537521742172859,0.5458230525202679,106.10372283760829,0.37329504352314924,0.0458212954531963,0.011592750895569486,0.0058094899604168295,3.366679893778304e-05,-9.107082882349801e-05,3.375725590781818e-05,98.0,78.0,1.2564102564102564
WE00042---D007--PO01--LO001--CO6--SL001--PX32500--PW0100--IN0020--TM280--X068517--Y038077--Z224061--T2337871048.png,WE00042---D007--PO01--LO001--CO6--SL001--PX32500--PW0100--IN0020--TM280--X068517--Y038077--Z224061--T2337871048,WE00042---D007--PO01--LO001--CO6--SL001--PX32500--PW0100--IN0020--TM280--X068517--Y038077--Z224061--T2337871048,2829.0,3826.0,346.04877323527904,89.85280874130846,59.65825711577367,0.5270119225037257,0.7477721802182433,0.7394145321484579,92.04890004774636,0.25699529164002116,0.009947134373368622,0.0051437423937007115,0.0018060872335289016,5.479139195460943e-06,0.0001790151901056636,5.317087498219229e-07,61.0,88.0,0.6931818181818182
WE00042---D007--PO01--LO001--CO6--SL001--PX32500--PW0100--IN0020--TM281--X068517--Y038077--Z209281--T2689281750.png,WE00042---D007--PO01--LO001--CO6--SL001--PX32500--PW0100--IN0020--TM281--X068517--Y038077--Z209281--T2689281750,WE00042---D007--PO01--LO001--CO6--SL001--PX32500--PW0100--IN0020--TM281--X068517--Y038077--Z209281--T2689281750,3894.0,5885.0,527.0782104868019,238.23338012031013,31.469267635334152,0.33,0.9912371564292589,0.6616822429906543,238.0273093575609,0.926833882400046,0.8011039694362395,0.5367868456241778,0.481473265029811,0.2447677764992092,0.43043177795556864,0.0011692240965869294,236.0,50.0,4.72
WE00042---D007--PO01--LO001--CO6--SL001--PX32500--PW0100--IN0020--TM281--X068517--Y038077--Z210439--T2362956821.png,WE00042---D007--PO01--LO001--CO6--SL001--PX32500--PW0100--IN0020--TM281--X068517--Y038077--Z210439--T2362956821,WE00042---D007--PO01--LO001--CO6--SL001--PX32500--PW0100--IN0020--TM281--X068517--Y038077--Z210439--T2362956821,2898.0,3769.0,302.208152801713,91.20149796100874,50.86535281760459,0.6276803118908382,0.8300258168120527,0.7689042186256302,83.57032966310472,0.23518369020857655,0.015273464560549198,0.00045996930362137995,0.00020097404756045975,2.0308252628283482e-08,-1.8196201675796055e-05,-5.763120169906366e-08,81.0,57.0,1.4210526315789473
WE00042---D007--PO01--LO001--CO6--SL001--PX32500--PW0100--IN0020--TM282--X068517--Y038077--Z202807--T2274328781.png,WE00042---D007--PO01--LO001--CO6--SL001--PX32500--PW0100--IN0020--TM282--X068517--Y038077--Z202807--T2274328781,WE00042---D007--PO01--LO001--CO6--SL001--PX32500--PW0100--IN0020--TM282--X068517--Y038077--Z202807--T2274328781,2659.0,4310.0,312.8772003600252,90.5884545861589,63.65954314036911,0.4427239427239427,0.7114531653037205,0.6169373549883991,84.05950273467003,0.28814416926356456,0.009532351027609487,0.009561778214734317,0.0029687970796983335,4.1251294130864266e-06,-5.146196957497635e-05,-1.5270206900366734e-05,78.0,77.0,1.0129870129870129
WE00042---D007--PO01--LO001--CO6--SL001--PX32500--PW0100--IN0020--TM283--X068517--Y038077--Z212137--T2352454955.png,WE00042---D007--PO01--LO001--CO6--SL001--PX32500--PW0100--IN0020--TM283--X068517--Y038077--Z212137--T2352454955,WE00042---D007--PO01--LO001--CO6--SL001--PX32500--PW0100--IN0020--TM283--X068517--Y038077--Z212137--T2352454955,4896.0,5857.0,518.350288425444,246.74282714027242,28.789932079469022,0.41201716738197425,0.9931695713485829,0.8359228273860339,235.61409125941512,0.7877716877848601,0.587690923338143,0.0908429135665344,0.08163391299360576,0.007029869347516842,0.0625161768300539,3.089894790812885e-05,233.0,51.0,4.568627450980392
WE00042---D007--PO01--LO001--CO6--SL001--PX32500--PW0100--IN0020--TM284--X068517--Y038077--Z211853--T2862013725.png,WE00042---D007--PO01--LO001--CO6--SL001--PX32500--PW0100--IN0020--TM284--X068517--Y038077--Z211853--T2862013725,WE00042---D007--PO01--LO001--CO6--SL001--PX32500--PW0100--IN0020--TM284--X068517--Y038077--Z211853--T2862013725,2559.0,4212.0,324.3919189857867,94.6694874042658,60.46890349419231,0.5077380952380952,0.7694251469324478,0.6075498575498576,83.00602387778854,0.3081965644581962,0.016792875565294896,0.004423041033923486,0.002436587346357688,5.28527659634619e-06,-5.4345831561293466e-05,-6.004098059853229e-06,63.0,80.0,0.7875
WE00043---D006--PO01--LO001--CO6--SL001--PX32500--PW0100--IN0020--TM250--X059508--Y038077--Z210070--T2939535291.png,WE00043---D006--PO01--LO001--CO6--SL001--PX32500--PW0100--IN0020--TM250--X059508--Y038077--Z210070--T2939535291,WE00043---D006--PO01--LO001--CO6--SL001--PX32500--PW0100--IN0020--TM250--X059508--Y038077--Z210070--T2939535291,4592.0,7754.0,494.23253941935263,218.0911764945963,49.53812433810732,0.4033377250768555,0.9738611590656808,0.5922104720144442,208.16579930430456,0.680773451488117,0.37696136137228237,0.15029880550857183,0.08326660012013602,0.00914238828404263,0.04382838631170269,0.0017850553067816177,207.0,55.0,3.7636363636363637
WE00043---D006--PO01--LO001--CO6--SL001--PX32500--PW0100--IN0020--TM255--X059508--Y038077--Z210373--T2927533760.png,WE00043---D006--PO01--LO001--CO6--SL001--PX32500--PW0100--IN0020--TM255--X059508--Y038077--Z210373--T2927533760,WE00043---D006--PO01--LO001--CO6--SL001--PX32500--PW0100--IN0020--TM255--X059508--Y038077--Z210373--T2927533760,3907.0,8344.0,490.842712474619,210.62035626814566,61.38366228110431,0.252978502978503,0.9565884369644191,0.4682406519654842,201.61349161204464,0.769914391949726,0.42167231872218686,0.31719044579890243,0.18433829408873162,0.043862931909381446,0.09045935701227115,-0.007931016490591782,198.0,78.0,2.5384615384615383
WE00043---D006--PO01--LO001--CO6--SL001--PX32500--PW0100--IN0020--TM265--X059508--Y038077--Z217583--T2845308098.png,WE00043---D006--PO01--LO001--CO6--SL001--PX32500--PW0100--IN0020--TM265--X059508--Y038077--Z217583--T2845308098,WE00043---D006--PO01--LO001--CO6--SL001--PX32500--PW0100--IN0020--TM265--X059508--Y038077--Z217583--T2845308098,2016.0,2301.0,200.0243866176395,80.13804219073063,35.48285063308157,0.6985446985446986,0.8966344260476921,0.8761408083441982,74.54528824815154,0.2381305337057571,0.025620967755097975,0.00164299532814912,0.000384596572323484,3.052648835689243e-07,6.153440183053006e-05,-1.670670630676652e-08,39.0,74.0,0.527027027027027
WE00043---D006--PO01--LO001--CO6--SL001--PX32500--PW0100--IN0020--TM272--X059508--Y038077--Z210771--T2947097979.png,WE00043---D006--PO01--LO001--CO6--SL001--PX32500--PW0100--IN0020--TM272--X059508--Y038077--Z210771--T2947097979,WE00043---D006--PO01--LO001--CO6--SL001--PX32500--PW0100--IN0020--TM272--X059508--Y038077--Z210771--T2947097979,4421.0,6190.0,521.1787155501902,249.15042242438412,28.55449556703362,0.49507278835386337,0.9934108573479975,0.71421647819063,236.02754076590298,0.8890987928542293,0.7500343009303035,0.24128343562884574,0.21798555900239527,0.0499915577734013,0.18797326708813886,0.00031588141256101753,235.0,38.0,6.184210526315789
WE00043---D006--PO01--LO001--CO6--SL001--PX32500--PW0100--IN0020--TM280--X059508--Y038077--Z208675--T2853436208.png,WE00043---D006--PO01--LO001--CO6--SL001--PX32500--PW0100--IN0020--TM280--X059508--Y038077--Z208675--T2853436208,WE00043---D006--PO01--LO001--CO6--SL001--PX32500--PW0100--IN0020--TM280--X059508--Y038077--Z208675--T2853436208,3826.0,5920.0,477.6639969244288,221.6023703186944,32.31820268243645,0.47944862155388474,0.9893083807201423,0.6462837837837838,210.6086417980041,0.8192641916408587,0.6164451804197154,0.17711158409850394,0.1456894489204356,0.023388488706891638,0.1110343908445504,0.0008149409719317349,210.0,38.0,5.526315789473684
WE00043---D006--PO01--LO001--CO6--SL001--PX32500--PW0100--IN0020--TM280--X059508--Y038077--Z210886--T2675311799.png,WE00043---D006--PO01--LO001--CO6--SL001--PX32500--PW0100--IN0020--TM280--X059508--Y038077--Z210886--T2675311799,WE00043---D006--PO01--LO001--CO6--SL001--PX32500--PW0100--IN0020--TM280--X059508--Y038077--Z210886--T2675311799,4046.0,5849.0,405.1614716074871,113.85924435609104,69.60963381516618,0.5403311965811965,0.7913482236425481,0.6917421781501111,105.54619841567009,0.2751085739808078,0.01572722116134854,0.001958860716599119,0.0008169120012846446,2.069124302392025e-07,-5.122632961009563e-05,1.0124644655723709e-06,104.0,72.0,1.4444444444444444
WE00043---D006--PO01--LO001--CO6--SL001--PX32500--PW0100--IN0020--TM280--X059508--Y038077--Z218061--T2337952302.png,WE00043---D006--PO01--LO001--CO6--SL001--PX32500--PW0100--IN0020--TM280--X059508--Y038077--Z218061--T2337952302,WE00043---D006--PO01--LO001--CO6--SL001--PX32500--PW0100--IN0020--TM280--X059508--Y038077--Z218061--T2337952302,3784.0,5721.0,385.30360723121805,113.28754647931741,66.74496340182925,0.4938013832702597,0.8080133536361996,0.6614228281768921,101.95096860746347,0.2855602260639375,0.019154049999906747,0.002878436824283234,0.0012721274318810776,1.0007031007343253e-06,-8.385708404553116e-05,2.2191022209295844e-06,79.0,97.0,0.8144329896907216
WE00043---D006--PO01--LO001--CO6--SL001--PX32500--PW0100--IN0020--TM281--X059508--Y038077--Z211439--T2363037668.png,WE00043---D006--PO01--LO001--CO6--SL001--PX32500--PW0100--IN0020--TM281--X059508--Y038077--Z211439--T2363037668,WE00043---D006--PO01--LO001--CO6--SL001--PX32500--PW0100--IN0020--TM281--X059508--Y038077--Z211439--T2363037668,2181.0,3002.0,247.86500705120545,88.28765183812429,46.83516801059064,0.4725893824485374,0.8476950809755419,0.7265156562291806,77.02596964660685,0.28622886375716716,0.02576363989680818,0.004310246233980526,0.0008001526105477599,-4.861863180865771e-07,-8.2791308632645e-05,1.4041837955903318e-06,71.0,65.0,1.0923076923076922
WE00043---D006--PO01--LO001--CO6--SL001--PX32500--PW0100--IN0020--TM281--X059508--Y038077--Z212481--T2689362246.png,WE00043---D006--PO01--LO001--CO6--SL001--PX32500--PW0100--IN0020--TM281--X059508--Y038077--Z212481--T2689362246,WE00043---D006--PO01--LO001--CO6--SL001--PX32500--PW0100--IN0020--TM281--X059508--Y038077--Z212481--T2689362246,4100.0,5407.0,494.6761902332486,228.75698178449127,29.24717513200349,0.2578616352201258,0.9917931802558159,0.7582763084889957,220.60145058453264,0.8107492982980512,0.6157071874111937,0.2218891622579249,0.19780653170879572,0.04144086989508587,0.15520486825877536,-3.1358145902958545e-05,212.0,75.0,2.8266666666666667
WE00043---D006--PO01--LO001--CO6--SL001--PX32500--PW0100--IN0020--TM282--X059508--Y038077--Z225207--T2274439423.png,WE00043---D006--PO01--LO001--CO6--SL001--PX32500--PW0100--IN0020--TM282--X059508--Y038077--Z225207--T2274439423,WE00043---D006--PO01--LO001--CO6--SL001--PX32500--PW0100--IN0020--TM282--X059508--Y038077--Z225207--T2274439423,1793.0,2952.0,253.27922061357856,91.13449436864761,44.193764227668275,0.39191256830601096,0.8745534927400811,0.6073848238482384,79.30952023559341,0.3575914968084145,0.04903160654936706,0.015322790532382592,0.006752099931254411,5.457123246285147e-05,0.0006969244638745381,-4.169959793195695e-05,61.0,75.0,0.8133333333333334
WE00043---D006--PO01--LO001--CO6--SL001--PX32500--PW0100--IN0020--TM283--X059508--Y038077--Z207708--T2275962215.png,WE00043---D006--PO01--LO001--CO6--SL001--PX32500--PW0100--IN0020--TM283--X059508--Y038077--Z207708--T2275962215,WE00043---D006--PO01--LO001--CO6--SL001--PX32500--PW0100--IN0020--TM283--X059508--Y038077--Z207708--T2275962215,2100.0,3891.0,306.5218613006979,97.95613150860972,52.210181547640396,0.36855036855036855,0.8461180477114236,0.5397070161912105,85.80209787645055,0.366705558255048,0.041799566931270855,0.012595494773779577,0.00565225426950843,3.1037453723412467e-05,-0.00013601292309684682,-3.620976307785703e-05,77.0,74.0,1.0405405405405406
WE00043---D006--PO01--LO001--CO6--SL001--PX32500--PW0100--IN0020--TM283--X059508--Y038077--Z210165--T2344622148.png,WE00043---D006--PO01--LO001--CO6--SL001--PX32500--PW0100--IN0020--TM283--X059508--Y038077--Z210165--T2344622148,WE00043---D006--PO01--LO001--CO6--SL001--PX32500--PW0100--IN0020--TM283--X059508--Y038077--Z210165--T2344622148,3892.0,6436.0,394.8183258569795,120.23202738843064,68.17690052601613,0.43244444444444446,0.8236872118773682,0.6047234307022996,106.85036265731624,0.3067804177682848,0.024805292163800268,0.0058226879385004015,0.0024897384077272556,3.94316474836758e-06,-0.00013143926173365906,8.620628142152608e-06,90.0,100.0,0.9
WE00043---D006--PO01--LO001--CO6--SL001--PX32500--PW0100--IN0020--TM283--X059508--Y038077--Z212937--T2352536061.png,WE00043---D006--PO01--LO001--CO6--SL001--PX32500--PW0100--IN0020--TM283--X059508--Y038077--Z212937--T2352536061,WE00043---D006--PO01--LO001--CO6--SL001--PX32500--PW0100--IN0020--TM283--X059508--Y038077--Z212937--T2352536061,4967.0,5891.0,480.27922061357856,208.85758275436407,34.242394352439625,0.560862691960253,0.9864684959283273,0.8431505686640638,216.03703386225243,0.5636454530524465,0.28530250466438073,0.04650109512509775,0.03959183861065344,0.0016987580049797476,0.021113184991728973,-1.0678244738156873e-05,216.0,41.0,5.2682926829268295
WE00043---D006--PO01--LO001--CO6--SL001--PX32500--PW0100--IN0020--TM284--X059508--Y038077--Z210253--T2862087469.png,WE00043---D006--PO01--LO001--CO6--SL001--PX32500--PW0100--IN0020--TM284--X059508--Y038077--Z210253--T2862087469,WE00043---D006--PO01--LO001--CO6--SL001--PX32500--PW0100--IN0020--TM284--X059508--Y038077--Z210253--T2862087469,3383.0,4934.0,344.5340546095176,105.31436681999892,62.88245962710928,0.5349462365591398,0.8021721017914221,0.685650587758411,94.36630754670864,0.27795816559733066,0.01738508180468748,0.004112523616373734,0.0009973536082419447,-3.1452849287794015e-07,-9.22683613878151e-05,1.995252296408635e-06,93.0,68.0,1.3676470588235294
WE00044---D005--PO01--LO001--CO6--SL001--PX32500--PW0100--IN0020--TM250--X050499--Y038077--Z211670--T2939615271.png,WE00044---D005--PO01--LO001--CO6--SL001--PX32500--PW0100--IN0020--TM250--X050499--Y038077--Z211670--T2939615271,WE00044---D005--PO01--LO001--CO6--SL001--PX32500--PW0100--IN0020--TM250--X050499--Y038077--Z211670--T2939615271,4027.0,7748.0,470.47518010647184,199.35677701738828,53.981030552173245,0.23048305860805862,0.9626423832865917,0.519747031491998,175.82377541163197,0.6620479917158454,0.3267237510342932,0.12397600147888266,0.05637701572262672,0.004521669069875534,0.02538836480243882,-0.0013301818865317503,156.0,112.0,1.3928571428571428
WE00044---D005--PO01--LO001--CO6--SL001--PX32500--PW0100--IN0020--TM255--X050499--Y038077--Z213973--T2927612873.png,WE00044---D005--PO01--LO001--CO6--SL001--PX32500--PW0100--IN0020--TM255--X050499--Y038077--Z213973--T2927612873,WE00044---D005--PO01--LO001--CO6--SL001--PX32500--PW0100--IN0020--TM255--X050499--Y038077--Z213973--T2927612873,3714.0,7466.0,447.88939366884495,133.12945086922812,83.59744954750776,0.3714371437143714,0.7782608915055553,0.4974551299223145,117.13667231059623,0.4158586473409789,0.032634249328029,0.011024014245439917,0.004951928251548078,2.099672035309364e-05,-0.0005669771461490807,2.996288783196278e-05,101.0,99.0,1.02020202020202
WE00044---D005--PO01--LO001--CO6--SL001--PX32500--PW0100--IN0020--TM265--X050499--Y038077--Z210583--T2845387720.png,WE00044---D005--PO01--LO001--CO6--SL001--PX32500--PW0100--IN0020--TM265--X050499--Y038077--Z210583--T2845387720,WE00044---D005--PO01--LO001--CO6--SL001--PX32500--PW0100--IN0020--TM265--X050499--Y038077--Z210583--T2845387720,2940.0,3877.0,295.1431816442575,99.62243706791884,47.27074841459566,0.5147058823529411,0.8802560328093937,0.7583182873355687,92.61749294814668,0.25848540865279435,0.026725759831005107,0.0023523053120574956,0.0004461288177245786,2.552629349733308e-07,2.2092877421534752e-05,-3.790911380075117e-07,84.0,68.0,1.2352941176470589
WE00044---D005--PO01--LO001--CO6--SL001--PX32500--PW0100--IN0020--TM272--X050499--Y038077--Z215571--T2947177936.png,WE00044---D005--PO01--LO001--CO6--SL001--PX32500--PW0100--IN0020--TM272--X050499--Y038077--Z215571--T2947177936,WE00044---D005--PO01--LO001--CO6--SL001--PX32500--PW0100--IN0020--TM272--X050499--Y038077--Z215571--T2947177936,4906.0,6691.0,546.9777054234136,255.46523928336094,31.232226386154426,0.3988617886178862,0.992498566896247,0.7332237333731879,248.47736315407084,0.8438384178447419,0.670736220659944,0.22766810999570578,0.20232342943207918,0.04342130431325597,0.16456126285322645,0.0003898429634664677,246.0,50.0,4.92
WE00044---D005--PO01--LO001--CO6--SL001--PX32500--PW0100--IN0020--TM280--X050499--Y038077--Z210486--T2675393454.png,WE00044---D005--PO01--LO001--CO6--SL001--PX32500--PW0100--IN0020--TM280--X050499--Y038077--Z210486--T2675393454,WE00044---D005--PO01--LO001--CO6--SL001--PX32500--PW0100--IN0020--TM280--X050499--Y038077--Z210486--T2675393454,4383.0,8645.0,472.6173157302028,188.75805760178957,69.8339653648529,0.2891351672273897,0.9290455014074607,0.5069982648930017,172.06975329789952,0.5776064771301046,0.19230343013098428,0.0993809751296078,0.053668564269835614,0.0038125730303452446,0.01424204808583487,-0.0009093033101848746,163.0,93.0,1.7526881720430108
WE00044---D005--PO01--LO001--CO6--SL001--PX32500--PW0100--IN0020--TM280--X050499--Y038077--Z212661--T2338034249.png,WE00044---D005--PO01--LO001--CO6--SL001--PX32500--PW0100--IN0020--TM280--X050499--Y038077--Z212661--T2338034249,WE00044---D005--PO01--LO001--CO6--SL001--PX32500--PW0100--IN0020--TM280--X050499--Y038077--Z212661--T2338034249,3494.0,6808.0,420.5756851698602,133.5058436396647,74.5616848915888,0.35400202634245187,0.8295112219741453,0.513219741480611,114.62111498323509,0.41827517064630765,0.04812872959102253,0.012506819112868633,0.012155162004879136,0.00014532604897278542,0.0012084482672636491,-3.6624326889124697e-05,105.0,94.0,1.1170212765957446
WE00044---D005--PO01--LO001--CO6--SL001--PX32500--PW0100--IN0020--TM280--X050499--Y038077--Z213475--T2853516373.png,WE00044---D005--PO01--LO001--CO6--SL001--PX32500--PW0100--IN0020--TM280--X050499--Y038077--Z213475--T2853516373,WE00044---D005--PO01--LO001--CO6--SL001--PX32500--PW0100--IN0020--TM280--X050499--Y038077--Z213475--T2853516373,5006.0,6572.0,524.9360748630709,246.01595728721242,32.83995957306859,0.4987049212990636,0.9910505491684442,0.7617163724893488,239.0522955338434,0.7691060001086735,0.550826315771792,0.1679846662229273,0.1473546905657655,0.023182838940295616,0.10901738785522769,-0.0001871404876129341,239.0,42.0,5.690476190476191
WE00044---D005--PO01--LO001--CO6--SL001--PX32500--PW0100--IN0020--TM281--X050499--Y038077--Z217039--T2363118968.png,WE00044---D005--PO01--LO001--CO6--SL001--PX32500--PW0100--IN0020--TM281--X050499--Y038077--Z217039--T2363118968,WE00044---D005--PO01--LO001--CO6--SL001--PX32500--PW0100--IN0020--TM281--X050499--Y038077--Z217039--T2363118968,2413.0,3698.0,276.0071426749364,95.76294604431442,53.06989713424372,0.4944672131147541,0.8323969425780685,0.6525148729042726,81.93289937503738,0.31047854892575333,0.027086774309406363,0.007488281549266146,0.001513337385586037,-8.544516466229383e-07,-0.00013275574691078403,-5.022252961556545e-06,80.0,61.0,1.3114754098360655
WE00044---D005--PO01--LO001--CO6--SL001--PX32500--PW0100--IN0020--TM282--X050499--Y038077--Z210081--T2689443151.png,WE00044---D005--PO01--LO001--CO6--SL001--PX32500--PW0100--IN0020--TM282--X050499--Y038077--Z210081--T2689443151,WE00044---D005--PO01--LO001--CO6--SL001--PX32500--PW0100--IN0020--TM282--X050499--Y038077--Z210081--T2689443151,5223.0,6894.0,523.4213562373095,241.11445072512424,33.22001531663816,0.48522853957636564,0.9904632805469447,0.757615317667537,235.33168082517068,0.7088807649592671,0.46576458175944985,0.09508823866545005,0.08062532762410875,0.007058691207593342,0.05428267349590611,0.00010325095729683969,234.0,46.0,5.086956521739131
WE00044---D005--PO01--LO001--CO6--SL001--PX32500--PW0100--IN0020--TM282--X050499--Y038077--Z223407--T2274549065.png,WE00044---D005--PO01--LO001--CO6--SL001--PX32500--PW0100--IN0020--TM282--X050499--Y038077--Z223407--T2274549065,WE00044---D005--PO01--LO001--CO6--SL001--PX32500--PW0100--IN0020--TM282--X050499--Y038077--Z223407--T2274549065,3163.0,6022.0,367.4629867976521,121.91066097849391,63.74208068402382,0.33470899470899473,0.8524192127076945,0.5252407837927598,111.48542505637228,0.3739579139689748,0.04553457774119276,0.022366067940273557,0.006524053022370236,2.4828194026554975e-05,-0.00032760992939551186,-7.479493779240478e-05,90.0,105.0,0.8571428571428571
WE00044---D005--PO01--LO001--CO6--SL001--PX32500--PW0100--IN0020--TM283--X050499--Y038077--Z212137--T2352616350.png,WE00044---D005--PO01--LO001--CO6--SL001--PX32500--PW0100--IN0020--TM283--X050499--Y038077--Z212137--T2352616350,WE00044---D005--PO01--LO001--CO6--SL001--PX32500--PW0100--IN0020--TM283--X050499--Y038077--Z212137--T2352616350,4494.0,6129.0,461.4629867976521,200.09171349831203,35.76786405881971,0.463490099009901,0.9838931906163464,0.733235438081253,204.215572373901,0.5745999375559189,0.290537457354313,0.0649942516277841,0.05521421275515761,0.0033071812219571347,0.0295456158914753,-5.302158494830604e-05,202.0,48.0,4.208333333333333
WE00044---D005--PO01--LO001--CO6--SL001--PX32500--PW0100--IN0020--TM283--X050499--Y038077--Z219708--T2276057548.png,WE00044---D005--PO01--LO001--CO6--SL001--PX32500--PW0100--IN0020--TM283--X050499--Y038077--Z219708--T2276057548,WE00044---D005--PO01--LO001--CO6--SL001--PX32500--PW0100--IN0020--TM283--X050499--Y038077--Z219708--T2276057548,3159.0,6055.0,365.60512242138304,121.17663953929139,64.05522330971701,0.32627556290022725,0.8488646063638214,0.5217175887696119,109.29318368498559,0.3716929725247916,0.04382178912470254,0.022866178409562118,0.007149177844611512,3.0717310818257455e-05,-0.00025579569686927584,-8.609148493560754e-05,94.0,103.0,0.912621359223301
WE00044---D005--PO01--LO001--CO6--SL001--PX32500--PW0100--IN0020--TM284--X050499--Y038077--Z213453--T2862161919.png,WE00044---D005--PO01--LO001--CO6--SL001--PX32500--PW0100--IN0020--TM284--X050499--Y038077--Z213453--T2862161919,WE00044---D005--PO01--LO001--CO6--SL001--PX32500--PW0100--IN0020--TM284--X050499--Y038077--Z213453--T2862161919,3537.0,7561.0,425.7300141024109,142.8407553241337,74.09900660579798,0.3276516905974988,0.8549244340668946,0.46779526517656395,127.47548783981962,0.4575583856646721,0.06943994775088999,0.03422991303903496,0.020882705707408408,0.0005128982265427425,0.0015060089787377051,-0.00022058204274040264,85.0,127.0,0.6692913385826772
WE00045---D004--PO01--LO001--CO6--SL001--PX32500--PW0100--IN0020--TM250--X041490--Y038077--Z209470--T2939695205.png,WE00045---D004--PO01--LO001--CO6--SL001--PX32500--PW0100--IN0020--TM250--X041490--Y038077--Z209470--T2939695205,WE00045---D004--PO01--LO001--CO6--SL001--PX32500--PW0100--IN0020--TM250--X041490--Y038077--Z209470--T2939695205,2880.0,4912.0,334.492424049175,119.64809046275107,56.08392928600368,0.45454545454545453,0.88333581339627,0.5863192182410424,104.17773274553444,0.37892952854904777,0.058762667305555724,0.00826500718812059,0.005916740546729871,3.968298486369863e-05,0.0005764110585309884,-1.1713653217517962e-05,99.0,64.0,1.546875
WE00045---D004--PO01--LO001--CO6--SL001--PX32500--PW0100--IN0020--TM255--X041490--Y038077--Z214773--T2927691621.png,WE00045---D004--PO01--LO001--CO6--SL001--PX32500--PW0100--IN0020--TM255--X041490--Y038077--Z214773--T2927691621,WE00045---D004--PO01--LO001--CO6--SL001--PX32500--PW0100--IN0020--TM255--X041490--Y038077--Z214773--T2927691621,3837.0,7938.0,435.1614716074871,146.7368198363766,79.48025297699401,0.3039207920792079,0.8406029969794367,0.4833711262282691,132.5028301584536,0.45362270180121533,0.06141812906985261,0.05184180702116012,0.020304576641361607,0.0005136194952960701,0.0002596935143930161,0.0004125133348979859,125.0,101.0,1.2376237623762376
WE00045---D004--PO01--LO001--CO6--SL001--PX32500--PW0100--IN0020--TM265--X041490--Y038077--Z216183--T2845467789.png,WE00045---D004--PO01--LO001--CO6--SL001--PX32500--PW0100--IN0020--TM265--X041490--Y038077--Z216183--T2845467789,WE00045---D004--PO01--LO001--CO6--SL001--PX32500--PW0100--IN0020--TM265--X041490--Y038077--Z216183--T2845467789,3467.0,5910.0,376.5340546095176,124.45704351395906,62.455939564840904,0.3839424141749723,0.8649678499923883,0.5866328257191201,112.76967677527502,0.3495511261025843,0.04364456140619349,0.012638127007605207,0.007290295343692909,6.400984151609136e-05,0.0005311730158199003,2.8277281589811063e-05,105.0,86.0,1.2209302325581395
WE00045---D004--PO01--LO001--CO6--SL001--PX32500--PW0100--IN0020--TM280--X041490--Y038077--Z211286--T2675474517.png,WE00045---D004--PO01--LO001--CO6--SL001--PX32500--PW0100--IN0020--TM280--X041490--Y038077--Z211286--T2675474517,WE00045---D004--PO01--LO001--CO6--SL001--PX32500--PW0100--IN0020--TM280--X041490--Y038077--Z211286--T2675474517,3431.0,7323.0,430.71782079359116,165.89129362515615,70.84669378101037,0.2822706705059646,0.9042199923535993,0.46852382903181755,146.75830470538966,0.592742191058147,0.16800004346969444,0.11210275340652322,0.0458803585833163,0.0029641094843708858,0.00901184186974448,0.0014285550756159265,143.0,85.0,1.6823529411764706
WE00045---D004--PO01--LO001--CO6--SL001--PX32500--PW0100--IN0020--TM280--X041490--Y038077--Z212461--T2338115907.png,WE00045---D004--PO01--LO001--CO6--SL001--PX32500--PW0100--IN0020--TM280--X041490--Y038077--Z212461--T2338115907,WE00045---D004--PO01--LO001--CO6--SL001--PX32500--PW0100--IN0020--TM280--X041490--Y038077--Z212461--T2338115907,3586.0,5045.0,379.30360723121805,108.1021601365173,64.1027657206411,0.5073571024335031,0.8052148253153327,0.710802775024777,98.97979591815695,0.2752935303823311,0.017439097378508156,0.002155471880406171,0.0007928227456892036,5.867421442040967e-07,-1.6596120022352505e-05,-8.543405851435538e-07,93.0,76.0,1.2236842105263157
WE00045---D004--PO01--LO001--CO6--SL001--PX32500--PW0100--IN0020--TM280--X041490--Y038077--Z213875--T2853596458.png,WE00045---D004--PO01--LO001--CO6--SL001--PX32500--PW0100--IN0020--TM280--X041490--Y038077--Z213875--T2853596458,WE00045---D004--PO01--LO001--CO6--SL001--PX32500--PW0100--IN0020--TM280--X041490--Y038077--Z213875--T2853596458,5154.0,7311.0,560.0315292925759,260.04948688190115,33.23069449847837,0.25873493975903616,0.9918017582267177,0.7049651210504719,248.64633518312712,0.833454776440523,0.6507208261023182,0.23986042656201473,0.21400322306487915,0.04848342096267907,0.17181264942753338,-0.00042284553949354167,240.0,83.0,2.891566265060241
WE00045---D004--PO01--LO001--CO6--SL001--PX32500--PW0100--IN0020--TM281--X041490--Y038077--Z218639--T2363200560.png,WE00045---D004--PO01--LO001--CO6--SL001--PX32500--PW0100--IN0020--TM281--X041490--Y038077--Z218639--T2363200560,WE00045---D004--PO01--LO001--CO6--SL001--PX32500--PW0100--IN0020--TM281--X041490--Y038077--Z218639--T2363200560,3645.0,4862.0,313.2497833620557,95.5713208991234,60.286700675158905,0.5250648228176318,0.7759428127331524,0.7496914849856027,90.13878188659973,0.21893627669237703,0.00889189206561037,0.0015185265680449302,0.0004203387841964869,7.189001374158436e-08,-2.16166606369672e-05,-3.280379404634942e-07,89.0,78.0,1.141025641025641
WE00045---D004--PO01--LO001--CO6--SL001--PX32500--PW0100--IN0020--TM282--X041490--Y038077--Z209681--T2689523897.png,WE00045---D004--PO01--LO001--CO6--SL001--PX32500--PW0100--IN0020--TM282--X041490--Y038077--Z209681--T2689523897,WE00045---D004--PO01--LO001--CO6--SL001--PX32500--PW0100--IN0020--TM282--X041490--Y038077--Z209681--T2689523897,5171.0,6540.0,528.1492782986674,246.68022094286619,32.685017039849264,0.3844038061254832,0.9911830661235314,0.7906727828746177,238.43657437566074,0.7483978164682425,0.5221121130306766,0.13585977956887574,0.11831082288197173,0.01499954627620574,0.08541006564736241,-6.472323351418632e-05,236.0,57.0,4.140350877192983
WE00045---D004--PO01--LO001--CO6--SL001--PX32500--PW0100--IN0020--TM282--X041490--Y038077--Z218807--T2274659472.png,WE00045---D004--PO01--LO001--CO6--SL001--PX32500--PW0100--IN0020--TM282--X041490--Y038077--Z218807--T2274659472,WE00045---D004--PO01--LO001--CO6--SL001--PX32500--PW0100--IN0020--TM282--X041490--Y038077--Z218807--T2274659472,3417.0,4762.0,312.63455967290594,114.86264120994359,51.99792663412166,0.4457925636007828,0.891664618765229,0.7175556488870223,106.70520137275409,0.2907742669002731,0.03681216904078134,0.0071966685530140875,0.0012069538309116608,2.0979574846106218e-07,-4.070266498580933e-05,-3.550954252468087e-06,105.0,73.0,1.4383561643835616
WE00045---D004--PO01--LO001--CO6--SL001--PX32500--PW0100--IN0020--TM283--X041490--Y038077--Z209817--T2278081398.png,WE00045---D004--PO01--LO001--CO6--SL001--PX32500--PW0100--IN0020--TM283--X041490--Y038077--Z209817--T2278081398,WE00045---D004--PO01--LO001--CO6--SL001--PX32500--PW0100--IN0020--TM283--X041490--Y038077--Z209817--T2278081398,2844.0,6105.0,405.4041122946064,112.54645686942114,83.25576445292377,0.332398316970547,0.6728864749614147,0.46584766584766585,94.64142856064674,0.4306924065686797,0.015885297622368462,0.012620850572307121,0.009060733175375415,7.486500916227961e-05,-0.0004860292989495128,-6.150894862231638e-05,92.0,93.0,0.989247311827957
WE00045---D004--PO01--LO001--CO6--SL001--PX32500--PW0100--IN0020--TM283--X041490--Y038077--Z210537--T2352696782.png,WE00045---D004--PO01--LO001--CO6--SL001--PX32500--PW0100--IN0020--TM283--X041490--Y038077--Z210537--T2352696782,WE00045---D004--PO01--LO001--CO6--SL001--PX32500--PW0100--IN0020--TM283--X041490--Y038077--Z210537--T2352696782,4477.0,6277.0,515.747258045114,233.13365981203316,34.35703696600855,0.31594918842625264,0.9890813512316485,0.713238808347937,221.28714377477965,0.7752360582761404,0.5509774510680631,0.11674296432172288,0.08928680705589921,0.009110732844798774,0.06518192848975446,-0.00030485104787167806,218.0,65.0,3.353846153846154
WE00045---D004--PO01--LO001--CO6--SL001--PX32500--PW0100--IN0020--TM284--X041490--Y038077--Z209653--T2862235800.png,WE00045---D004--PO01--LO001--CO6--SL001--PX32500--PW0100--IN0020--TM284--X041490--Y038077--Z209653--T2862235800,WE00045---D004--PO01--LO001--CO6--SL001--PX32500--PW0100--IN0020--TM284--X041490--Y038077--Z209653--T2862235800,2466.0,4427.0,325.3919189857867,123.46974646567094,48.89203740015631,0.4117548839539155,0.9182574337400837,0.5570363677433928,113.53413583587978,0.4469588811191034,0.10613873983657135,0.032680070090701854,0.011617001211667392,0.0001823121097595252,0.0007751927322165344,-0.0001341532672850081,113.0,53.0,2.1320754716981134
WE00046---D003--PO01--LO001--CO6--SL001--PX32500--PW0100--IN0020--TM250--X032481--Y038077--Z211270--T2939774999.png,WE00046---D003--PO01--LO001--CO6--SL001--PX32500--PW0100--IN0020--TM250--X032481--Y038077--Z211270--T2939774999,WE00046---D003--PO01--LO001--CO6--SL001--PX32500--PW0100--IN0020--TM250--X032481--Y038077--Z211270--T2939774999,2618.0,4038.0,301.0782104868019,105.50709830172781,55.25564273730418,0.52485966319166,0.8518935794732854,0.6483407627538386,90.82400563727631,0.3386395589754357,0.03719536688401629,0.008213944219892536,0.0014158456511005751,-1.4119909227759966e-06,-0.00018697515679993708,-4.617288429834185e-06,86.0,58.0,1.4827586206896552
WE00046---D003--PO01--LO001--CO6--SL001--PX32500--PW0100--IN0020--TM255--X032481--Y038077--Z210173--T2927770888.png,WE00046---D003--PO01--LO001--CO6--SL001--PX32500--PW0100--IN0020--TM255--X032481--Y038077--Z210173--T2927770888,WE00046---D003--PO01--LO001--CO6--SL001--PX32500--PW0100--IN0020--TM255--X032481--Y038077--Z210173--T2927770888,3485.0,4931.0,338.6761902332486,126.49856876311343,47.030500767938314,0.4513079513079513,0.9283181348951635,0.7067531940782803,120.33287165193059,0.32664555060256784,0.061162362918585435,0.011121567300604401,0.0032224509943728453,1.5455994000200373e-05,0.00038110227701835224,-1.1544184361640912e-05,66.0,117.0,0.5641025641025641
WE00046---D003--PO01--LO001--CO6--SL001--PX32500--PW0100--IN0020--TM265--X032481--Y038077--Z215583--T2845547252.png,WE00046---D003--PO01--LO001--CO6--SL001--PX32500--PW0100--IN0020--TM265--X032481--Y038077--Z215583--T2845547252,WE00046---D003--PO01--LO001--CO6--SL001--PX32500--PW0100--IN0020--TM265--X032481--Y038077--Z215583--T2845547252,3037.0,4933.0,376.01933598375615,90.23380343565617,75.63876459494556,0.46910719802286066,0.5452813551872221,0.6156497060612204,84.34453153583817,0.2853013251546392,0.0024821618586690058,0.0023287250115680666,0.002028040326554431,2.127477654182673e-06,-2.659555194786079e-05,-3.859825731943689e-06,83.0,78.0,1.064102564102564
WE00046---D003--PO01--LO001--CO6--SL001--PX32500--PW0100--IN0020--TM280--X032481--Y038077--Z210286--T2675555374.png,WE00046---D003--PO01--LO001--CO6--SL001--PX32500--PW0100--IN0020--TM280--X032481--Y038077--Z210286--T2675555374,WE00046---D003--PO01--LO001--CO6--SL001--PX32500--PW0100--IN0020--TM280--X032481--Y038077--Z210286--T2675555374,2943.0,5078.0,380.43354954612926,98.24593396871228,76.71940689142937,0.43794642857142857,0.6246667832412193,0.5795588814493895,87.23531395025755,0.3299806943416003,0.006397812445241709,0.0051265911795697556,0.0024668838108484344,4.790818422809672e-06,-9.57277807752983e-05,7.349134631000193e-06,84.0,80.0,1.05
WE00046---D003--PO01--LO001--CO6--SL001--PX32500--PW0100--IN0020--TM280--X032481--Y038077--Z210875--T2853676697.png,WE00046---D003--PO01--LO001--CO6--SL001--PX32500--PW0100--IN0020--TM280--X032481--Y038077--Z210875--T2853676697,WE00046---D003--PO01--LO001--CO6--SL001--PX32500--PW0100--IN0020--TM280--X032481--Y038077--Z210875--T2853676697,4937.0,6412.0,516.5929291125633,238.38469000669664,31.736537065708703,0.5320043103448275,0.991098367970193,0.7699625701809107,232.94849216082082,0.7321560185146845,0.4993605891810453,0.11045658445273801,0.09722989896885378,0.010075851474153411,0.06820676032254805,8.03238488631761e-05,232.0,40.0,5.8
WE00046---D003--PO01--LO001--CO6--SL001--PX32500--PW0100--IN0020--TM280--X032481--Y038077--Z212061--T2338198475.png,WE00046---D003--PO01--LO001--CO6--SL001--PX32500--PW0100--IN0020--TM280--X032481--Y038077--Z212061--T2338198475,WE00046---D003--PO01--LO001--CO6--SL001--PX32500--PW0100--IN0020--TM280--X032481--Y038077--Z212061--T2338198475,3586.0,6483.0,430.71782079359116,169.09611210178844,54.85493014415951,0.35964296459733225,0.9459196896037265,0.5531389788678082,170.17931719218996,0.5507975196782839,0.1988341676484149,0.11227132820489426,0.04464108000622649,0.0029026468229135277,0.013062825949164853,-0.0012500051062269114,169.0,59.0,2.864406779661017
WE00046---D003--PO01--LO001--CO6--SL001--PX32500--PW0100--IN0020--TM281--X032481--Y038077--Z210639--T2363282120.png,WE00046---D003--PO01--LO001--CO6--SL001--PX32500--PW0100--IN0020--TM281--X032481--Y038077--Z210639--T2363282120,WE00046---D003--PO01--LO001--CO6--SL001--PX32500--PW0100--IN0020--TM281--X032481--Y038077--Z210639--T2363282120,2581.0,3195.0,245.1370849898476,82.374252322236,50.288486345808074,0.6095890410958904,0.7920255638813396,0.8078247261345853,75.69015788066504,0.225553305516271,0.010624457555384362,0.002540860663133187,0.00030204993396164715,-2.505518373796452e-07,-3.0190979791836166e-05,-8.510562379587434e-08,73.0,58.0,1.2586206896551724
WE00046---D003--PO01--LO001--CO6--SL001--PX32500--PW0100--IN0020--TM282--X032481--Y038077--Z209881--T2689603899.png,WE00046---D003--PO01--LO001--CO6--SL001--PX32500--PW0100--IN0020--TM282--X032481--Y038077--Z209881--T2689603899,WE00046---D003--PO01--LO001--CO6--SL001--PX32500--PW0100--IN0020--TM282--X032481--Y038077--Z209881--T2689603899,4898.0,6460.0,523.4213562373095,240.97202782686165,30.718859827475068,0.45117907148120856,0.9918412769386281,0.7582043343653251,237.53947040439405,0.7530007980819958,0.5313218975898508,0.11788357717316407,0.10383687349393275,0.011487849825745241,0.0751944505949609,9.645607216098983e-05,236.0,46.0,5.130434782608695
WE00046---D003--PO01--LO001--CO6--SL001--PX32500--PW0100--IN0020--TM282--X032481--Y038077--Z215807--T2274770016.png,WE00046---D003--PO01--LO001--CO6--SL001--PX32500--PW0100--IN0020--TM282--X032481--Y038077--Z215807--T2274770016,WE00046---D003--PO01--LO001--CO6--SL001--PX32500--PW0100--IN0020--TM282--X032481--Y038077--Z215807--T2274770016,2571.0,3708.0,274.2497833620557,93.7250185601773,53.177553083501834,0.5771043771043771,0.8234571797265264,0.6933656957928802,82.76472678623425,0.28228878004799296,0.020967280433999418,0.007015873483529602,0.0011737944933326086,-2.4035738124998833e-06,-0.0001498733440594246,-2.3599214666288506e-06,55.0,81.0,0.6790123456790124
WE00046---D003--PO01--LO001--CO6--SL001--PX32500--PW0100--IN0020--TM283--X032481--Y038077--Z209417--T2278177003.png,WE00046---D003--PO01--LO001--CO6--SL001--PX32500--PW0100--IN0020--TM283--X032481--Y038077--Z209417--T2278177003,WE00046---D003--PO01--LO001--CO6--SL001--PX32500--PW0100--IN0020--TM283--X032481--Y038077--Z209417--T2278177003,3452.0,6263.0,393.91883092036784,112.22862675899624,73.03552192294333,0.3825354609929078,0.7592711149630926,0.5511735589972856,100.60318086422517,0.32462072940988596,0.01728305727715116,0.009024530472642697,0.005827716300659178,3.449350004783211e-05,2.797814159177125e-05,-2.4420406212778394e-05,94.0,96.0,0.9791666666666666
WE00046---D003--PO01--LO001--CO6--SL001--PX32500--PW0100--IN0020--TM283--X032481--Y038077--Z215937--T2352777109.png,WE00046---D003--PO01--LO001--CO6--SL001--PX32500--PW0100--IN0020--TM283--X032481--Y038077--Z215937--T2352777109,WE00046---D003--PO01--LO001--CO6--SL001--PX32500--PW0100--IN0020--TM283--X032481--Y038077--Z215937--T2352777109,3945.0,7166.0,449.26197667087547,188.60699384499702,44.56512601594542,0.3656840934371524,0.9716836377663813,0.5505163271001954,186.68690366493306,0.5950356239553839,0.28313708102267915,0.10249326186624964,0.07956269636431762,0.00716274389978551,0.03840560168936973,0.0005619505395895064,186.0,58.0,3.206896551724138
WE00046---D003--PO01--LO001--CO6--SL001--PX32500--PW0100--IN0020--TM284--X032481--Y038077--Z212253--T2862310178.png,WE00046---D003--PO01--LO001--CO6--SL001--PX32500--PW0100--IN0020--TM284--X032481--Y038077--Z212253--T2862310178,WE00046---D003--PO01--LO001--CO6--SL001--PX32500--PW0100--IN0020--TM284--X032481--Y038077--Z212253--T2862310178,3537.0,6771.0,430.0315292925759,121.48118685458599,75.77749067941122,0.4079584775086505,0.7816002584722138,0.5223748338502436,106.23088063270491,0.36224036707073587,0.02537843267934513,0.006158426452523269,0.00625649763819463,3.439106743279974e-05,1.0346370596902394e-05,-1.8040807219966705e-05,85.0,102.0,0.8333333333333334
WE00047---D002--PO01--LO001--CO6--SL001--PX32500--PW0100--IN0020--TM250--X023472--Y038077--Z211070--T2939854804.png,WE00047---D002--PO01--LO001--CO6--SL001--PX32500--PW0100--IN0020--TM250--X023472--Y038077--Z211070--T2939854804,WE00047---D002--PO01--LO001--CO6--SL001--PX32500--PW0100--IN0020--TM250--X023472--Y038077--Z211070--T2939854804,3135.0,4222.0,318.1137443927346,126.68305323390219,38.9478909678328,0.43553764934704087,0.9515663125975662,0.7425390810042634,123.17873193047572,0.35019007550849046,0.08392962194937936,0.013063673856468741,0.006769497867411714,6.318440164709019e-05,0.00190675108156478,7.76790286509481e-06,122.0,59.0,2.0677966101694913
WE00047---D002--PO01--LO001--CO6--SL001--PX32500--PW0100--IN0020--TM255--X023472--Y038077--Z210573--T2927849785.png,WE00047---D002--PO01--LO001--CO6--SL001--PX32500--PW0100--IN0020--TM255--X023472--Y038077--Z210573--T2927849785,WE00047---D002--PO01--LO001--CO6--SL001--PX32500--PW0100--IN0020--TM255--X023472--Y038077--Z210573--T2927849785,3947.0,7621.0,423.445742854949,135.8643440652306,81.73427153736546,0.3315692204301075,0.7988070185939197,0.5179110352972051,128.06248474865697,0.3980809971500372,0.03478686212099459,0.039532611276252835,0.013184714089154623,0.00017872897064234286,-0.00026687765276684166,0.00024220690761350997,96.0,124.0,0.7741935483870968
WE00047---D002--PO01--LO001--CO6--SL001--PX32500--PW0100--IN0020--TM265--X023472--Y038077--Z214983--T2845626562.png,WE00047---D002--PO01--LO001--CO6--SL001--PX32500--PW0100--IN0020--TM265--X023472--Y038077--Z214983--T2845626562,WE00047---D002--PO01--LO001--CO6--SL001--PX32500--PW0100--IN0020--TM265--X023472--Y038077--Z214983--T2845626562,3945.0,6314.0,418.8599564173221,131.2362261081164,61.48931061052653,0.4866165042555816,0.8834427312187983,0.6248020272410516,122.18837915284743,0.33276112741537484,0.045351803187472776,0.005053286605060496,0.004140628727145278,1.713202542657254e-05,0.0005436237230410988,-8.076380512277417e-06,121.0,67.0,1.8059701492537314
WE00047---D002--PO01--LO001--CO6--SL001--PX32500--PW0100--IN0020--TM280--X023472--Y038077--Z210675--T2853756821.png,WE00047---D002--PO01--LO001--CO6--SL001--PX32500--PW0100--IN0020--TM280--X023472--Y038077--Z210675--T2853756821,WE00047---D002--PO01--LO001--CO6--SL001--PX32500--PW0100--IN0020--TM280--X023472--Y038077--Z210675--T2853756821,4807.0,7216.0,553.5218613006979,256.52466835363816,33.414879379378526,0.4222222222222222,0.9914798821423023,0.6661585365853658,253.33377192944488,0.8701042703073967,0.7073982084053453,0.3311849864798375,0.2977548479816209,0.09349733662747665,0.2490758871701062,0.00098996132669181,253.0,45.0,5.622222222222222
WE00047---D002--PO01--LO001--CO6--SL001--PX32500--PW0100--IN0020--TM280--X023472--Y038077--Z212861--T2338279836.png,WE00047---D002--PO01--LO001--CO6--SL001--PX32500--PW0100--IN0020--TM280--X023472--Y038077--Z212861--T2338279836,WE00047---D002--PO01--LO001--CO6--SL001--PX32500--PW0100--IN0020--TM280--X023472--Y038077--Z212861--T2338279836,3523.0,5668.0,382.77669529663683,128.45040592552013,58.393233584592124,0.48392857142857143,0.8906969808761364,0.6215596330275229,115.20850663036997,0.3532017547348786,0.05392579959766345,0.008762462765032016,0.004518208468426245,2.4756487352468407e-05,0.00028329699945806415,-1.3975970489477087e-05,112.0,65.0,1.7230769230769232
WE00047---D002--PO01--LO001--CO6--SL001--PX32500--PW0100--IN0020--TM280--X023472--Y038077--Z225286--T2675635805.png,WE00047---D002--PO01--LO001--CO6--SL001--PX32500--PW0100--IN0020--TM280--X023472--Y038077--Z225286--T2675635805,WE00047---D002--PO01--LO001--CO6--SL001--PX32500--PW0100--IN0020--TM280--X023472--Y038077--Z225286--T2675635805,1587.0,3590.0,292.5929291125633,107.86081741303416,51.22032469255071,0.2732438016528926,0.8800536616586824,0.44206128133704736,92.19544457292888,0.5614948643123114,0.12592084433532721,0.08511210880806573,0.03088061671424311,0.001174621731544489,0.0019439905606092817,-0.0010614411114675834,88.0,66.0,1.3333333333333333
WE00047---D002--PO01--LO001--CO6--SL001--PX32500--PW0100--IN0020--TM281--X023472--Y038077--Z210839--T2363363355.png,WE00047---D002--PO01--LO001--CO6--SL001--PX32500--PW0100--IN0020--TM281--X023472--Y038077--Z210839--T2363363355,WE00047---D002--PO01--LO001--CO6--SL001--PX32500--PW0100--IN0020--TM281--X023472--Y038077--Z210839--T2363363355,3309.0,3910.0,325.22034611053283,93.89353551964527,52.043991498825186,0.6535650799920996,0.8323254303581394,0.8462915601023018,92.78469701410896,0.2176747707673896,0.01330705422255896,3.129616932594693e-05,2.870830256379625e-05,8.564886722423734e-10,-1.7371140076017823e-06,-8.311333347273544e-11,83.0,61.0,1.360655737704918
WE00047---D002--PO01--LO001--CO6--SL001--PX32500--PW0100--IN0020--TM282--X023472--Y038077--Z210881--T2689683835.png,WE00047---D002--PO01--LO001--CO6--SL001--PX32500--PW0100--IN0020--TM282--X023472--Y038077--Z210881--T2689683835,WE00047---D002--PO01--LO001--CO6--SL001--PX32500--PW0100--IN0020--TM282--X023472--Y038077--Z210881--T2689683835,5677.0,6969.0,529.9655121145938,248.92508930399387,33.18219792673647,0.6015045560500106,0.9910754724748395,0.8146075477112928,242.46443038103547,0.6943011091272947,0.44897674326679454,0.07487530871463224,0.06521285871859198,0.004556858555749202,0.04360361041574288,-1.8612496789750278e-05,242.0,39.0,6.205128205128205
WE00047---D002--PO01--LO001--CO6--SL001--PX32500--PW0100--IN0020--TM282--X023472--Y038077--Z220407--T2274880549.png,WE00047---D002--PO01--LO001--CO6--SL001--PX32500--PW0100--IN0020--TM282--X023472--Y038077--Z220407--T2274880549,WE00047---D002--PO01--LO001--CO6--SL001--PX32500--PW0100--IN0020--TM282--X023472--Y038077--Z220407--T2274880549,2520.0,3366.0,272.1076477383248,86.31741245325863,49.228195728829384,0.5909943714821764,0.821425428809099,0.7486631016042781,83.18653737234169,0.24489362468605913,0.015546233185971106,0.0019451274614941069,0.0008759049053627011,7.235777292900793e-07,4.5118148373951896e-05,8.851924916106534e-07,52.0,82.0,0.6341463414634146
WE00047---D002--PO01--LO001--CO6--SL001--PX32500--PW0100--IN0020--TM283--X023472--Y038077--Z209817--T2278272664.png,WE00047---D002--PO01--LO001--CO6--SL001--PX32500--PW0100--IN0020--TM283--X023472--Y038077--Z209817--T2278272664,WE00047---D002--PO01--LO001--CO6--SL001--PX32500--PW0100--IN0020--TM283--X023472--Y038077--Z209817--T2278272664,3251.0,6273.0,381.3746750430835,134.977451261099,63.01302985227862,0.39263285024154587,0.8843411851781425,0.5182528295871194,121.82364302548172,0.4265909389439116,0.07503266876070715,0.029862571772849168,0.013843567310201742,0.0002417778560190544,0.001102731280405035,0.00014411839489626423,120.0,69.0,1.7391304347826086
WE00047---D002--PO01--LO001--CO6--SL001--PX32500--PW0100--IN0020--TM283--X023472--Y038077--Z212337--T2352857281.png,WE00047---D002--PO01--LO001--CO6--SL001--PX32500--PW0100--IN0020--TM283--X023472--Y038077--Z212337--T2352857281,WE00047---D002--PO01--LO001--CO6--SL001--PX32500--PW0100--IN0020--TM283--X023472--Y038077--Z212337--T2352857281,5044.0,6755.0,545.5361466505706,248.31560358695523,34.85007466918484,0.16194695948115329,0.9901025355185885,0.7467061435973353,232.76812496559748,0.7790836475168723,0.560979009854407,0.12934609849664988,0.10292795490672269,0.011872676693651038,0.07631590142258547,0.0002883431873639212,179.0,174.0,1.028735632183908
WE00047---D002--PO01--LO001--CO6--SL001--PX32500--PW0100--IN0020--TM283--X023472--Y038077--Z214708--T2276152295.png,WE00047---D002--PO01--LO001--CO6--SL001--PX32500--PW0100--IN0020--TM283--X023472--Y038077--Z214708--T2276152295,WE00047---D002--PO01--LO001--CO6--SL001--PX32500--PW0100--IN0020--TM283--X023472--Y038077--Z214708--T2276152295,2960.0,4513.0,322.14927829866735,103.35367131583348,59.57462601876483,0.48476907959384213,0.8171569797275732,0.655883004653224,90.0499861188218,0.3004881216160691,0.022683090401569288,0.00549628158745314,0.0016388670004447185,8.698634068726694e-07,-6.845306755418007e-05,4.841168860415327e-06,71.0,86.0,0.8255813953488372
WE00047---D002--PO01--LO001--CO6--SL001--PX32500--PW0100--IN0020--TM284--X023472--Y038077--Z210653--T2862384894.png,WE00047---D002--PO01--LO001--CO6--SL001--PX32500--PW0100--IN0020--TM284--X023472--Y038077--Z210653--T2862384894,WE00047---D002--PO01--LO001--CO6--SL001--PX32500--PW0100--IN0020--TM284--X023472--Y038077--Z210653--T2862384894,3043.0,5055.0,385.1614716074871,104.75900281294831,71.36437353283,0.44229651162790695,0.7320748020993818,0.6019782393669634,91.92388155425118,0.33000580184227324,0.014592959868829213,0.00600412713780505,0.003112325508346207,9.59245510428012e-06,-6.346250863931201e-06,9.433757667568189e-06,86.0,80.0,1.075
WE00048---D001--PO01--LO001--CO6--SL001--PX32500--PW0100--IN0020--TM250--X014463--Y038077--Z212070--T2939935003.png,WE00048---D001--PO01--LO001--CO6--SL001--PX32500--PW0100--IN0020--TM250--X014463--Y038077--Z212070--T2939935003,WE00048---D001--PO01--LO001--CO6--SL001--PX32500--PW0100--IN0020--TM250--X014463--Y038077--Z212070--T2939935003,3988.0,7075.0,436.1147904132612,200.74222078469185,52.95862153359647,0.24373548465957706,0.9645735526375212,0.5636749116607774,177.6879286839711,0.6754960945384382,0.34525981441753717,0.12558705083447025,0.052417736813806085,0.003958039967988521,0.02119939735191785,-0.0015561060624564795,162.0,101.0,1.603960396039604
WE00048---D001--PO01--LO001--CO6--SL001--PX32500--PW0100--IN0020--TM255--X014463--Y038077--Z211773--T2927928822.png,WE00048---D001--PO01--LO001--CO6--SL001--PX32500--PW0100--IN0020--TM255--X014463--Y038077--Z211773--T2927928822,WE00048---D001--PO01--LO001--CO6--SL001--PX32500--PW0100--IN0020--TM255--X014463--Y038077--Z211773--T2927928822,4378.0,6963.0,416.90158697766475,142.06370333501445,64.73179801868001,0.3471847739888977,0.8901573188719385,0.6287519747235387,134.40610105199838,0.3479371499541769,0.052120444994083165,0.009160835934094986,0.002394654022732927,1.050083634386704e-05,-4.759736002732975e-05,3.940488740393886e-06,97.0,130.0,0.7461538461538462
WE00048---D001--PO01--LO001--CO6--SL001--PX32500--PW0100--IN0020--TM265--X014463--Y038077--Z210383--T2845706241.png,WE00048---D001--PO01--LO001--CO6--SL001--PX32500--PW0100--IN0020--TM265--X014463--Y038077--Z210383--T2845706241,WE00048---D001--PO01--LO001--CO6--SL001--PX32500--PW0100--IN0020--TM265--X014463--Y038077--Z210383--T2845706241,3901.0,7978.0,453.88939366884495,180.28888242158337,50.334086076202226,0.3894379554756913,0.9602371162429586,0.48896966658310353,159.70597985047397,0.5613560841122477,0.23056738599723647,0.043608180524210116,0.044741508737071514,0.001970890127550151,0.018496900191494255,0.00014594772420164148,159.0,63.0,2.5238095238095237
WE00048---D001--PO01--LO001--CO6--SL001--PX32500--PW0100--IN0020--TM280--X014463--Y038077--Z209861--T2338361158.png,WE00048---D001--PO01--LO001--CO6--SL001--PX32500--PW0100--IN0020--TM280--X014463--Y038077--Z209861--T2338361158,WE00048---D001--PO01--LO001--CO6--SL001--PX32500--PW0100--IN0020--TM280--X014463--Y038077--Z209861--T2338361158,3779.0,6364.0,382.19090885900994,118.29102506334142,69.9603388789007,0.47648468036817554,0.8063595820735651,0.5938089252042741,104.92378186092989,0.31237125606289184,0.02264271166099703,0.005564879471150255,0.0033340394689389237,1.0091378301262322e-05,3.17285894297589e-05,1.0217717168148475e-05,103.0,77.0,1.3376623376623376
WE00048---D001--PO01--LO001--CO6--SL001--PX32500--PW0100--IN0020--TM280--X014463--Y038077--Z210675--T2853836727.png,WE00048---D001--PO01--LO001--CO6--SL001--PX32500--PW0100--IN0020--TM280--X014463--Y038077--Z210675--T2853836727,WE00048---D001--PO01--LO001--CO6--SL001--PX32500--PW0100--IN0020--TM280--X014463--Y038077--Z210675--T2853836727,3685.0,5291.0,478.27922061357856,218.41260137046126,31.724901742156234,0.41803743618831535,0.9893946687334958,0.6964656964656964,215.23243250030885,0.8261623783575557,0.627298255458005,0.3683198239339294,0.32324283684230726,0.11153134576945331,0.25566381564013396,-0.0007167957285111326,215.0,41.0,5.2439024390243905
WE00048---D001--PO01--LO001--CO6--SL001--PX32500--PW0100--IN0020--TM280--X014463--Y038077--Z215486--T2675715650.png,WE00048---D001--PO01--LO001--CO6--SL001--PX32500--PW0100--IN0020--TM280--X014463--Y038077--Z215486--T2675715650,WE00048---D001--PO01--LO001--CO6--SL001--PX32500--PW0100--IN0020--TM280--X014463--Y038077--Z215486--T2675715650,4664.0,7192.0,452.0315292925759,115.63208482170576,88.18466966596901,0.5287981859410431,0.6468332115115739,0.6484983314794216,108.78419002777932,0.28338490303803376,0.005619861559664404,0.002535410344945566,0.0018239169008673333,3.7070422378171666e-06,-6.974970557113171e-06,1.2812610600361466e-06,84.0,105.0,0.8
WE00048---D001--PO01--LO001--CO6--SL001--PX32500--PW0100--IN0020--TM281--X014463--Y038077--Z209239--T2363444792.png,WE00048---D001--PO01--LO001--CO6--SL001--PX32500--PW0100--IN0020--TM281--X014463--Y038077--Z209239--T2363444792,WE00048---D001--PO01--LO001--CO6--SL001--PX32500--PW0100--IN0020--TM281--X014463--Y038077--Z209239--T2363444792,2494.0,3733.0,291.4629867976521,92.5429587408169,53.68501512430665,0.5195833333333333,0.8145387647480014,0.668095365657648,81.78630692236935,0.2868454305684035,0.020276252406616433,0.004473751529911755,0.0012042808718788788,-1.0062398453885241e-07,-8.847380080902421e-05,-2.793483073591768e-06,80.0,60.0,1.3333333333333333
WE00048---D001--PO01--LO001--CO6--SL001--PX32500--PW0100--IN0020--TM282--X014463--Y038077--Z213081--T2689763900.png,WE00048---D001--PO01--LO001--CO6--SL001--PX32500--PW0100--IN0020--TM282--X014463--Y038077--Z213081--T2689763900,WE00048---D001--PO01--LO001--CO6--SL001--PX32500--PW0100--IN0020--TM282--X014463--Y038077--Z213081--T2689763900,5743.0,7806.0,523.8061325481597,237.55631396244794,38.98619247450347,0.4760444297082228,0.986441466552314,0.7357161158083525,232.7767170487633,0.6306909009564271,0.3571362997595545,0.07275873055072221,0.056190653518256514,0.003589910785696639,0.03226682789891204,-0.0001452157559675858,232.0,52.0,4.461538461538462
WE00048---D001--PO01--LO001--CO6--SL001--PX32500--PW0100--IN0020--TM282--X014463--Y038077--Z223807--T2274990539.png,WE00048---D001--PO01--LO001--CO6--SL001--PX32500--PW0100--IN0020--TM282--X014463--Y038077--Z223807--T2274990539,WE00048---D001--PO01--LO001--CO6--SL001--PX32500--PW0100--IN0020--TM282--X014463--Y038077--Z223807--T2274990539,2281.0,2441.0,190.16652224137044,70.99295387878755,41.859708346491615,0.6724646226415094,0.8076721207617629,0.9344530929946743,68.70953354520753,0.18610901696868137,0.008115416610824697,7.500037261039427e-05,4.101742389883047e-06,2.499014631638546e-11,1.5248946039274349e-07,-6.746248035531854e-11,53.0,64.0,0.828125
WE00048---D001--PO01--LO001--CO6--SL001--PX32500--PW0100--IN0020--TM283--X014463--Y038077--Z211308--T2276247328.png,WE00048---D001--PO01--LO001--CO6--SL001--PX32500--PW0100--IN0020--TM283--X014463--Y038077--Z211308--T2276247328,WE00048---D001--PO01--LO001--CO6--SL001--PX32500--PW0100--IN0020--TM283--X014463--Y038077--Z211308--T2276247328,3431.0,4893.0,386.6761902332486,98.08091799646257,66.50092932456788,0.5606209150326797,0.735042463865935,0.701205804210096,91.0,0.2557971450754152,0.008964094034834294,0.001004178985393519,0.0008507937470698945,6.911414046157197e-07,-1.0901774793401249e-05,3.7515893769224354e-07,68.0,90.0,0.7555555555555555
WE00048---D001--PO01--LO001--CO6--SL001--PX32500--PW0100--IN0020--TM283--X014463--Y038077--Z211817--T2278368187.png,WE00048---D001--PO01--LO001--CO6--SL001--PX32500--PW0100--IN0020--TM283--X014463--Y038077--Z211817--T2278368187,WE00048---D001--PO01--LO001--CO6--SL001--PX32500--PW0100--IN0020--TM283--X014463--Y038077--Z211817--T2278368187,3136.0,6131.0,384.63455967290594,125.57663423240412,72.11408331467364,0.3475177304964539,0.8186704949600838,0.5114989398140597,110.0,0.4179275366201909,0.04436901995723006,0.03407985280887229,0.009587984967280028,5.558187587311967e-05,-0.0005697629159333926,-0.00016416229452465838,96.0,94.0,1.0212765957446808
WE00048---D001--PO01--LO001--CO6--SL001--PX32500--PW0100--IN0020--TM283--X014463--Y038077--Z216937--T2352937726.png,WE00048---D001--PO01--LO001--CO6--SL001--PX32500--PW0100--IN0020--TM283--X014463--Y038077--Z216937--T2352937726,WE00048---D001--PO01--LO001--CO6--SL001--PX32500--PW0100--IN0020--TM283--X014463--Y038077--Z216937--T2352937726,4461.0,8164.0,478.144227664784,200.5483602472868,62.01450287593177,0.3513705103969754,0.9509890094987539,0.5464233219010289,188.51259904844557,0.617370591863154,0.2597012507296392,0.11687894025061746,0.05004189925814348,0.0035700746872979966,0.017772266625483188,-0.0013788377720719083,184.0,69.0,2.6666666666666665
WE00048---D001--PO01--LO001--CO6--SL001--PX32500--PW0100--IN0020--TM284--X014463--Y038077--Z212653--T2862458947.png,WE00048---D001--PO01--LO001--CO6--SL001--PX32500--PW0100--IN0020--TM284--X014463--Y038077--Z212653--T2862458947,WE00048---D001--PO01--LO001--CO6--SL001--PX32500--PW0100--IN0020--TM284--X014463--Y038077--Z212653--T2862458947,3065.0,5121.0,349.1198410471445,108.43851968516294,66.03720964689079,0.43181177796562414,0.7931833118591399,0.5985159148603788,94.37160589923221,0.32870770002970784,0.022757663495868025,0.009353341288712035,0.003926656910098886,1.5093395136358796e-05,9.561715198981601e-05,-1.8397695422166762e-05,91.0,78.0,1.1666666666666667
WE00049---E001--PO01--LO001--CO6--SL001--PX32500--PW0100--IN0020--TM250--X014463--Y047049--Z211270--T2940014817.png,WE00049---E001--PO01--LO001--CO6--SL001--PX32500--PW0100--IN0020--TM250--X014463--Y047049--Z211270--T2940014817,WE00049---E001--PO01--LO001--CO6--SL001--PX32500--PW0100--IN0020--TM250--X014463--Y047049--Z211270--T2940014817,4168.0,6692.0,454.9604614807105,126.15375111029743,75.77682004924738,0.4468267581475129,0.7994967851893908,0.6228332337118948,118.1905241548577,0.3247495107961686,0.023268702947763162,0.004502772239889054,0.003226180632878959,1.2258291245296216e-05,0.00012619111272135083,9.655497110877534e-07,88.0,106.0,0.8301886792452831
WE00049---E001--PO01--LO001--CO6--SL001--PX32500--PW0100--IN0020--TM254--X014463--Y047049--Z215973--T2928007899.png,WE00049---E001--PO01--LO001--CO6--SL001--PX32500--PW0100--IN0020--TM254--X014463--Y047049--Z215973--T2928007899,WE00049---E001--PO01--LO001--CO6--SL001--PX32500--PW0100--IN0020--TM254--X014463--Y047049--Z215973--T2928007899,3461.0,7230.0,440.91883092036784,138.257545781465,71.65408922431327,0.38778711484593836,0.8552198974231952,0.4786998616874136,117.33712115098103,0.4379055451473516,0.06374166389756263,0.00987615757673075,0.006802618859944993,3.307627248137909e-05,-0.0005759840369830528,-4.488796555750763e-05,85.0,105.0,0.8095238095238095
WE00049---E001--PO01--LO001--CO6--SL001--PX32500--PW0100--IN0020--TM266--X014463--Y047049--Z209383--T2845785749.png,WE00049---E001--PO01--LO001--CO6--SL001--PX32500--PW0100--IN0020--TM266--X014463--Y047049--Z209383--T2845785749,WE00049---E001--PO01--LO001--CO6--SL001--PX32500--PW0100--IN0020--TM266--X014463--Y047049--Z209383--T2845785749,3100.0,5509.0,384.7766952966369,105.82872108560406,75.39682643911412,0.45925925925925926,0.7017309931788628,0.5627155563623162,92.64987857520376,0.34041128313920305,0.012363273351818265,0.005217357173693988,0.004927371591874002,2.2687939525016666e-05,8.718117864508132e-05,1.0460317227244707e-05,90.0,75.0,1.2
WE00049---E001--PO01--LO001--CO6--SL001--PX32500--PW0100--IN0020--TM280--X014463--Y047049--Z211075--T2853916868.png,WE00049---E001--PO01--LO001--CO6--SL001--PX32500--PW0100--IN0020--TM280--X014463--Y047049--Z211075--T2853916868,WE00049---E001--PO01--LO001--CO6--SL001--PX32500--PW0100--IN0020--TM280--X014463--Y047049--Z211075--T2853916868,4656.0,6290.0,539.1787155501902,254.50874045991344,32.26273133061979,0.4401588201928531,0.9919328120708424,0.7402225755166931,246.73264883269908,0.8834780767209426,0.7319373748850291,0.3514776441774604,0.31332495117576786,0.1039779395250513,0.2680404460701337,-7.645719506377616e-05,246.0,43.0,5.72093023255814
WE00049---E001--PO01--LO001--CO6--SL001--PX32500--PW0100--IN0020--TM280--X014463--Y047049--Z211286--T2675796509.png,WE00049---E001--PO01--LO001--CO6--SL001--PX32500--PW0100--IN0020--TM280--X014463--Y047049--Z211286--T2675796509,WE00049---E001--PO01--LO001--CO6--SL001--PX32500--PW0100--IN0020--TM280--X014463--Y047049--Z211286--T2675796509,3072.0,5900.0,376.3330444827409,121.50799637858967,63.5142314709479,0.3585434173669468,0.8525065908573143,0.5206779661016949,107.0420478129973,0.38245139126148486,0.04765714608289089,0.018878945021868866,0.008755004661476554,8.143872580892564e-05,0.00018612711830845054,7.76972721674572e-05,102.0,84.0,1.2142857142857142
WE00049---E001--PO01--LO001--CO6--SL001--PX32500--PW0100--IN0020--TM280--X014463--Y047049--Z217861--T2338442855.png,WE00049---E001--PO01--LO001--CO6--SL001--PX32500--PW0100--IN0020--TM280--X014463--Y047049--Z217861--T2338442855,WE00049---E001--PO01--LO001--CO6--SL001--PX32500--PW0100--IN0020--TM280--X014463--Y047049--Z217861--T2338442855,2927.0,5458.0,362.43354954612926,127.66157829401529,59.20771156995169,0.31534152122387415,0.8859470180720286,0.5362770245511176,114.63420083029322,0.42285257263985276,0.07460817729739275,0.03622888823204032,0.014426531690050603,0.00028023294707686544,0.0016118155499549847,0.00017391788331933778,91.0,102.0,0.8921568627450981
WE00049---E001--PO01--LO001--CO6--SL001--PX32500--PW0100--IN0020--TM281--X014463--Y047049--Z212639--T2363525463.png,WE00049---E001--PO01--LO001--CO6--SL001--PX32500--PW0100--IN0020--TM281--X014463--Y047049--Z212639--T2363525463,WE00049---E001--PO01--LO001--CO6--SL001--PX32500--PW0100--IN0020--TM281--X014463--Y047049--Z212639--T2363525463,4776.0,7283.0,475.2203461105328,205.094266043032,49.78101892846844,0.42381755257786846,0.9700957306359839,0.6557737196210353,193.6620768245554,0.5828858852764671,0.26835138818874504,0.11320903030482693,0.07127386848249982,0.006366905564827453,0.03433249236737679,-0.0006722804684612378,191.0,59.0,3.23728813559322
WE00049---E001--PO01--LO001--CO6--SL001--PX32500--PW0100--IN0020--TM282--X014463--Y047049--Z211081--T2689844434.png,WE00049---E001--PO01--LO001--CO6--SL001--PX32500--PW0100--IN0020--TM282--X014463--Y047049--Z211081--T2689844434,WE00049---E001--PO01--LO001--CO6--SL001--PX32500--PW0100--IN0020--TM282--X014463--Y047049--Z211081--T2689844434,3967.0,5889.0,521.2436867076458,240.00690684391694,31.217341590665892,0.38762947039280826,0.9915050084639934,0.673628799456614,238.47222060441337,0.9228925785980109,0.7959948219332268,0.5162322642829534,0.4634290015968445,0.22667088046901976,0.4133203301349735,-0.0006254970919860083,238.0,43.0,5.534883720930233
WE00049---E001--PO01--LO001--CO6--SL001--PX32500--PW0100--IN0020--TM283--X014463--Y047049--Z212737--T2353017552.png,WE00049---E001--PO01--LO001--CO6--SL001--PX32500--PW0100--IN0020--TM283--X014463--Y047049--Z212737--T2353017552,WE00049---E001--PO01--LO001--CO6--SL001--PX32500--PW0100--IN0020--TM283--X014463--Y047049--Z212737--T2353017552,2988.0,3199.0,249.58073580374355,99.41407439620586,39.63515146211182,0.7186147186147186,0.9170868311550615,0.9340418880900281,100.12991560967181,0.23958549655871192,0.030229584004054892,0.0008000933960473901,0.0002616503266630196,1.1922577254470045e-07,4.4469656760379354e-05,1.0823135110706872e-08,99.0,42.0,2.357142857142857
WE00049---E001--PO01--LO001--CO6--SL001--PX32500--PW0100--IN0020--TM284--X014463--Y047049--Z217653--T2862533492.png,WE00049---E001--PO01--LO001--CO6--SL001--PX32500--PW0100--IN0020--TM284--X014463--Y047049--Z217653--T2862533492,WE00049---E001--PO01--LO001--CO6--SL001--PX32500--PW0100--IN0020--TM284--X014463--Y047049--Z217653--T2862533492,2882.0,5989.0,381.49852070358486,129.23703400103523,62.29349696461944,0.30336842105263156,0.876165909798751,0.48121556186341624,112.92918134831227,0.4463630014197125,0.07731529496735957,0.026586337277397558,0.017160238947859653,0.0003397050412766794,0.0017595331204786197,-0.00013765045868980772,100.0,95.0,1.0526315789473684
WE00050---E002--PO01--LO001--CO6--SL001--PX32500--PW0100--IN0020--TM250--X023472--Y047049--Z210270--T2940094509.png,WE00050---E002--PO01--LO001--CO6--SL001--PX32500--PW0100--IN0020--TM250--X023472--Y047049--Z210270--T2940094509,WE00050---E002--PO01--LO001--CO6--SL001--PX32500--PW0100--IN0020--TM250--X023472--Y047049--Z210270--T2940094509,3262.0,6351.0,386.61731573020285,124.58181841266563,68.22239361531355,0.3752876208007363,0.8367329452508189,0.5136199023775784,110.67971810589327,0.3865520476243326,0.04334692157652106,0.018285098496906505,0.01287634108142715,0.00017700226154293867,0.0010933887803945838,-8.778977927813506e-05,106.0,82.0,1.2926829268292683
WE00050---E002--PO01--LO001--CO6--SL001--PX32500--PW0100--IN0020--TM254--X023472--Y047049--Z210173--T2928086171.png,WE00050---E002--PO01--LO001--CO6--SL001--PX32500--PW0100--IN0020--TM254--X023472--Y047049--Z210173--T2928086171,WE00050---E002--PO01--LO001--CO6--SL001--PX32500--PW0100--IN0020--TM254--X023472--Y047049--Z210173--T2928086171,3267.0,6324.0,447.10259710444143,114.55857145940941,82.88569825502552,0.4041316180108857,0.6903008509324277,0.5166034155597723,97.94896630388705,0.3824935963813083,0.014312838079808335,0.003019878515331473,0.004033447583163663,8.094863903982072e-06,-0.0002245388785065018,-1.1516701980544775e-05,94.0,86.0,1.0930232558139534
WE00050---E002--PO01--LO001--CO6--SL001--PX32500--PW0100--IN0020--TM266--X023472--Y047049--Z213783--T2845865353.png,WE00050---E002--PO01--LO001--CO6--SL001--PX32500--PW0100--IN0020--TM266--X023472--Y047049--Z213783--T2845865353,WE00050---E002--PO01--LO001--CO6--SL001--PX32500--PW0100--IN0020--TM266--X023472--Y047049--Z213783--T2845865353,3194.0,7058.0,401.50461735799473,144.22850218237429,67.15220938340781,0.26885521885521885,0.8849973969832269,0.4525361292150751,126.65701717630967,0.4952896068183348,0.10163950887751458,0.05489985820864924,0.022330574607099248,0.0005734568222629801,0.0006862465907425332,0.0005314795665604351,108.0,110.0,0.9818181818181818
WE00050---E002--PO01--LO001--CO6--SL001--PX32500--PW0100--IN0020--TM280--X023472--Y047049--Z210075--T2853997309.png,WE00050---E002--PO01--LO001--CO6--SL001--PX32500--PW0100--IN0020--TM280--X023472--Y047049--Z210075--T2853997309,WE00050---E002--PO01--LO001--CO6--SL001--PX32500--PW0100--IN0020--TM280--X023472--Y047049--Z210075--T2853997309,4055.0,6415.0,547.4152595828996,251.83113713348553,32.032183720597786,0.3712689983519502,0.9918774644235916,0.6321122369446609,254.04920783186867,0.9932950435242682,0.9248006286348853,0.6344287582953667,0.5726771430865505,0.3451821191292633,0.5498146325738531,-0.0020839490793393986,254.0,43.0,5.906976744186046
WE00050---E002--PO01--LO001--CO6--SL001--PX32500--PW0100--IN0020--TM280--X023472--Y047049--Z210086--T2675876979.png,WE00050---E002--PO01--LO001--CO6--SL001--PX32500--PW0100--IN0020--TM280--X023472--Y047049--Z210086--T2675876979,WE00050---E002--PO01--LO001--CO6--SL001--PX32500--PW0100--IN0020--TM280--X023472--Y047049--Z210086--T2675876979,3280.0,4344.0,280.2081528017131,105.83503252450167,49.275827225094126,0.513302034428795,0.8850000683885048,0.7550644567219152,96.74709297958259,0.2597020056817769,0.027944951145748936,0.003319827656853791,0.0005578353089903834,-1.0257629601128938e-07,-5.036383299844918e-05,-7.521689252536997e-07,90.0,71.0,1.267605633802817
WE00050---E002--PO01--LO001--CO6--SL001--PX32500--PW0100--IN0020--TM280--X023472--Y047049--Z210461--T2338524147.png,WE00050---E002--PO01--LO001--CO6--SL001--PX32500--PW0100--IN0020--TM280--X023472--Y047049--Z210461--T2338524147,WE00050---E002--PO01--LO001--CO6--SL001--PX32500--PW0100--IN0020--TM280--X023472--Y047049--Z210461--T2338524147,4080.0,5708.0,342.19090885900994,136.2663019433539,52.38770863847493,0.5680868838763575,0.9231454221360204,0.7147862648913805,127.57742747053649,0.32648555547958086,0.05875895588267916,0.0100997873630991,0.002611846632487704,8.143541756433e-06,0.00016163344108109198,1.0659931241116423e-05,126.0,57.0,2.210526315789474
WE00050---E002--PO01--LO001--CO6--SL001--PX32500--PW0100--IN0020--TM282--X023472--Y047049--Z211039--T2363606875.png,WE00050---E002--PO01--LO001--CO6--SL001--PX32500--PW0100--IN0020--TM282--X023472--Y047049--Z211039--T2363606875,WE00050---E002--PO01--LO001--CO6--SL001--PX32500--PW0100--IN0020--TM282--X023472--Y047049--Z211039--T2363606875,3632.0,4219.0,295.27922061357856,123.78562712071448,41.46202612378423,0.6208547008547008,0.9422358162458755,0.8608675041479024,119.05040949110591,0.2932609631738355,0.05480089789422127,0.0031678916541935335,0.0012094203562249245,2.2558462079345197e-06,0.00023569886714894993,7.17781095406337e-07,117.0,50.0,2.34
WE00050---E002--PO01--LO001--CO6--SL001--PX32500--PW0100--IN0020--TM282--X023472--Y047049--Z221881--T2689924210.png,WE00050---E002--PO01--LO001--CO6--SL001--PX32500--PW0100--IN0020--TM282--X023472--Y047049--Z221881--T2689924210,WE00050---E002--PO01--LO001--CO6--SL001--PX32500--PW0100--IN0020--TM282--X023472--Y047049--Z221881--T2689924210,2547.0,3645.0,414.3330444827409,190.45696539321654,20.62182003253159,0.20892461652038388,0.9941209280825192,0.6987654320987654,175.20844728494114,0.9005475836338585,0.7738315855318063,0.154312655937765,0.13782543779578885,0.02009972294954772,0.1210815017901544,-9.423315150660673e-05,167.0,73.0,2.287671232876712
WE00050---E002--PO01--LO001--CO6--SL001--PX32500--PW0100--IN0020--TM283--X023472--Y047049--Z210337--T2353097899.png,WE00050---E002--PO01--LO001--CO6--SL001--PX32500--PW0100--IN0020--TM283--X023472--Y047049--Z210337--T2353097899,WE00050---E002--PO01--LO001--CO6--SL001--PX32500--PW0100--IN0020--TM283--X023472--Y047049--Z210337--T2353097899,4336.0,6087.0,446.0904037956216,192.52569737696737,38.744944153858135,0.4933439526681079,0.9795408208052622,0.7123377690159356,187.9627622695517,0.5559172458483223,0.26280066833166565,0.08354584923269229,0.06710219524330698,0.005022563855021189,0.033822022244640856,-0.00012848787772218925,187.0,47.0,3.978723404255319
WE00050---E002--PO01--LO001--CO6--SL001--PX32500--PW0100--IN0020--TM284--X023472--Y047049--Z218653--T2862606868.png,WE00050---E002--PO01--LO001--CO6--SL001--PX32500--PW0100--IN0020--TM284--X023472--Y047049--Z218653--T2862606868,WE00050---E002--PO01--LO001--CO6--SL001--PX32500--PW0100--IN0020--TM284--X023472--Y047049--Z218653--T2862606868,2478.0,4701.0,367.74725804511405,100.56468493668308,64.71684633220698,0.35572782084409993,0.765417089247522,0.5271218889597958,86.83317338436964,0.3607124206921113,0.022332227189839852,0.004193486562139201,0.0048136097664173115,2.1275434354699644e-05,0.00010066118708959267,-3.883039652540574e-06,81.0,86.0,0.9418604651162791
WE00051---E003--PO01--LO001--CO6--SL001--PX32500--PW0100--IN0020--TM250--X032481--Y047049--Z209270--T2940174181.png,WE00051---E003--PO01--LO001--CO6--SL001--PX32500--PW0100--IN0020--TM250--X032481--Y047049--Z209270--T2940174181,WE00051---E003--PO01--LO001--CO6--SL001--PX32500--PW0100--IN0020--TM250--X032481--Y047049--Z209270--T2940174181,3999.0,6131.0,399.8061325481598,179.32883406189612,39.460512796355395,0.3509126009126009,0.9754895969611681,0.6522590115804926,160.9751533622503,0.5269436546035009,0.2287432539670813,0.0301658007851065,0.02491505401493091,0.0006816763845165413,0.01120789464840443,4.323923595742096e-05,154.0,74.0,2.081081081081081
WE00051---E003--PO01--LO001--CO6--SL001--PX32500--PW0100--IN0020--TM254--X032481--Y047049--Z209373--T2928164764.png,WE00051---E003--PO01--LO001--CO6--SL001--PX32500--PW0100--IN0020--TM254--X032481--Y047049--Z209373--T2928164764,WE00051---E003--PO01--LO001--CO6--SL001--PX32500--PW0100--IN0020--TM254--X032481--Y047049--Z209373--T2928164764,4416.0,8968.0,501.2447327281723,146.1775598576805,108.01733344802362,0.39655172413793105,0.6737645767877225,0.49241748438893845,118.68024266911489,0.4675558102803342,0.01884765978029543,0.033637643196014,0.006245679227173961,5.482832562868279e-05,-0.00011826555837234618,-7.203575230994512e-05,116.0,96.0,1.2083333333333333
WE00051---E003--PO01--LO001--CO6--SL001--PX32500--PW0100--IN0020--TM266--X032481--Y047049--Z212383--T2845944994.png,WE00051---E003--PO01--LO001--CO6--SL001--PX32500--PW0100--IN0020--TM266--X032481--Y047049--Z212383--T2845944994,WE00051---E003--PO01--LO001--CO6--SL001--PX32500--PW0100--IN0020--TM266--X032481--Y047049--Z212383--T2845944994,2437.0,3777.0,292.8772003600252,89.53080247426585,52.33173738535079,0.433321479374111,0.8113857963143619,0.6452210749271909,79.30952023559341,0.2758097899429455,0.018316752977970953,0.003958755601063662,0.001226284062644479,6.987023536167744e-08,-4.689352113309025e-05,2.700975901873431e-06,76.0,74.0,1.027027027027027
WE00051---E003--PO01--LO001--CO6--SL001--PX32500--PW0100--IN0020--TM280--X032481--Y047049--Z210261--T2338605558.png,WE00051---E003--PO01--LO001--CO6--SL001--PX32500--PW0100--IN0020--TM280--X032481--Y047049--Z210261--T2338605558,WE00051---E003--PO01--LO001--CO6--SL001--PX32500--PW0100--IN0020--TM280--X032481--Y047049--Z210261--T2338605558,2898.0,3401.0,249.27922061357853,96.124704133261,43.28851854868637,0.6775777414075287,0.892858619617824,0.8521023228462217,92.57429448826494,0.23968803016836893,0.025236790313588865,0.002223100832029608,0.0002820452520759531,-2.6454202519662285e-08,-1.5581994607586312e-05,-2.217632134647274e-07,91.0,47.0,1.9361702127659575
WE00051---E003--PO01--LO001--CO6--SL001--PX32500--PW0100--IN0020--TM280--X032481--Y047049--Z210475--T2854077432.png,WE00051---E003--PO01--LO001--CO6--SL001--PX32500--PW0100--IN0020--TM280--X032481--Y047049--Z210475--T2854077432,WE00051---E003--PO01--LO001--CO6--SL001--PX32500--PW0100--IN0020--TM280--X032481--Y047049--Z210475--T2854077432,4430.0,6326.0,534.2081528017131,262.10225377825196,30.359538468066223,0.4520408163265306,0.9932689484286243,0.7002845399936769,245.13057744802055,0.9822135018571276,0.9143301459232671,0.4485564183339509,0.40713877699324064,0.1739872998768456,0.38891682883249173,0.0008086719358255928,245.0,40.0,6.125
WE00051---E003--PO01--LO001--CO6--SL001--PX32500--PW0100--IN0020--TM280--X032481--Y047049--Z211486--T2675957387.png,WE00051---E003--PO01--LO001--CO6--SL001--PX32500--PW0100--IN0020--TM280--X032481--Y047049--Z211486--T2675957387,WE00051---E003--PO01--LO001--CO6--SL001--PX32500--PW0100--IN0020--TM280--X032481--Y047049--Z211486--T2675957387,2775.0,4478.0,321.22034611053283,95.22594585526647,59.87460527079464,0.4787784679089027,0.7775965395671289,0.619696292987941,85.90692637965812,0.28497633153972096,0.015250093875778997,0.004821241948951015,0.0019995339695212996,2.1978329172932464e-06,-0.00011734226089275829,-5.806247513932989e-06,69.0,84.0,0.8214285714285714
WE00051---E003--PO01--LO001--CO6--SL001--PX32500--PW0100--IN0020--TM282--X032481--Y047049--Z209881--T2690003647.png,WE00051---E003--PO01--LO001--CO6--SL001--PX32500--PW0100--IN0020--TM282--X032481--Y047049--Z209881--T2690003647,WE00051---E003--PO01--LO001--CO6--SL001--PX32500--PW0100--IN0020--TM282--X032481--Y047049--Z209881--T2690003647,4490.0,5384.0,501.92997820866105,231.73910595828286,28.79582026325103,0.43985109717868337,0.9922497363625592,0.8339524517087668,233.23807579381202,0.7590786817229639,0.5416872706020716,0.13324365125707158,0.11991336227334315,0.015157297508234113,0.08804815092503782,-5.499031490066326e-05,232.0,44.0,5.2727272727272725
WE00051---E003--PO01--LO001--CO6--SL001--PX32500--PW0100--IN0020--TM282--X032481--Y047049--Z210239--T2363687910.png,WE00051---E003--PO01--LO001--CO6--SL001--PX32500--PW0100--IN0020--TM282--X032481--Y047049--Z210239--T2363687910,WE00051---E003--PO01--LO001--CO6--SL001--PX32500--PW0100--IN0020--TM282--X032481--Y047049--Z210239--T2363687910,3128.0,3787.0,280.208152801713,119.16825596946627,39.186654042336556,0.5569800569800569,0.9443875053540212,0.8259836282017428,111.32385189167684,0.3144314874887709,0.06404272607139334,0.006575169461652253,0.003137887046392723,1.4037204517056446e-05,0.0007507714625912619,-2.471405450665876e-06,108.0,52.0,2.076923076923077
WE00051---E003--PO01--LO001--CO6--SL001--PX32500--PW0100--IN0020--TM283--X032481--Y047049--Z212337--T2353178589.png,WE00051---E003--PO01--LO001--CO6--SL001--PX32500--PW0100--IN0020--TM283--X032481--Y047049--Z212337--T2353178589,WE00051---E003--PO01--LO001--CO6--SL001--PX32500--PW0100--IN0020--TM283--X032481--Y047049--Z212337--T2353178589,2821.0,5897.0,382.6761902332485,124.28138281906944,66.23435739357481,0.3421467556094603,0.846153858548081,0.4783788366966254,105.75916035975324,0.43940207849078095,0.06003099287997456,0.019309299652259818,0.009999058028166514,0.00010226624159316642,-0.00045377704976100515,-9.405030224158424e-05,85.0,97.0,0.8762886597938144
WE00051---E003--PO01--LO001--CO6--SL001--PX32500--PW0100--IN0020--TM284--X032481--Y047049--Z209453--T2862679963.png,WE00051---E003--PO01--LO001--CO6--SL001--PX32500--PW0100--IN0020--TM284--X032481--Y047049--Z209453--T2862679963,WE00051---E003--PO01--LO001--CO6--SL001--PX32500--PW0100--IN0020--TM284--X032481--Y047049--Z209453--T2862679963,3147.0,5339.0,407.1614716074871,101.58713140148738,81.33023944725025,0.45150645624103297,0.5992046626049152,0.5894362240119873,89.31965069345043,0.3363233459431626,0.0054152944159736125,0.002017922256426625,0.0033907428170133246,8.491044908002498e-06,0.00010397302336464785,-2.562909095454849e-06,82.0,85.0,0.9647058823529412
WE00052---E004--PO01--LO001--CO6--SL001--PX32500--PW0100--IN0020--TM250--X041490--Y047049--Z210670--T2940253280.png,WE00052---E004--PO01--LO001--CO6--SL001--PX32500--PW0100--IN0020--TM250--X041490--Y047049--Z210670--T2940253280,WE00052---E004--PO01--LO001--CO6--SL001--PX32500--PW0100--IN0020--TM250--X041490--Y047049--Z210670--T2940253280,3308.0,5412.0,370.6761902332486,110.35529698531681,68.8509808146322,0.43219231774235695,0.7815019342209808,0.6112342941611234,96.82974749528164,0.3196559313001498,0.019747949016412383,0.0069440651456227735,0.002739686122859201,6.034594874218536e-06,-0.00011158055354493673,-1.0314054584081236e-05,89.0,86.0,1.0348837209302326
WE00052---E004--PO01--LO001--CO6--SL001--PX32500--PW0100--IN0020--TM254--X041490--Y047049--Z210973--T2928244012.png,WE00052---E004--PO01--LO001--CO6--SL001--PX32500--PW0100--IN0020--TM254--X041490--Y047049--Z210973--T2928244012,WE00052---E004--PO01--LO001--CO6--SL001--PX32500--PW0100--IN0020--TM254--X041490--Y047049--Z210973--T2928244012,3461.0,5529.0,394.23253941935263,103.09299141350685,77.81400795777203,0.46257685110932906,0.6559614940511366,0.6259721468620003,89.05054744357274,0.3012710328127277,0.006820037896725192,0.002819238760087189,0.001596906506378538,9.149558653271131e-07,-6.587688586772067e-05,3.262454226651368e-06,86.0,87.0,0.9885057471264368
WE00052---E004--PO01--LO001--CO6--SL001--PX32500--PW0100--IN0020--TM266--X041490--Y047049--Z211783--T2846025025.png,WE00052---E004--PO01--LO001--CO6--SL001--PX32500--PW0100--IN0020--TM266--X041490--Y047049--Z211783--T2846025025,WE00052---E004--PO01--LO001--CO6--SL001--PX32500--PW0100--IN0020--TM266--X041490--Y047049--Z211783--T2846025025,2032.0,2496.0,223.52186130069785,80.05655222437717,37.703452617424276,0.5453569511540526,0.8821544407975691,0.8141025641025641,82.20097323024831,0.24085266650248488,0.02353307378094291,0.0027472501783178727,0.00042769344963960375,1.9357838192143555e-07,1.932952677821938e-06,-4.212563345198563e-07,81.0,46.0,1.7608695652173914
WE00052---E004--PO01--LO001--CO6--SL001--PX32500--PW0100--IN0020--TM280--X041490--Y047049--Z208686--T2676037894.png,WE00052---E004--PO01--LO001--CO6--SL001--PX32500--PW0100--IN0020--TM280--X041490--Y047049--Z208686--T2676037894,WE00052---E004--PO01--LO001--CO6--SL001--PX32500--PW0100--IN0020--TM280--X041490--Y047049--Z208686--T2676037894,3306.0,5895.0,363.747258045114,139.08809020938534,51.7280269182544,0.348,0.9282694402043287,0.5608142493638677,127.47548783981962,0.41631287066980044,0.09931396585738378,0.020385131632162372,0.009288210348546181,0.00010710160897822703,0.001010052368295232,-6.974158257452983e-05,125.0,76.0,1.644736842105263
WE00052---E004--PO01--LO001--CO6--SL001--PX32500--PW0100--IN0020--TM280--X041490--Y047049--Z211061--T2338687095.png,WE00052---E004--PO01--LO001--CO6--SL001--PX32500--PW0100--IN0020--TM280--X041490--Y047049--Z211061--T2338687095,WE00052---E004--PO01--LO001--CO6--SL001--PX32500--PW0100--IN0020--TM280--X041490--Y047049--Z211061--T2338687095,2844.0,3218.0,243.17871555019022,96.88891012741006,41.04865486959032,0.5114188095666247,0.9058179119497427,0.8837787445618397,94.30270409696638,0.24332922319532535,0.02865238318608737,0.002316410142679136,0.000517334968424647,4.47788426418629e-07,5.0059184973124846e-05,3.467119235082325e-07,67.0,83.0,0.8072289156626506
WE00052---E004--PO01--LO001--CO6--SL001--PX32500--PW0100--IN0020--TM280--X041490--Y047049--Z215075--T2854157395.png,WE00052---E004--PO01--LO001--CO6--SL001--PX32500--PW0100--IN0020--TM280--X041490--Y047049--Z215075--T2854157395,WE00052---E004--PO01--LO001--CO6--SL001--PX32500--PW0100--IN0020--TM280--X041490--Y047049--Z215075--T2854157395,4812.0,6154.0,526.5512985522207,255.59229393784722,28.52170631221027,0.5681227863046044,0.9937542604894404,0.7819304517387066,242.0743687382041,0.8590620902349708,0.7021272601814409,0.18129718040854398,0.16517559983622263,0.028583353475331245,0.13825242691192052,6.673948249996979e-05,242.0,35.0,6.914285714285715
WE00052---E004--PO01--LO001--CO6--SL001--PX32500--PW0100--IN0020--TM282--X041490--Y047049--Z209081--T2690083621.png,WE00052---E004--PO01--LO001--CO6--SL001--PX32500--PW0100--IN0020--TM282--X041490--Y047049--Z209081--T2690083621,WE00052---E004--PO01--LO001--CO6--SL001--PX32500--PW0100--IN0020--TM282--X041490--Y047049--Z209081--T2690083621,4234.0,5079.0,484.63455967290594,221.14818457805077,28.527743064569403,0.3597281223449448,0.9916448128523718,0.8336286670604449,218.27734651126764,0.7339447281903299,0.5039836175661674,0.11106473086736265,0.09904252937205955,0.01038759405702347,0.0702303286479206,-5.321780803897898e-05,214.0,55.0,3.890909090909091
WE00052---E004--PO01--LO001--CO6--SL001--PX32500--PW0100--IN0020--TM282--X041490--Y047049--Z209239--T2363768887.png,WE00052---E004--PO01--LO001--CO6--SL001--PX32500--PW0100--IN0020--TM282--X041490--Y047049--Z209239--T2363768887,WE00052---E004--PO01--LO001--CO6--SL001--PX32500--PW0100--IN0020--TM282--X041490--Y047049--Z209239--T2363768887,3179.0,5991.0,399.39801564019655,107.37755005138847,74.67196029023552,0.37971810797897754,0.7186083499801859,0.5306292772492072,96.93296652842108,0.33630544016642305,0.013702568411274539,0.004692087209540183,0.005487945797706036,2.12028858270977e-05,-1.9757287072218547e-05,1.805442107981911e-05,92.0,91.0,1.010989010989011
WE00052---E004--PO01--LO001--CO6--SL001--PX32500--PW0100--IN0020--TM282--X041490--Y047049--Z213937--T2353258899.png,WE00052---E004--PO01--LO001--CO6--SL001--PX32500--PW0100--IN0020--TM282--X041490--Y047049--Z213937--T2353258899,WE00052---E004--PO01--LO001--CO6--SL001--PX32500--PW0100--IN0020--TM282--X041490--Y047049--Z213937--T2353258899,3375.0,6403.0,442.9604614807105,126.88596310538222,74.55839732660226,0.37972547254725475,0.8091503800635091,0.5270966734343276,111.01801655587259,0.40109263416836866,0.03810515846469291,0.0052097425370090595,0.005099914750491543,2.4524575024802918e-05,-2.4472907263935358e-05,9.465100231998916e-06,88.0,101.0,0.8712871287128713
WE00052---E004--PO01--LO001--CO6--SL001--PX32500--PW0100--IN0020--TM284--X041490--Y047049--Z210253--T2862754310.png,WE00052---E004--PO01--LO001--CO6--SL001--PX32500--PW0100--IN0020--TM284--X041490--Y047049--Z210253--T2862754310,WE00052---E004--PO01--LO001--CO6--SL001--PX32500--PW0100--IN0020--TM284--X041490--Y047049--Z210253--T2862754310,2659.0,3798.0,303.0782104868019,132.79649805986452,36.60979581716774,0.4308864041484362,0.9612484794260331,0.7001053185887309,124.42668524074729,0.44601323445699315,0.1466940548655353,0.017517844025673954,0.0070677885764636374,7.12850786416007e-05,0.0014841726699327267,3.321623006184192e-05,121.0,51.0,2.372549019607843
WE00053---E005--PO01--LO001--CO6--SL001--PX32500--PW0100--IN0020--TM250--X050499--Y047049--Z219070--T2940332995.png,WE00053---E005--PO01--LO001--CO6--SL001--PX32500--PW0100--IN0020--TM250--X050499--Y047049--Z219070--T2940332995,WE00053---E005--PO01--LO001--CO6--SL001--PX32500--PW0100--IN0020--TM250--X050499--Y047049--Z219070--T2940332995,2590.0,4701.0,329.0782104868019,107.21897803371205,57.25632931108073,0.35190217391304346,0.8454762586458249,0.5509466071048713,99.80981915623332,0.35652018573292843,0.039323559977536955,0.021126062835330476,0.007405693591321067,6.354645760952936e-05,0.00023402497542700132,6.739740898523335e-05,80.0,92.0,0.8695652173913043
WE00053---E005--PO01--LO001--CO6--SL001--PX32500--PW0100--IN0020--TM254--X050499--Y047049--Z213373--T2928323136.png,WE00053---E005--PO01--LO001--CO6--SL001--PX32500--PW0100--IN0020--TM254--X050499--Y047049--Z213373--T2928323136,WE00053---E005--PO01--LO001--CO6--SL001--PX32500--PW0100--IN0020--TM254--X050499--Y047049--Z213373--T2928323136,3060.0,5301.0,368.77669529663683,96.69511226889327,74.91202537028416,0.4666768339179503,0.6322995369196249,0.5772495755517827,89.62700485902673,0.3055914273237739,0.00582943849648655,0.004075543813930263,0.0031458288034268292,8.715610288005574e-06,-0.00011239877144529292,7.135646485032593e-06,79.0,83.0,0.9518072289156626
WE00053---E005--PO01--LO001--CO6--SL001--PX32500--PW0100--IN0020--TM266--X050499--Y047049--Z217183--T2846104312.png,WE00053---E005--PO01--LO001--CO6--SL001--PX32500--PW0100--IN0020--TM266--X050499--Y047049--Z217183--T2846104312,WE00053---E005--PO01--LO001--CO6--SL001--PX32500--PW0100--IN0020--TM266--X050499--Y047049--Z217183--T2846104312,3353.0,6622.0,445.7888886054567,115.8506455071047,85.32796877784283,0.3921637426900585,0.6764002457928072,0.5063424947145877,98.48857801796105,0.3858901416672636,0.013100919759766457,0.003993058491936755,0.006770387576849381,2.6843579906017975e-05,-3.597818073356764e-05,-2.2773583064582598e-05,95.0,90.0,1.0555555555555556
WE00053---E005--PO01--LO001--CO6--SL001--PX32500--PW0100--IN0020--TM280--X050499--Y047049--Z209686--T2676118415.png,WE00053---E005--PO01--LO001--CO6--SL001--PX32500--PW0100--IN0020--TM280--X050499--Y047049--Z209686--T2676118415,WE00053---E005--PO01--LO001--CO6--SL001--PX32500--PW0100--IN0020--TM280--X050499--Y047049--Z209686--T2676118415,4018.0,4983.0,347.84776310850236,131.850552512074,43.92491527622747,0.39116043613707163,0.9428767774699589,0.8063415613084487,130.41855696180662,0.30042879510581977,0.0577946640620289,0.0034940059161180995,0.0015552330331984033,3.5271538753295762e-06,0.00030954277236355175,-8.382457678741672e-07,107.0,96.0,1.1145833333333333
WE00053---E005--PO01--LO001--CO6--SL001--PX32500--PW0100--IN0020--TM280--X050499--Y047049--Z210461--T2338768750.png,WE00053---E005--PO01--LO001--CO6--SL001--PX32500--PW0100--IN0020--TM280--X050499--Y047049--Z210461--T2338768750,WE00053---E005--PO01--LO001--CO6--SL001--PX32500--PW0100--IN0020--TM280--X050499--Y047049--Z210461--T2338768750,4481.0,5404.0,452.9188309203678,195.81580727774676,34.05342698224834,0.3432138480392157,0.9847623625133949,0.82920059215396,200.0,0.5509856375400439,0.2689842819035507,0.05809709498880762,0.04863975426481906,0.0025855635187654376,0.025205868394629682,1.669685142013694e-05,192.0,68.0,2.823529411764706
WE00053---E005--PO01--LO001--CO6--SL001--PX32500--PW0100--IN0020--TM280--X050499--Y047049--Z213675--T2854237599.png,WE00053---E005--PO01--LO001--CO6--SL001--PX32500--PW0100--IN0020--TM280--X050499--Y047049--Z213675--T2854237599,WE00053---E005--PO01--LO001--CO6--SL001--PX32500--PW0100--IN0020--TM280--X050499--Y047049--Z213675--T2854237599,4716.0,6233.0,540.8183258569795,256.62958084098005,28.82939036761854,0.2689018132056107,0.9936699926225226,0.7566180009626183,243.7580767892625,0.883824686063211,0.7426907246703562,0.23108581858453797,0.21010417755224015,0.0462953776387348,0.18088564426259374,0.00010168439526767048,237.0,74.0,3.2027027027027026
WE00053---E005--PO01--LO001--CO6--SL001--PX32500--PW0100--IN0020--TM281--X050499--Y047049--Z209239--T2363849545.png,WE00053---E005--PO01--LO001--CO6--SL001--PX32500--PW0100--IN0020--TM281--X050499--Y047049--Z209239--T2363849545,WE00053---E005--PO01--LO001--CO6--SL001--PX32500--PW0100--IN0020--TM281--X050499--Y047049--Z209239--T2363849545,2841.0,5214.0,364.6345596729059,106.80103690740027,66.35096109120937,0.4230826507818317,0.7836063639733667,0.5448791714614499,94.92101980067429,0.34778492437132735,0.023741669860507415,0.006081242138303976,0.004101189168697967,1.4963131426944362e-05,-0.0002517911101659108,1.3985520506479822e-05,79.0,85.0,0.9294117647058824
WE00053---E005--PO01--LO001--CO6--SL001--PX32500--PW0100--IN0020--TM282--X050499--Y047049--Z210681--T2690164315.png,WE00053---E005--PO01--LO001--CO6--SL001--PX32500--PW0100--IN0020--TM282--X050499--Y047049--Z210681--T2690164315,WE00053---E005--PO01--LO001--CO6--SL001--PX32500--PW0100--IN0020--TM282--X050499--Y047049--Z210681--T2690164315,4505.0,5679.0,508.5512985522207,243.02282484473915,28.06417759774025,0.5686695278969958,0.9933098524328109,0.7932734636379645,233.4823333787805,0.8302953865115742,0.6535783769925531,0.1681199447529726,0.15371634504076234,0.024710762126753372,0.12414107232250603,-9.996409439212359e-05,233.0,34.0,6.852941176470588
WE00053---E005--PO01--LO001--CO6--SL001--PX32500--PW0100--IN0020--TM282--X050499--Y047049--Z213937--T2353338954.png,WE00053---E005--PO01--LO001--CO6--SL001--PX32500--PW0100--IN0020--TM282--X050499--Y047049--Z213937--T2353338954,WE00053---E005--PO01--LO001--CO6--SL001--PX32500--PW0100--IN0020--TM282--X050499--Y047049--Z213937--T2353338954,2767.0,3062.0,237.3797256769669,92.5372976582339,40.10374486096408,0.5270476190476191,0.9012116420414514,0.9036577400391901,92.00543462209176,0.22974931807376853,0.02467835123533728,0.0008567122579725497,0.00023316686741046332,1.0099531359652529e-07,3.365436483040476e-05,-2.5692185756319886e-08,75.0,70.0,1.0714285714285714
WE00053---E005--PO01--LO001--CO6--SL001--PX32500--PW0100--IN0020--TM283--X050499--Y047049--Z210765--T2344691282.png,WE00053---E005--PO01--LO001--CO6--SL001--PX32500--PW0100--IN0020--TM283--X050499--Y047049--Z210765--T2344691282,WE00053---E005--PO01--LO001--CO6--SL001--PX32500--PW0100--IN0020--TM283--X050499--Y047049--Z210765--T2344691282,4476.0,5451.0,456.9188309203678,204.00392390304552,35.10320913015983,0.3027597402597403,0.9850845073966225,0.8211337369290038,200.5691900566984,0.5983276957533975,0.31800058450221036,0.08878274162069036,0.07292335401392104,0.005867363577503887,0.04106107023214964,-5.801413099812023e-05,192.0,77.0,2.4935064935064934
WE00053---E005--PO01--LO001--CO6--SL001--PX32500--PW0100--IN0020--TM284--X050499--Y047049--Z221653--T2862828081.png,WE00053---E005--PO01--LO001--CO6--SL001--PX32500--PW0100--IN0020--TM284--X050499--Y047049--Z221653--T2862828081,WE00053---E005--PO01--LO001--CO6--SL001--PX32500--PW0100--IN0020--TM284--X050499--Y047049--Z221653--T2862828081,3292.0,6215.0,401.6467529817257,112.95270682413133,76.36798773775945,0.3768315018315018,0.7368044904055961,0.5296862429605792,101.04454463255303,0.352946224369926,0.0172916329890073,0.011047454688433272,0.008259357928738059,6.858797632024654e-05,0.00021204486713321678,3.8988986256399906e-05,96.0,91.0,1.054945054945055
WE00054---E006--PO01--LO001--CO6--SL001--PX32500--PW0100--IN0020--TM250--X059508--Y047049--Z209270--T2940412023.png,WE00054---E006--PO01--LO001--CO6--SL001--PX32500--PW0100--IN0020--TM250--X059508--Y047049--Z209270--T2940412023,WE00054---E006--PO01--LO001--CO6--SL001--PX32500--PW0100--IN0020--TM250--X059508--Y047049--Z209270--T2940412023,3107.0,5069.0,358.63455967290594,95.94246137240404,70.95572706743503,0.4799196787148594,0.6730846785533309,0.6129414085618465,86.28441342444185,0.2864433355701555,0.007037198010510918,0.0036239309293174295,0.00246824049361381,5.8543733788140664e-06,-5.093985344085414e-05,4.4966114706943355e-06,83.0,78.0,1.064102564102564
WE00054---E006--PO01--LO001--CO6--SL001--PX32500--PW0100--IN0020--TM254--X059508--Y047049--Z209373--T2928401968.png,WE00054---E006--PO01--LO001--CO6--SL001--PX32500--PW0100--IN0020--TM254--X059508--Y047049--Z209373--T2928401968,WE00054---E006--PO01--LO001--CO6--SL001--PX32500--PW0100--IN0020--TM254--X059508--Y047049--Z209373--T2928401968,4177.0,9415.0,509.77164466275354,227.30913686750316,71.38749055584908,0.2467801016188113,0.9494049079308775,0.44365374402549124,191.60375779195982,0.8493778057114962,0.48562892419648546,0.28974690430351946,0.14963691572539747,0.030346888926089513,0.0737227451225959,0.0070624455913023635,186.0,91.0,2.043956043956044
WE00054---E006--PO01--LO001--CO6--SL001--PX32500--PW0100--IN0020--TM266--X059508--Y047049--Z213183--T2846183900.png,WE00054---E006--PO01--LO001--CO6--SL001--PX32500--PW0100--IN0020--TM266--X059508--Y047049--Z213183--T2846183900,WE00054---E006--PO01--LO001--CO6--SL001--PX32500--PW0100--IN0020--TM266--X059508--Y047049--Z213183--T2846183900,2995.0,4669.0,381.5046173579947,83.9429653527683,76.82769228401033,0.49300411522633747,0.4029163334384817,0.6414649817948169,86.95401083331349,0.2702194435288531,0.0005698533448735385,0.0006659897046220448,0.0016452618419099817,1.642339462280367e-06,3.052457025320975e-05,5.18392668542766e-07,75.0,81.0,0.9259259259259259
WE00054---E006--PO01--LO001--CO6--SL001--PX32500--PW0100--IN0020--TM280--X059508--Y047049--Z209475--T2854318004.png,WE00054---E006--PO01--LO001--CO6--SL001--PX32500--PW0100--IN0020--TM280--X059508--Y047049--Z209475--T2854318004,WE00054---E006--PO01--LO001--CO6--SL001--PX32500--PW0100--IN0020--TM280--X059508--Y047049--Z209475--T2854318004,3846.0,4598.0,474.73506473629425,223.38380243145562,25.903894564455683,0.3359538784067086,0.9932537227526745,0.8364506307090039,216.31689716709604,0.8218170654956777,0.6400132979143471,0.15022716906509953,0.13532463847248347,0.019294626168363943,0.10810947896518457,-7.391098028379853e-05,212.0,54.0,3.925925925925926
WE00054---E006--PO01--LO001--CO6--SL001--PX32500--PW0100--IN0020--TM280--X059508--Y047049--Z210461--T2338850023.png,WE00054---E006--PO01--LO001--CO6--SL001--PX32500--PW0100--IN0020--TM280--X059508--Y047049--Z210461--T2338850023,WE00054---E006--PO01--LO001--CO6--SL001--PX32500--PW0100--IN0020--TM280--X059508--Y047049--Z210461--T2338850023,3004.0,5527.0,382.43354954612926,118.29894326107707,73.4061145206984,0.44702380952380955,0.7841956089046259,0.5435136602134973,98.2700361249552,0.40327683142712684,0.03206131000224655,0.014589878918693462,0.005879161260212274,4.1131841891707386e-05,-0.00018125838756060888,-3.56789572743673e-05,96.0,70.0,1.3714285714285714
WE00054---E006--PO01--LO001--CO6--SL001--PX32500--PW0100--IN0020--TM280--X059508--Y047049--Z211686--T2676199230.png,WE00054---E006--PO01--LO001--CO6--SL001--PX32500--PW0100--IN0020--TM280--X059508--Y047049--Z211686--T2676199230,WE00054---E006--PO01--LO001--CO6--SL001--PX32500--PW0100--IN0020--TM280--X059508--Y047049--Z211686--T2676199230,4175.0,6458.0,409.5462479183374,163.9717663366734,52.57037211424191,0.30035971223021585,0.9472125613393579,0.6464849798699288,158.02847844613325,0.4438680266436899,0.13041068319091104,0.03864956104747438,0.015235065282511274,0.0003418636775740653,0.0030895130782377577,0.0001407145642825568,139.0,100.0,1.39
WE00054---E006--PO01--LO001--CO6--SL001--PX32500--PW0100--IN0020--TM281--X059508--Y047049--Z209639--T2363930383.png,WE00054---E006--PO01--LO001--CO6--SL001--PX32500--PW0100--IN0020--TM281--X059508--Y047049--Z209639--T2363930383,WE00054---E006--PO01--LO001--CO6--SL001--PX32500--PW0100--IN0020--TM281--X059508--Y047049--Z209639--T2363930383,4237.0,5473.0,407.27922061357856,178.6231018667536,37.354892654208285,0.5319522912743252,0.9778885143535495,0.774164078202083,177.1383639983163,0.4912320115309779,0.20255874369445473,0.0529269668156279,0.040557748099057114,0.0018786551939918468,0.018124802241012844,4.075629081255207e-05,177.0,45.0,3.933333333333333
WE00054---E006--PO01--LO001--CO6--SL001--PX32500--PW0100--IN0020--TM282--X059508--Y047049--Z209737--T2353419281.png,WE00054---E006--PO01--LO001--CO6--SL001--PX32500--PW0100--IN0020--TM282--X059508--Y047049--Z209737--T2353419281,WE00054---E006--PO01--LO001--CO6--SL001--PX32500--PW0100--IN0020--TM282--X059508--Y047049--Z209737--T2353419281,2872.0,4929.0,354.0904037956216,145.3607698848826,47.825158880681066,0.40911680911680914,0.9443264084335371,0.5826739703793873,136.194713553794,0.5095969542890011,0.16813903934073088,0.044613664945971035,0.013394899883159457,0.0002561740804082718,0.0014336951592116478,0.00020395449578387674,135.0,52.0,2.5961538461538463
WE00054---E006--PO01--LO001--CO6--SL001--PX32500--PW0100--IN0020--TM282--X059508--Y047049--Z209881--T2690244922.png,WE00054---E006--PO01--LO001--CO6--SL001--PX32500--PW0100--IN0020--TM282--X059508--Y047049--Z209881--T2690244922,WE00054---E006--PO01--LO001--CO6--SL001--PX32500--PW0100--IN0020--TM282--X059508--Y047049--Z209881--T2690244922,3591.0,5210.0,508.19090885900994,225.55178501634865,30.99280053346196,0.2597280486040793,0.9905144224972584,0.6892514395393474,227.49505489130968,0.9021540206239227,0.7546707406944079,0.5439633751554889,0.4868264139157084,0.2505187324218221,0.4224233629756919,0.001297532878184779,223.0,62.0,3.596774193548387
WE00054---E006--PO01--LO001--CO6--SL001--PX32500--PW0100--IN0020--TM284--X059508--Y047049--Z209653--T2862901091.png,WE00054---E006--PO01--LO001--CO6--SL001--PX32500--PW0100--IN0020--TM284--X059508--Y047049--Z209653--T2862901091,WE00054---E006--PO01--LO001--CO6--SL001--PX32500--PW0100--IN0020--TM284--X059508--Y047049--Z209653--T2862901091,3156.0,5773.0,411.50461735799473,106.84610216212167,84.08643608758676,0.4171844018506279,0.6169702635833425,0.5466828338818639,91.92388155425118,0.3661006472027557,0.007405897714539027,0.00601139901237134,0.005286053199635825,2.8639639064569927e-05,0.00015650393056495214,8.226999580765321e-06,85.0,89.0,0.9550561797752809
WE00055---E007--PO01--LO001--CO6--SL001--PX32500--PW0100--IN0020--TM250--X068517--Y047049--Z210070--T2940491348.png,WE00055---E007--PO01--LO001--CO6--SL001--PX32500--PW0100--IN0020--TM250--X068517--Y047049--Z210070--T2940491348,WE00055---E007--PO01--LO001--CO6--SL001--PX32500--PW0100--IN0020--TM250--X068517--Y047049--Z210070--T2940491348,3101.0,5226.0,377.9898987322333,106.76131963308066,68.39693674347593,0.4321348940914158,0.7678307164919542,0.5933792575583621,94.92101980067429,0.324010809530955,0.01834316034284695,0.0034332305209267703,0.0031339433605606475,9.602050138782388e-06,7.825654632539461e-07,-3.6710543442096655e-06,92.0,78.0,1.1794871794871795
WE00055---E007--PO01--LO001--CO6--SL001--PX32500--PW0100--IN0020--TM254--X068517--Y047049--Z210573--T2928481050.png,WE00055---E007--PO01--LO001--CO6--SL001--PX32500--PW0100--IN0020--TM254--X068517--Y047049--Z210573--T2928481050,WE00055---E007--PO01--LO001--CO6--SL001--PX32500--PW0100--IN0020--TM254--X068517--Y047049--Z210573--T2928481050,3611.0,5454.0,391.747258045114,105.20653182364563,71.5529107105636,0.5177060931899642,0.7331021749061588,0.6620828749541621,94.36630754670864,0.2801895833826095,0.010600684427207649,0.0029587968383439247,0.001365870202554951,9.409746908930676e-07,-6.31571252995618e-05,2.5795507602278294e-06,75.0,93.0,0.8064516129032258
WE00055---E007--PO01--LO001--CO6--SL001--PX32500--PW0100--IN0020--TM267--X068517--Y047049--Z210183--T2846263124.png,WE00055---E007--PO01--LO001--CO6--SL001--PX32500--PW0100--IN0020--TM267--X068517--Y047049--Z210183--T2846263124,WE00055---E007--PO01--LO001--CO6--SL001--PX32500--PW0100--IN0020--TM267--X068517--Y047049--Z210183--T2846263124,2431.0,4045.0,300.0071426749364,105.49540365375898,51.99387677511412,0.38809067688378035,0.8701117820494816,0.6009888751545117,92.47702417357513,0.3556315151731616,0.04692718113986799,0.014752484046712666,0.00251884776505081,-2.852945681000113e-06,-0.00035300683435245274,1.5087118037186102e-05,87.0,72.0,1.2083333333333333
WE00055---E007--PO01--LO001--CO6--SL001--PX32500--PW0100--IN0020--TM280--X068517--Y047049--Z210261--T2338931506.png,WE00055---E007--PO01--LO001--CO6--SL001--PX32500--PW0100--IN0020--TM280--X068517--Y047049--Z210261--T2338931506,WE00055---E007--PO01--LO001--CO6--SL001--PX32500--PW0100--IN0020--TM280--X068517--Y047049--Z210261--T2338931506,3491.0,6009.0,376.73506473629425,136.95753667423398,62.90916699187335,0.4047536231884058,0.8882639553477423,0.580961890497587,124.48293055676348,0.4066694740669858,0.07020567819366394,0.01768291584974294,0.007524670474210788,8.011218776768632e-05,0.0004863296553610083,-3.340473639265749e-05,115.0,75.0,1.5333333333333334
WE00055---E007--PO01--LO001--CO6--SL001--PX32500--PW0100--IN0020--TM280--X068517--Y047049--Z210486--T2676279932.png,WE00055---E007--PO01--LO001--CO6--SL001--PX32500--PW0100--IN0020--TM280--X068517--Y047049--Z210486--T2676279932,WE00055---E007--PO01--LO001--CO6--SL001--PX32500--PW0100--IN0020--TM280--X068517--Y047049--Z210486--T2676279932,2967.0,4244.0,328.5279579551077,101.0345469049104,52.93157499325613,0.5232804232804232,0.8517823598279184,0.6991046182846371,90.44888059008801,0.274050625622414,0.02433991748887536,0.0017125732099141431,0.0010288287339525997,7.165300698738301e-07,3.184067745400869e-05,-1.1625759292345463e-06,90.0,63.0,1.4285714285714286
WE00055---E007--PO01--LO001--CO6--SL001--PX32500--PW0100--IN0020--TM280--X068517--Y047049--Z213275--T2854398467.png,WE00055---E007--PO01--LO001--CO6--SL001--PX32500--PW0100--IN0020--TM280--X068517--Y047049--Z213275--T2854398467,WE00055---E007--PO01--LO001--CO6--SL001--PX32500--PW0100--IN0020--TM280--X068517--Y047049--Z213275--T2854398467,4079.0,4840.0,479.58073580374355,229.6011910848745,26.692007264888602,0.587413594470046,0.9932195415493186,0.8427685950413223,224.32119828495925,0.8186622058013899,0.6349363536537108,0.1648435894276652,0.14998433957401483,0.023583273887190916,0.1194848622156836,4.5525990719010555e-05,224.0,31.0,7.225806451612903
WE00055---E007--PO01--LO001--CO6--SL001--PX32500--PW0100--IN0020--TM281--X068517--Y047049--Z211239--T2364010908.png,WE00055---E007--PO01--LO001--CO6--SL001--PX32500--PW0100--IN0020--TM281--X068517--Y047049--Z211239--T2364010908,WE00055---E007--PO01--LO001--CO6--SL001--PX32500--PW0100--IN0020--TM281--X068517--Y047049--Z211239--T2364010908,3401.0,3943.0,281.90663761154804,105.11036260591166,44.00067311387752,0.5320713391739674,0.908164241136907,0.8625412122749175,103.78824596263297,0.23861084169399693,0.02804054810398141,0.0008086758502339685,0.00022781450572222534,8.710323944163067e-08,2.2824005259719764e-05,-4.443379341392608e-08,94.0,68.0,1.3823529411764706
WE00055---E007--PO01--LO001--CO6--SL001--PX32500--PW0100--IN0020--TM282--X068517--Y047049--Z209881--T2690325079.png,WE00055---E007--PO01--LO001--CO6--SL001--PX32500--PW0100--IN0020--TM282--X068517--Y047049--Z209881--T2690325079,WE00055---E007--PO01--LO001--CO6--SL001--PX32500--PW0100--IN0020--TM282--X068517--Y047049--Z209881--T2690325079,4329.0,5933.0,479.37972567696687,223.6026985332137,31.452058674088395,0.4597005415737496,0.990057894614841,0.7296477330187089,219.3855054464629,0.7361313061066866,0.50065134773999,0.1537532104647803,0.13301477874428316,0.019021380496780274,0.09392124371199283,-0.00018213251849446806,219.0,43.0,5.093023255813954
WE00055---E007--PO01--LO001--CO6--SL001--PX32500--PW0100--IN0020--TM282--X068517--Y047049--Z211337--T2353499881.png,WE00055---E007--PO01--LO001--CO6--SL001--PX32500--PW0100--IN0020--TM282--X068517--Y047049--Z211337--T2353499881,WE00055---E007--PO01--LO001--CO6--SL001--PX32500--PW0100--IN0020--TM282--X068517--Y047049--Z211337--T2353499881,2938.0,7045.0,419.0071426749364,144.74095062621544,65.85712121904606,0.2580588493631972,0.8904914773000415,0.4170333569907736,133.06013678032951,0.5379319095354123,0.1248938931503651,0.0542800031870254,0.03417024749114357,0.001411386970503831,0.003469011634115605,-0.00041667338837900983,115.0,99.0,1.1616161616161615
WE00055---E007--PO01--LO001--CO6--SL001--PX32500--PW0100--IN0020--TM284--X068517--Y047049--Z212253--T2862974768.png,WE00055---E007--PO01--LO001--CO6--SL001--PX32500--PW0100--IN0020--TM284--X068517--Y047049--Z212253--T2862974768,WE00055---E007--PO01--LO001--CO6--SL001--PX32500--PW0100--IN0020--TM284--X068517--Y047049--Z212253--T2862974768,2964.0,5986.0,404.54015126392744,112.55903852320675,76.10118139784899,0.37031484257871067,0.736809747741921,0.49515536251252923,93.64827814754524,0.3892739322582881,0.02103519711803577,0.010862595787777303,0.006163822340811733,2.0627968407053103e-05,-0.00028965443890838303,4.602491435474132e-05,87.0,92.0,0.9456521739130435
WE00056---E008--PO01--LO001--CO6--SL001--PX32500--PW0100--IN0020--TM250--X077526--Y047049--Z210470--T2940570993.png,WE00056---E008--PO01--LO001--CO6--SL001--PX32500--PW0100--IN0020--TM250--X077526--Y047049--Z210470--T2940570993,WE00056---E008--PO01--LO001--CO6--SL001--PX32500--PW0100--IN0020--TM250--X077526--Y047049--Z210470--T2940570993,3316.0,4969.0,325.32085117392114,99.43064198255409,63.95179344920765,0.48764705882352943,0.7657150751841265,0.66733749245321,93.81364506296512,0.2634251441954344,0.011936603130960698,0.004953736170405123,0.0016892453483055,2.120955744264548e-06,-6.567325233594904e-05,-4.40230259046947e-06,85.0,80.0,1.0625
WE00056---E008--PO01--LO001--CO6--SL001--PX32500--PW0100--IN0020--TM254--X077526--Y047049--Z209973--T2928559697.png,WE00056---E008--PO01--LO001--CO6--SL001--PX32500--PW0100--IN0020--TM254--X077526--Y047049--Z209973--T2928559697,WE00056---E008--PO01--LO001--CO6--SL001--PX32500--PW0100--IN0020--TM254--X077526--Y047049--Z209973--T2928559697,3157.0,5700.0,434.8183258569795,100.84187094583493,86.23083323080287,0.4532012632787827,0.5184475760161386,0.553859649122807,91.2633551870629,0.34852786536931746,0.0029281535207616354,0.0003830134913439679,0.0026682599373337667,1.8732118528179858e-06,-9.090246393280758e-05,1.940920999694083e-06,86.0,81.0,1.0617283950617284
WE00056---E008--PO01--LO001--CO6--SL001--PX32500--PW0100--IN0020--TM267--X077526--Y047049--Z213783--T2846342502.png,WE00056---E008--PO01--LO001--CO6--SL001--PX32500--PW0100--IN0020--TM267--X077526--Y047049--Z213783--T2846342502,WE00056---E008--PO01--LO001--CO6--SL001--PX32500--PW0100--IN0020--TM267--X077526--Y047049--Z213783--T2846342502,3028.0,4752.0,372.19090885901,101.36267082558334,66.78327112896217,0.4211990541104465,0.7522702284586317,0.6372053872053872,98.08669634563088,0.30412806183082963,0.014403099906959727,0.0053932184022012376,0.004730336509064671,2.3364746840411778e-05,0.0005123454284276246,4.99413480905545e-06,79.0,91.0,0.8681318681318682
WE00056---E008--PO01--LO001--CO6--SL001--PX32500--PW0100--IN0020--TM280--X077526--Y047049--Z209461--T2339013418.png,WE00056---E008--PO01--LO001--CO6--SL001--PX32500--PW0100--IN0020--TM280--X077526--Y047049--Z209461--T2339013418,WE00056---E008--PO01--LO001--CO6--SL001--PX32500--PW0100--IN0020--TM280--X077526--Y047049--Z209461--T2339013418,3023.0,5881.0,372.5340546095176,132.18648164810378,55.44950242329628,0.2915702160493827,0.9077648680901693,0.5140282264920932,120.65239326262865,0.42482453790720354,0.08861870452556322,0.027130994277015805,0.011911715251682834,0.0001772721293279098,0.0005464871367551968,0.00012012408178080402,108.0,96.0,1.125
WE00056---E008--PO01--LO001--CO6--SL001--PX32500--PW0100--IN0020--TM280--X077526--Y047049--Z215075--T2854478261.png,WE00056---E008--PO01--LO001--CO6--SL001--PX32500--PW0100--IN0020--TM280--X077526--Y047049--Z215075--T2854478261,WE00056---E008--PO01--LO001--CO6--SL001--PX32500--PW0100--IN0020--TM280--X077526--Y047049--Z215075--T2854478261,4156.0,5510.0,481.37972567696687,225.94669003998655,31.390580529158207,0.47442922374429225,0.9903023238324791,0.7542649727767695,219.3855054464629,0.7825624892622614,0.5668969024410284,0.22393000406978705,0.19509894958274812,0.0407785673695307,0.14675523237919924,-0.00022441892459628375,219.0,40.0,5.475
WE00056---E008--PO01--LO001--CO6--SL001--PX32500--PW0100--IN0020--TM281--X077526--Y047049--Z210439--T2364091593.png,WE00056---E008--PO01--LO001--CO6--SL001--PX32500--PW0100--IN0020--TM281--X077526--Y047049--Z210439--T2364091593,WE00056---E008--PO01--LO001--CO6--SL001--PX32500--PW0100--IN0020--TM281--X077526--Y047049--Z210439--T2364091593,3152.0,4772.0,335.60512242138304,108.09221228746038,55.359371747588675,0.45601851851851855,0.8588963246870824,0.6605196982397318,98.2700361249552,0.2924450031227221,0.029209775321132524,0.003207646529268646,0.0018171850619867877,3.5631604293836627e-06,5.1870857283068945e-05,-2.5596514336079902e-06,96.0,72.0,1.3333333333333333
WE00056---E008--PO01--LO001--CO6--SL001--PX32500--PW0100--IN0020--TM281--X077526--Y047049--Z210686--T2676360878.png,WE00056---E008--PO01--LO001--CO6--SL001--PX32500--PW0100--IN0020--TM281--X077526--Y047049--Z210686--T2676360878,WE00056---E008--PO01--LO001--CO6--SL001--PX32500--PW0100--IN0020--TM281--X077526--Y047049--Z210686--T2676360878,3128.0,4423.0,333.32085117392114,95.65410967172167,64.11927554381163,0.543905407755173,0.7420682668752542,0.7072122993443364,87.20665112249179,0.2649654370474943,0.010134831246956789,0.0026919866950381607,0.0008148905714559353,2.9958563337579526e-07,-4.8866181377606025e-05,-1.1691666636816983e-06,81.0,71.0,1.1408450704225352
WE00056---E008--PO01--LO001--CO6--SL001--PX32500--PW0100--IN0020--TM282--X077526--Y047049--Z209937--T2353580407.png,WE00056---E008--PO01--LO001--CO6--SL001--PX32500--PW0100--IN0020--TM282--X077526--Y047049--Z209937--T2353580407,WE00056---E008--PO01--LO001--CO6--SL001--PX32500--PW0100--IN0020--TM282--X077526--Y047049--Z209937--T2353580407,2927.0,5658.0,364.5340546095176,122.18893819827602,63.00474762659022,0.331859410430839,0.8568090656427734,0.5173206079886886,108.07404868885037,0.40356454649625134,0.05477449286283788,0.02503752176785654,0.009674128143542153,0.0001102479554565216,-0.00023069816494619873,-0.0001025382876528438,98.0,90.0,1.0888888888888888
WE00056---E008--PO01--LO001--CO6--SL001--PX32500--PW0100--IN0020--TM282--X077526--Y047049--Z210681--T2690405067.png,WE00056---E008--PO01--LO001--CO6--SL001--PX32500--PW0100--IN0020--TM282--X077526--Y047049--Z210681--T2690405067,WE00056---E008--PO01--LO001--CO6--SL001--PX32500--PW0100--IN0020--TM282--X077526--Y047049--Z210681--T2690405067,3984.0,5202.0,490.936074863071,232.59703124642755,28.08533344837561,0.38011640110676465,0.9926833455741811,0.7658592848904268,225.28426487440262,0.8611032395136491,0.6994891577859151,0.25883098727694726,0.23272885498411378,0.05711881449557771,0.19439662940510985,0.0002541370586439731,223.0,47.0,4.74468085106383
WE00056---E008--PO01--LO001--CO6--SL001--PX32500--PW0100--IN0020--TM284--X077526--Y047049--Z211853--T2863048380.png,WE00056---E008--PO01--LO001--CO6--SL001--PX32500--PW0100--IN0020--TM284--X077526--Y047049--Z211853--T2863048380,WE00056---E008--PO01--LO001--CO6--SL001--PX32500--PW0100--IN0020--TM284--X077526--Y047049--Z211853--T2863048380,3280.0,5891.0,380.9838020778234,147.68040463786417,44.50767594874388,0.43386243386243384,0.9535046371801373,0.5567815311492107,140.69825869569246,0.4533238401745749,0.1427562331083694,0.03562677051646097,0.023197535432271283,0.0006576104751704623,0.006755927048297105,-0.00011083396103057691,140.0,54.0,2.5925925925925926
WE00057---E009--PO01--LO001--CO6--SL001--PX32500--PW0100--IN0020--TM250--X086535--Y047049--Z211470--T2940650010.png,WE00057---E009--PO01--LO001--CO6--SL001--PX32500--PW0100--IN0020--TM250--X086535--Y047049--Z211470--T2940650010,WE00057---E009--PO01--LO001--CO6--SL001--PX32500--PW0100--IN0020--TM250--X086535--Y047049--Z211470--T2940650010,2606.0,4197.0,326.2497833620557,84.30501473031259,66.1990584269678,0.4825925925925926,0.6192007192512754,0.6209197045508696,77.3692445355388,0.27555762771717474,0.004271207347544624,0.002079029883985905,0.0016530158088007391,2.09326223829391e-06,-7.061834184494197e-05,2.2380390627878144e-06,75.0,72.0,1.0416666666666667
WE00057---E009--PO01--LO001--CO6--SL001--PX32500--PW0100--IN0020--TM254--X086535--Y047049--Z212373--T2928638497.png,WE00057---E009--PO01--LO001--CO6--SL001--PX32500--PW0100--IN0020--TM254--X086535--Y047049--Z212373--T2928638497,WE00057---E009--PO01--LO001--CO6--SL001--PX32500--PW0100--IN0020--TM254--X086535--Y047049--Z212373--T2928638497,4085.0,7742.0,491.84776310850236,216.29576809018332,49.13913376885174,0.380141447980644,0.97385164087189,0.527641436321364,199.42417105255822,0.7527312386976049,0.46082836592310894,0.1672783991985901,0.08650674264679356,0.010077017353829154,0.04684625654402024,0.0025969342122224934,199.0,54.0,3.685185185185185
WE00057---E009--PO01--LO001--CO6--SL001--PX32500--PW0100--IN0020--TM267--X086535--Y047049--Z216583--T2846421995.png,WE00057---E009--PO01--LO001--CO6--SL001--PX32500--PW0100--IN0020--TM267--X086535--Y047049--Z216583--T2846421995,WE00057---E009--PO01--LO001--CO6--SL001--PX32500--PW0100--IN0020--TM267--X086535--Y047049--Z216583--T2846421995,2488.0,3510.0,276.0071426749364,104.44943321648388,46.26152720097577,0.5579726396052926,0.8965668878391579,0.7088319088319088,91.7877987534291,0.32781885546149886,0.04853046078845558,0.008470405821524606,0.0013823993573049457,-5.215250476375095e-08,-0.00015537922257223465,4.730161823238906e-06,91.0,49.0,1.8571428571428572
WE00057---E009--PO01--LO001--CO6--SL001--PX32500--PW0100--IN0020--TM280--X086535--Y047049--Z210675--T2854558182.png,WE00057---E009--PO01--LO001--CO6--SL001--PX32500--PW0100--IN0020--TM280--X086535--Y047049--Z210675--T2854558182,WE00057---E009--PO01--LO001--CO6--SL001--PX32500--PW0100--IN0020--TM280--X086535--Y047049--Z210675--T2854558182,4207.0,6547.0,557.6295090390225,253.58169823937348,32.80014253865238,0.17954079890747696,0.9915993347840931,0.6425843897968535,246.4000811688178,0.9712908104427233,0.8823310071573403,0.6014806964723708,0.5380342938975249,0.30607087475429134,0.5049919707700746,-0.0012769106502092953,232.0,101.0,2.297029702970297
WE00057---E009--PO01--LO001--CO6--SL001--PX32500--PW0100--IN0020--TM280--X086535--Y047049--Z211461--T2339095556.png,WE00057---E009--PO01--LO001--CO6--SL001--PX32500--PW0100--IN0020--TM280--X086535--Y047049--Z211461--T2339095556,WE00057---E009--PO01--LO001--CO6--SL001--PX32500--PW0100--IN0020--TM280--X086535--Y047049--Z211461--T2339095556,3003.0,4838.0,350.77669529663683,103.92008052220739,64.0727650250814,0.47833705001592863,0.7873094293153112,0.6207110376188507,91.60785992479029,0.31020442794083747,0.019410158422025835,0.005081655036400379,0.001893441777369925,1.228394824013728e-06,-0.00014409262562137118,-5.743381850423412e-06,86.0,73.0,1.178082191780822
WE00057---E009--PO01--LO001--CO6--SL001--PX32500--PW0100--IN0020--TM281--X086535--Y047049--Z210886--T2676441359.png,WE00057---E009--PO01--LO001--CO6--SL001--PX32500--PW0100--IN0020--TM281--X086535--Y047049--Z210886--T2676441359,WE00057---E009--PO01--LO001--CO6--SL001--PX32500--PW0100--IN0020--TM281--X086535--Y047049--Z210886--T2676441359,3332.0,4939.0,333.8061325481597,103.52776401146856,60.778967662817685,0.5214397496087637,0.8095297055830328,0.6746304920024296,94.33981132056604,0.2703346494480073,0.017358354169393464,0.004247333358443422,0.0013719078233998382,1.2435213584121847e-06,-6.76213021735092e-05,3.069322082502332e-06,90.0,71.0,1.267605633802817
WE00057---E009--PO01--LO001--CO6--SL001--PX32500--PW0100--IN0020--TM281--X086535--Y047049--Z211439--T2364172792.png,WE00057---E009--PO01--LO001--CO6--SL001--PX32500--PW0100--IN0020--TM281--X086535--Y047049--Z211439--T2364172792,WE00057---E009--PO01--LO001--CO6--SL001--PX32500--PW0100--IN0020--TM281--X086535--Y047049--Z211439--T2364172792,2847.0,5619.0,363.2203461105328,133.19773254062713,50.06952712971005,0.3083170890188434,0.9266587132652025,0.5066737853710624,122.58874336577564,0.44451601468557284,0.11185404196784329,0.022883501473080055,0.008832221901969365,9.330740561692969e-05,3.285853432150629e-05,-8.402453635440479e-05,114.0,81.0,1.4074074074074074
WE00057---E009--PO01--LO001--CO6--SL001--PX32500--PW0100--IN0020--TM281--X086535--Y047049--Z212937--T2353660195.png,WE00057---E009--PO01--LO001--CO6--SL001--PX32500--PW0100--IN0020--TM281--X086535--Y047049--Z212937--T2353660195,WE00057---E009--PO01--LO001--CO6--SL001--PX32500--PW0100--IN0020--TM281--X086535--Y047049--Z212937--T2353660195,3456.0,6752.0,416.6761902332486,136.90980960286527,83.30488207846615,0.3262531860662702,0.7935804035342895,0.5118483412322274,116.93160394008115,0.464482048314525,0.04557372976041485,0.04102367167632408,0.01031716950240186,0.000130789325928748,-0.000566086455664076,-0.00016717169375059238,107.0,99.0,1.0808080808080809
WE00057---E009--PO01--LO001--CO6--SL001--PX32500--PW0100--IN0020--TM282--X086535--Y047049--Z209681--T2690485048.png,WE00057---E009--PO01--LO001--CO6--SL001--PX32500--PW0100--IN0020--TM282--X086535--Y047049--Z209681--T2690485048,WE00057---E009--PO01--LO001--CO6--SL001--PX32500--PW0100--IN0020--TM282--X086535--Y047049--Z209681--T2690485048,4539.0,6153.0,524.5512985522207,257.61616905471294,29.371776790907855,0.4935841670291431,0.9934791756825739,0.7376889322281813,242.05164738129753,0.9257103964292982,0.8135180868816924,0.307428954084658,0.27935664747750844,0.08186648456717964,0.2516018956141502,-0.00038318625277210944,242.0,38.0,6.368421052631579
WE00057---E009--PO01--LO001--CO6--SL001--PX32500--PW0100--IN0020--TM284--X086535--Y047049--Z211053--T2863121689.png,WE00057---E009--PO01--LO001--CO6--SL001--PX32500--PW0100--IN0020--TM284--X086535--Y047049--Z211053--T2863121689,WE00057---E009--PO01--LO001--CO6--SL001--PX32500--PW0100--IN0020--TM284--X086535--Y047049--Z211053--T2863121689,2543.0,4134.0,352.5340546095176,89.9676518178231,69.80407206370735,0.4849351639969489,0.6308809211215071,0.6151427189163038,77.6659513557904,0.3186882336386231,0.0062690600703825,0.0022943524415748266,0.0013251150908300251,1.0237060366667487e-06,-6.0901582732236744e-05,2.071363477543726e-06,69.0,76.0,0.9078947368421053
WE00058---E010--PO01--LO001--CO6--SL001--PX32500--PW0100--IN0020--TM250--X095544--Y047049--Z209870--T2940729529.png,WE00058---E010--PO01--LO001--CO6--SL001--PX32500--PW0100--IN0020--TM250--X095544--Y047049--Z209870--T2940729529,WE00058---E010--PO01--LO001--CO6--SL001--PX32500--PW0100--IN0020--TM250--X095544--Y047049--Z209870--T2940729529,2509.0,2711.0,220.45079348883235,87.56867885432884,38.96744715307527,0.5341707472855014,0.8955340584444264,0.9254887495389156,85.88364221433555,0.2288445459824704,0.023468337850989587,0.0015931931234928506,0.0003527397296056952,2.644007023169817e-07,5.400159727262291e-05,-4.137714196069693e-09,77.0,61.0,1.2622950819672132
WE00058---E010--PO01--LO001--CO6--SL001--PX32500--PW0100--IN0020--TM254--X095544--Y047049--Z210973--T2928716740.png,WE00058---E010--PO01--LO001--CO6--SL001--PX32500--PW0100--IN0020--TM254--X095544--Y047049--Z210973--T2928716740,WE00058---E010--PO01--LO001--CO6--SL001--PX32500--PW0100--IN0020--TM254--X095544--Y047049--Z210973--T2928716740,4145.0,6707.0,393.32085117392114,132.96708112375887,73.55326083058684,0.3966507177033493,0.8330690915234071,0.6180110332488445,126.24579200908045,0.3481653625057993,0.03423036991796493,0.02344499668382988,0.006806691050389484,6.0042703817359176e-05,0.0002689200400891739,-6.155090227657907e-05,95.0,110.0,0.8636363636363636
WE00058---E010--PO01--LO001--CO6--SL001--PX32500--PW0100--IN0020--TM267--X095544--Y047049--Z218583--T2846502206.png,WE00058---E010--PO01--LO001--CO6--SL001--PX32500--PW0100--IN0020--TM267--X095544--Y047049--Z218583--T2846502206,WE00058---E010--PO01--LO001--CO6--SL001--PX32500--PW0100--IN0020--TM267--X095544--Y047049--Z218583--T2846502206,3452.0,5475.0,364.91883092036784,127.86776323496025,57.671592769195115,0.48592342342342343,0.8925111783503691,0.6305022831050229,111.28791488746656,0.35624597130735314,0.05560545390306985,0.010638893695125584,0.0044779131492872,2.4246234376030002e-05,0.00030171691105845393,-1.9167270077894407e-05,64.0,111.0,0.5765765765765766
WE00058---E010--PO01--LO001--CO6--SL001--PX32500--PW0100--IN0020--TM280--X095544--Y047049--Z212075--T2854637945.png,WE00058---E010--PO01--LO001--CO6--SL001--PX32500--PW0100--IN0020--TM280--X095544--Y047049--Z212075--T2854637945,WE00058---E010--PO01--LO001--CO6--SL001--PX32500--PW0100--IN0020--TM280--X095544--Y047049--Z212075--T2854637945,4692.0,5808.0,503.88939366884495,228.5325226049799,31.21258760440036,0.2653996266757169,0.9906292762593435,0.8078512396694215,226.83253734859116,0.7086708694740785,0.46610173161788915,0.10052384701876091,0.08624814717583568,0.008030124168892296,0.05830189152625293,-0.00010475502160020838,213.0,83.0,2.566265060240964
WE00058---E010--PO01--LO001--CO6--SL001--PX32500--PW0100--IN0020--TM280--X095544--Y047049--Z224061--T2339177275.png,WE00058---E010--PO01--LO001--CO6--SL001--PX32500--PW0100--IN0020--TM280--X095544--Y047049--Z224061--T2339177275,WE00058---E010--PO01--LO001--CO6--SL001--PX32500--PW0100--IN0020--TM280--X095544--Y047049--Z224061--T2339177275,1746.0,2423.0,253.58073580374355,109.57135399582216,24.85256052588143,0.37148936170212765,0.9739375757967824,0.7205943045810979,107.93516572461452,0.45187325963525105,0.1661820670363854,0.028934212685068364,0.020377045828930226,0.0004939438486389274,0.008075948375029405,-2.886103415466169e-05,100.0,47.0,2.127659574468085
WE00058---E010--PO01--LO001--CO6--SL001--PX32500--PW0100--IN0020--TM281--X095544--Y047049--Z202737--T2353740462.png,WE00058---E010--PO01--LO001--CO6--SL001--PX32500--PW0100--IN0020--TM281--X095544--Y047049--Z202737--T2353740462,WE00058---E010--PO01--LO001--CO6--SL001--PX32500--PW0100--IN0020--TM281--X095544--Y047049--Z202737--T2353740462,5106.0,12525.0,602.7422074112307,242.73258982782644,57.790934497995394,0.21789783638458585,0.9712443765621585,0.4076646706586826,237.00843866833097,0.7620801786461445,0.4628335592044253,0.22020619247263173,0.21505107966550224,0.04675441981065221,0.13704397751824401,-0.002018945623438611,219.0,107.0,2.046728971962617
WE00058---E010--PO01--LO001--CO6--SL001--PX32500--PW0100--IN0020--TM281--X095544--Y047049--Z209286--T2676522282.png,WE00058---E010--PO01--LO001--CO6--SL001--PX32500--PW0100--IN0020--TM281--X095544--Y047049--Z209286--T2676522282,WE00058---E010--PO01--LO001--CO6--SL001--PX32500--PW0100--IN0020--TM281--X095544--Y047049--Z209286--T2676522282,3036.0,4689.0,368.0904037956216,103.11993486041315,67.23342944793306,0.49150072850898496,0.7582253706452708,0.6474728087012156,88.23264701911646,0.31196588852408685,0.015838726827814526,0.003786059600909275,0.0011918511459190595,5.191244484392349e-07,-8.191175451203862e-05,2.4779917224377154e-06,87.0,71.0,1.2253521126760563
WE00058---E010--PO01--LO001--CO6--SL001--PX32500--PW0100--IN0020--TM281--X095544--Y047049--Z211839--T2364253701.png,WE00058---E010--PO01--LO001--CO6--SL001--PX32500--PW0100--IN0020--TM281--X095544--Y047049--Z211839--T2364253701,WE00058---E010--PO01--LO001--CO6--SL001--PX32500--PW0100--IN0020--TM281--X095544--Y047049--Z211839--T2364253701,4484.0,6785.0,414.8599564173221,171.26541228979775,47.07624255300341,0.4070442992011619,0.9614805344906907,0.6608695652173913,163.62457028209425,0.4397303476207573,0.14284645572287405,0.014471692185365601,0.011939151909626987,0.00015663600259993015,0.0038481583537039086,-9.6831876950252e-06,162.0,68.0,2.3823529411764706
WE00058---E010--PO01--LO001--CO6--SL001--PX32500--PW0100--IN0020--TM282--X095544--Y047049--Z210081--T2690565425.png,WE00058---E010--PO01--LO001--CO6--SL001--PX32500--PW0100--IN0020--TM282--X095544--Y047049--Z210081--T2690565425,WE00058---E010--PO01--LO001--CO6--SL001--PX32500--PW0100--IN0020--TM282--X095544--Y047049--Z210081--T2690565425,4526.0,6402.0,530.6761902332485,247.38990320911103,32.14934923405694,0.2899237716994427,0.9915200018249005,0.7069665729459544,237.6930794112441,0.8594142850473193,0.6903426996753328,0.28699819560553963,0.25399381851191344,0.06857261791550484,0.2099065469222533,0.0007145005217019731,233.0,67.0,3.4776119402985075
WE00058---E010--PO01--LO001--CO6--SL001--PX32500--PW0100--IN0020--TM284--X095544--Y047049--Z210253--T2863195249.png,WE00058---E010--PO01--LO001--CO6--SL001--PX32500--PW0100--IN0020--TM284--X095544--Y047049--Z210253--T2863195249,WE00058---E010--PO01--LO001--CO6--SL001--PX32500--PW0100--IN0020--TM284--X095544--Y047049--Z210253--T2863195249,2990.0,3875.0,318.2497833620557,78.98665649337012,65.20138512185937,0.5767746913580247,0.5644409979343263,0.7716129032258064,74.62573282722254,0.21927492737898563,0.0017262622927758716,0.001293709527897131,0.00038836330699106145,1.7319855205237507e-07,-9.203884109757682e-06,2.1396657217520427e-07,72.0,72.0,1.0
WE00059---E011--PO01--LO001--CO6--SL001--PX32500--PW0100--IN0020--TM250--X104554--Y047049--Z212270--T2940808984.png,WE00059---E011--PO01--LO001--CO6--SL001--PX32500--PW0100--IN0020--TM250--X104554--Y047049--Z212270--T2940808984,WE00059---E011--PO01--LO001--CO6--SL001--PX32500--PW0100--IN0020--TM250--X104554--Y047049--Z212270--T2940808984,3366.0,5778.0,400.3919189857867,173.08299254772638,48.61001091212927,0.27075289575289574,0.9597522624984585,0.5825545171339563,165.4841382127,0.6001310062045757,0.262534251341297,0.0851987079262804,0.031118455713413366,0.0014147121992798316,0.008448517446007183,-0.0007522974465931773,148.0,84.0,1.7619047619047619
WE00059---E011--PO01--LO001--CO6--SL001--PX32500--PW0100--IN0020--TM254--X104554--Y047049--Z211573--T2928795672.png,WE00059---E011--PO01--LO001--CO6--SL001--PX32500--PW0100--IN0020--TM254--X104554--Y047049--Z211573--T2928795672,WE00059---E011--PO01--LO001--CO6--SL001--PX32500--PW0100--IN0020--TM254--X104554--Y047049--Z211573--T2928795672,3595.0,8519.0,466.71782079359116,145.83696840831632,86.30783285893044,0.29015334947538335,0.8060772076243986,0.4219978870759479,126.82665335015349,0.4992604896963373,0.05772172773624526,0.03196118981901461,0.029421946592190516,0.0008892403443682337,0.0024289288624690848,-0.00015256307728844874,118.0,105.0,1.1238095238095238
WE00059---E011--PO01--LO001--CO6--SL001--PX32500--PW0100--IN0020--TM267--X104554--Y047049--Z211783--T2846581809.png,WE00059---E011--PO01--LO001--CO6--SL001--PX32500--PW0100--IN0020--TM267--X104554--Y047049--Z211783--T2846581809,WE00059---E011--PO01--LO001--CO6--SL001--PX32500--PW0100--IN0020--TM267--X104554--Y047049--Z211783--T2846581809,3003.0,4215.0,314.14927829866735,104.4588011506414,55.6514455034149,0.506066734074823,0.8462665309849198,0.7124555160142348,91.52595260361949,0.29155687072196135,0.026451979678503296,0.0026670277003125248,0.0006457318278561004,1.490438215833028e-07,-6.806930672164152e-05,-8.341969682386693e-07,86.0,69.0,1.2463768115942029
WE00059---E011--PO01--LO001--CO6--SL001--PX32500--PW0100--IN0020--TM280--X104554--Y047049--Z211075--T2854718292.png,WE00059---E011--PO01--LO001--CO6--SL001--PX32500--PW0100--IN0020--TM280--X104554--Y047049--Z211075--T2854718292,WE00059---E011--PO01--LO001--CO6--SL001--PX32500--PW0100--IN0020--TM280--X104554--Y047049--Z211075--T2854718292,4729.0,6338.0,508.8711037056153,227.07076007865112,31.998678529085588,0.50265731292517,0.9900210698039646,0.7461344272641212,224.0200883849482,0.6949810413182503,0.44611210845305,0.09377297296461777,0.08165063442284864,0.007144309822088434,0.05417693591630353,6.4880362268188e-05,224.0,42.0,5.333333333333333
WE00059---E011--PO01--LO001--CO6--SL001--PX32500--PW0100--IN0020--TM280--X104554--Y047049--Z212861--T2339258406.png,WE00059---E011--PO01--LO001--CO6--SL001--PX32500--PW0100--IN0020--TM280--X104554--Y047049--Z212861--T2339258406,WE00059---E011--PO01--LO001--CO6--SL001--PX32500--PW0100--IN0020--TM280--X104554--Y047049--Z212861--T2339258406,2873.0,5880.0,366.2914139223983,130.39080332158582,58.36518573801655,0.29833852544132916,0.8942252002311644,0.48860544217687074,116.82465493208187,0.4439665962643936,0.08747103089339571,0.033598979789445434,0.01694576372296031,0.0003512973096852367,0.0013436601355521001,-0.00020021763963325262,107.0,90.0,1.1888888888888889
WE00059---E011--PO01--LO001--CO6--SL001--PX32500--PW0100--IN0020--TM281--X104554--Y047049--Z208486--T2676603197.png,WE00059---E011--PO01--LO001--CO6--SL001--PX32500--PW0100--IN0020--TM281--X104554--Y047049--Z208486--T2676603197,WE00059---E011--PO01--LO001--CO6--SL001--PX32500--PW0100--IN0020--TM281--X104554--Y047049--Z208486--T2676603197,3279.0,3929.0,290.5929291125633,121.59513746679868,39.2935081660467,0.5427010923535254,0.9463476462611644,0.8345635021634004,118.96217886370441,0.3112488037428493,0.06370079591804698,0.005523580377905014,0.0026905147141543942,1.015687849610714e-05,0.0006054455075865614,2.101581133248982e-06,53.0,114.0,0.4649122807017544
WE00059---E011--PO01--LO001--CO6--SL001--PX32500--PW0100--IN0020--TM281--X104554--Y047049--Z211439--T2364335054.png,WE00059---E011--PO01--LO001--CO6--SL001--PX32500--PW0100--IN0020--TM281--X104554--Y047049--Z211439--T2364335054,WE00059---E011--PO01--LO001--CO6--SL001--PX32500--PW0100--IN0020--TM281--X104554--Y047049--Z211439--T2364335054,2860.0,5365.0,362.5340546095176,112.30391202955173,64.6670525308061,0.3780568407138136,0.8175751549922521,0.5330848089468779,95.34149149242423,0.3670016682728,0.03394050105402943,0.008072016490345887,0.0040471407744009065,1.0611646265516192e-05,-0.0003143016187970095,2.0554394528866997e-05,85.0,89.0,0.9550561797752809
WE00059---E011--PO01--LO001--CO6--SL001--PX32500--PW0100--IN0020--TM281--X104554--Y047049--Z216337--T2353821027.png,WE00059---E011--PO01--LO001--CO6--SL001--PX32500--PW0100--IN0020--TM281--X104554--Y047049--Z216337--T2353821027,WE00059---E011--PO01--LO001--CO6--SL001--PX32500--PW0100--IN0020--TM281--X104554--Y047049--Z216337--T2353821027,3480.0,5678.0,426.0904037956216,183.18664028638372,45.9461822171125,0.3944236654199252,0.9680347202200156,0.6128918633321592,173.4156855650607,0.6405962076102917,0.3189631226338895,0.10843046793543096,0.050268677189561614,0.0035838420605929723,0.023509772490435437,-0.0009641352226948873,173.0,51.0,3.392156862745098
WE00059---E011--PO01--LO001--CO6--SL001--PX32500--PW0100--IN0020--TM282--X104554--Y047049--Z209681--T2690645588.png,WE00059---E011--PO01--LO001--CO6--SL001--PX32500--PW0100--IN0020--TM282--X104554--Y047049--Z209681--T2690645588,WE00059---E011--PO01--LO001--CO6--SL001--PX32500--PW0100--IN0020--TM282--X104554--Y047049--Z209681--T2690645588,3804.0,5717.0,494.24978336205567,234.17403609552744,28.357420259352164,0.46945575712699,0.9926408623805411,0.6653839426272521,219.58369702689677,0.9141959526983915,0.7881385664866167,0.2833958404706147,0.25317507285135626,0.06781167549564729,0.22311325732657844,0.0007081002035490593,219.0,37.0,5.918918918918919
WE00059---E011--PO01--LO001--CO6--SL001--PX32500--PW0100--IN0020--TM283--X104554--Y047049--Z209908--T2276342226.png,WE00059---E011--PO01--LO001--CO6--SL001--PX32500--PW0100--IN0020--TM283--X104554--Y047049--Z209908--T2276342226,WE00059---E011--PO01--LO001--CO6--SL001--PX32500--PW0100--IN0020--TM283--X104554--Y047049--Z209908--T2276342226,3188.0,5374.0,346.8772003600252,118.24412091682593,60.651941080349886,0.44002760524499657,0.8584254637774875,0.5932266468180126,105.38500842150178,0.3462266720555048,0.04079923348554204,0.012223733262470601,0.004017420938557511,1.4694898207470083e-05,-9.533699841549601e-05,2.401343425728233e-05,105.0,69.0,1.5217391304347827
WE00059---E011--PO01--LO001--CO6--SL001--PX32500--PW0100--IN0020--TM284--X104554--Y047049--Z215453--T2863269115.png,WE00059---E011--PO01--LO001--CO6--SL001--PX32500--PW0100--IN0020--TM284--X104554--Y047049--Z215453--T2863269115,WE00059---E011--PO01--LO001--CO6--SL001--PX32500--PW0100--IN0020--TM284--X104554--Y047049--Z215453--T2863269115,3599.0,6326.0,425.5462479183374,108.80001601669463,80.00842187932629,0.40356582193316887,0.6776642826542449,0.5689219095795132,99.14131328563285,0.3167336596424921,0.008911905298875254,0.0035366905374379955,0.0033796298323979083,1.1223759469654064e-05,-7.555041786709244e-05,-3.2480450468306066e-06,98.0,91.0,1.0769230769230769
WE00060---E012--PO01--LO001--CO6--SL001--PX32500--PW0100--IN0020--TM249--X113563--Y047049--Z210070--T2940888670.png,WE00060---E012--PO01--LO001--CO6--SL001--PX32500--PW0100--IN0020--TM249--X113563--Y047049--Z210070--T2940888670,WE00060---E012--PO01--LO001--CO6--SL001--PX32500--PW0100--IN0020--TM249--X113563--Y047049--Z210070--T2940888670,3666.0,6242.0,384.43354954612926,159.92102441875753,58.811058169754844,0.31878260869565217,0.9299244436853108,0.5873117590515861,136.69308687713507,0.4949787679724347,0.14216347157344295,0.04152103345458862,0.006380406821501032,-2.483438868091519e-06,-0.0008344587165216161,-0.00010382033330576923,125.0,92.0,1.358695652173913
WE00060---E012--PO01--LO001--CO6--SL001--PX32500--PW0100--IN0020--TM254--X113563--Y047049--Z209373--T2928874156.png,WE00060---E012--PO01--LO001--CO6--SL001--PX32500--PW0100--IN0020--TM254--X113563--Y047049--Z209373--T2928874156,WE00060---E012--PO01--LO001--CO6--SL001--PX32500--PW0100--IN0020--TM254--X113563--Y047049--Z209373--T2928874156,3686.0,6921.0,415.84776310850236,171.92700916225692,48.116063656872925,0.41626199887069454,0.9600398543155558,0.5325819968212686,161.69724796668618,0.5404580178599944,0.2133943199934477,0.07561919643329905,0.054382895300472134,0.0034579945371054953,0.021134236681602723,0.00045240117603706216,161.0,55.0,2.9272727272727272
WE00060---E012--PO01--LO001--CO6--SL001--PX32500--PW0100--IN0020--TM268--X113563--Y047049--Z212183--T2846660970.png,WE00060---E012--PO01--LO001--CO6--SL001--PX32500--PW0100--IN0020--TM268--X113563--Y047049--Z212183--T2846660970,WE00060---E012--PO01--LO001--CO6--SL001--PX32500--PW0100--IN0020--TM268--X113563--Y047049--Z212183--T2846660970,2908.0,3905.0,276.73506473629425,106.55457114523038,48.25057681565712,0.45983554712207464,0.8915994014768766,0.7446862996158771,100.46392387319938,0.29405937919075814,0.03763038359016607,0.009557318391625954,0.0017667781463927014,2.224114014703857e-06,-1.3659255422986458e-05,-6.911005227418947e-06,68.0,93.0,0.7311827956989247
WE00060---E012--PO01--LO001--CO6--SL001--PX32500--PW0100--IN0020--TM280--X113563--Y047049--Z210461--T2339340232.png,WE00060---E012--PO01--LO001--CO6--SL001--PX32500--PW0100--IN0020--TM280--X113563--Y047049--Z210461--T2339340232,WE00060---E012--PO01--LO001--CO6--SL001--PX32500--PW0100--IN0020--TM280--X113563--Y047049--Z210461--T2339340232,4584.0,6614.0,533.6639969244288,260.3307439063213,34.000894211367424,0.42981715893108297,0.9914342818497724,0.6930752948291503,238.42189496772312,0.9397927169228736,0.8249514340815153,0.1079648561867725,0.076086634444695,0.006879849149084941,0.06580356163829014,-0.0004732000026602778,237.0,45.0,5.266666666666667
WE00060---E012--PO01--LO001--CO6--SL001--PX32500--PW0100--IN0020--TM280--X113563--Y047049--Z210875--T2854798186.png,WE00060---E012--PO01--LO001--CO6--SL001--PX32500--PW0100--IN0020--TM280--X113563--Y047049--Z210875--T2854798186,WE00060---E012--PO01--LO001--CO6--SL001--PX32500--PW0100--IN0020--TM280--X113563--Y047049--Z210875--T2854798186,4479.0,6033.0,522.8477631085024,240.87836754663607,31.29333731742008,0.29959866220735787,0.9915253391326129,0.7424167081054202,234.3608329051593,0.8233096242519833,0.6335842552873964,0.25508397377704095,0.22749817466897787,0.05480299796325798,0.18098640656696874,0.00023942852332834233,230.0,65.0,3.5384615384615383
WE00060---E012--PO01--LO001--CO6--SL001--PX32500--PW0100--IN0020--TM281--X113563--Y047049--Z209439--T2364415790.png,WE00060---E012--PO01--LO001--CO6--SL001--PX32500--PW0100--IN0020--TM281--X113563--Y047049--Z209439--T2364415790,WE00060---E012--PO01--LO001--CO6--SL001--PX32500--PW0100--IN0020--TM281--X113563--Y047049--Z209439--T2364415790,3555.0,6158.0,403.0609665440988,112.0223811112584,74.08847585261005,0.4605518849591916,0.7500579738362972,0.577297823968821,100.34440691936945,0.3171258109001196,0.015405626083386598,0.004791175576912449,0.0027862183921465167,3.2356280741928363e-06,-0.0002466477930276087,-9.652005008043768e-06,83.0,93.0,0.8924731182795699
WE00060---E012--PO01--LO001--CO6--SL001--PX32500--PW0100--IN0020--TM281--X113563--Y047049--Z211086--T2676684012.png,WE00060---E012--PO01--LO001--CO6--SL001--PX32500--PW0100--IN0020--TM281--X113563--Y047049--Z211086--T2676684012,WE00060---E012--PO01--LO001--CO6--SL001--PX32500--PW0100--IN0020--TM281--X113563--Y047049--Z211086--T2676684012,2167.0,3391.0,274.69343417595167,93.88561377950558,43.77890998772101,0.46303418803418805,0.8846263789836303,0.6390445296372751,90.93404203047393,0.3095033870116367,0.039580197212000845,0.007221978388360029,0.005506122538946375,3.3020933305663275e-05,0.0007839189081138353,-1.0732742664472525e-05,52.0,90.0,0.5777777777777777
WE00060---E012--PO01--LO001--CO6--SL001--PX32500--PW0100--IN0020--TM281--X113563--Y047049--Z221937--T2353901084.png,WE00060---E012--PO01--LO001--CO6--SL001--PX32500--PW0100--IN0020--TM281--X113563--Y047049--Z221937--T2353901084,WE00060---E012--PO01--LO001--CO6--SL001--PX32500--PW0100--IN0020--TM281--X113563--Y047049--Z221937--T2353901084,4053.0,8544.0,451.1553749530772,174.66441709125965,67.36829603460292,0.3374125874125874,0.922623700437714,0.4743679775280899,154.39235732380018,0.540435262589986,0.16036995561673167,0.0861469266767493,0.041192845995818135,0.002220299261162101,0.011357703045937155,-0.001044881820027462,154.0,78.0,1.9743589743589745
WE00060---E012--PO01--LO001--CO6--SL001--PX32500--PW0100--IN0020--TM282--X113563--Y047049--Z211081--T2690725816.png,WE00060---E012--PO01--LO001--CO6--SL001--PX32500--PW0100--IN0020--TM282--X113563--Y047049--Z211081--T2690725816,WE00060---E012--PO01--LO001--CO6--SL001--PX32500--PW0100--IN0020--TM282--X113563--Y047049--Z211081--T2690725816,3719.0,5801.0,481.60512242138304,227.481568390365,34.555958266176745,0.24515491100856954,0.9883948482240902,0.6410963626960868,215.9837956884729,0.8897213331714515,0.7217959248336144,0.297437234982025,0.23843150547976744,0.06344935120340264,0.19483087297821394,0.0024210997730764426,205.0,74.0,2.77027027027027
WE00060---E012--PO01--LO001--CO6--SL001--PX32500--PW0100--IN0020--TM283--X113563--Y047049--Z211108--T2276436534.png,WE00060---E012--PO01--LO001--CO6--SL001--PX32500--PW0100--IN0020--TM283--X113563--Y047049--Z211108--T2276436534,WE00060---E012--PO01--LO001--CO6--SL001--PX32500--PW0100--IN0020--TM283--X113563--Y047049--Z211108--T2276436534,3041.0,5333.0,352.7766952966369,104.91905459136586,67.7679777046226,0.39939584975045966,0.7634158947298548,0.5702231389461841,94.64142856064674,0.32062863405377007,0.01738559107967306,0.009724392371058016,0.004394281267546541,1.3274662819907696e-05,-8.824753650675855e-05,2.547391341115031e-05,94.0,81.0,1.1604938271604939
WE00060---E012--PO01--LO001--CO6--SL001--PX32500--PW0100--IN0020--TM284--X113563--Y047049--Z211253--T2863342459.png,WE00060---E012--PO01--LO001--CO6--SL001--PX32500--PW0100--IN0020--TM284--X113563--Y047049--Z211253--T2863342459,WE00060---E012--PO01--LO001--CO6--SL001--PX32500--PW0100--IN0020--TM284--X113563--Y047049--Z211253--T2863342459,2894.0,5138.0,361.26197667087547,117.34012761317452,64.06218533676426,0.4104964539007092,0.8378158561609629,0.5632541845075905,97.8008179924892,0.3859854254146081,0.04356558071808796,0.011855206879326747,0.003850392645760957,1.2276541862199091e-05,-0.0003010597519506924,2.2935347782773273e-05,94.0,75.0,1.2533333333333334
WE00061---F012--PO01--LO001--CO6--SL001--PX32500--PW0100--IN0020--TM250--X113563--Y056021--Z209070--T2940968061.png,WE00061---F012--PO01--LO001--CO6--SL001--PX32500--PW0100--IN0020--TM250--X113563--Y056021--Z209070--T2940968061,WE00061---F012--PO01--LO001--CO6--SL001--PX32500--PW0100--IN0020--TM250--X113563--Y056021--Z209070--T2940968061,3288.0,4719.0,329.66399692442883,110.26301903308764,54.449282182652595,0.4775599128540305,0.8695682779722673,0.6967577876668786,102.61578825892242,0.2874592779899859,0.030537303644703036,0.0037138008674019243,0.0016644152511033539,3.3296764557600227e-06,9.17571594183114e-05,-2.457070153689295e-06,81.0,85.0,0.9529411764705882
WE00061---F012--PO01--LO001--CO6--SL001--PX32500--PW0100--IN0020--TM254--X113563--Y056021--Z209573--T2928953253.png,WE00061---F012--PO01--LO001--CO6--SL001--PX32500--PW0100--IN0020--TM254--X113563--Y056021--Z209573--T2928953253,WE00061---F012--PO01--LO001--CO6--SL001--PX32500--PW0100--IN0020--TM254--X113563--Y056021--Z209573--T2928953253,3484.0,5540.0,452.7766952966369,195.98526117645812,34.162970513043796,0.29777777777777775,0.9846901223530037,0.6288808664259928,199.2636444512646,0.7099836960512269,0.44637073728663024,0.30230233526083267,0.2597132487285528,0.07276301452110577,0.17240900442299995,-0.0011176351878908683,195.0,60.0,3.25
WE00061---F012--PO01--LO001--CO6--SL001--PX32500--PW0100--IN0020--TM268--X113563--Y056021--Z206583--T2846740887.png,WE00061---F012--PO01--LO001--CO6--SL001--PX32500--PW0100--IN0020--TM268--X113563--Y056021--Z206583--T2846740887,WE00061---F012--PO01--LO001--CO6--SL001--PX32500--PW0100--IN0020--TM268--X113563--Y056021--Z206583--T2846740887,3656.0,6673.0,445.5462479183374,177.61525798116816,53.77881703948049,0.3010540184453228,0.9530596370695449,0.5478795144612618,178.88543819998318,0.5887469404725595,0.23996563579328778,0.12076004851933012,0.05351750327051409,0.004088442601573472,0.016879653197372023,0.0013397105375428462,176.0,69.0,2.550724637681159
WE00061---F012--PO01--LO001--CO6--SL001--PX32500--PW0100--IN0020--TM280--X113563--Y056021--Z209475--T2854879196.png,WE00061---F012--PO01--LO001--CO6--SL001--PX32500--PW0100--IN0020--TM280--X113563--Y056021--Z209475--T2854879196,WE00061---F012--PO01--LO001--CO6--SL001--PX32500--PW0100--IN0020--TM280--X113563--Y056021--Z209475--T2854879196,4174.0,5234.0,501.0365799264593,240.66939592518875,27.14412370646182,0.44651262302096706,0.9936193094234044,0.7974780282766527,229.83689869122406,0.8783325584988465,0.7331936716122179,0.21352525489229035,0.1931438165018457,0.03922323819102831,0.16528582124533756,-0.00013019076608544733,228.0,41.0,5.560975609756097
WE00061---F012--PO01--LO001--CO6--SL001--PX32500--PW0100--IN0020--TM280--X113563--Y056021--Z210261--T2339422373.png,WE00061---F012--PO01--LO001--CO6--SL001--PX32500--PW0100--IN0020--TM280--X113563--Y056021--Z210261--T2339422373,WE00061---F012--PO01--LO001--CO6--SL001--PX32500--PW0100--IN0020--TM280--X113563--Y056021--Z210261--T2339422373,3491.0,4815.0,350.63455967290594,157.16187527360862,37.14931535956962,0.47613202400436444,0.9716616317801728,0.7250259605399793,144.81022063376605,0.46691361127187886,0.17430480603171045,0.02090231699611633,0.012821502332918535,0.00020756275314233295,0.004804043172113711,-3.121415831459088e-05,141.0,52.0,2.7115384615384617
WE00061---F012--PO01--LO001--CO6--SL001--PX32500--PW0100--IN0020--TM281--X113563--Y056021--Z209886--T2676765412.png,WE00061---F012--PO01--LO001--CO6--SL001--PX32500--PW0100--IN0020--TM281--X113563--Y056021--Z209886--T2676765412,WE00061---F012--PO01--LO001--CO6--SL001--PX32500--PW0100--IN0020--TM281--X113563--Y056021--Z209886--T2676765412,3661.0,5264.0,359.1614716074871,107.46488331882817,62.59773821611235,0.523,0.8128344117150802,0.6954787234042553,101.27191120937731,0.26405316130330314,0.016968177102224893,0.0013094275172062717,0.001149491849950489,1.273207127320537e-06,2.3402626727694085e-05,6.064490373493004e-07,100.0,70.0,1.4285714285714286
WE00061---F012--PO01--LO001--CO6--SL001--PX32500--PW0100--IN0020--TM281--X113563--Y056021--Z212137--T2353980941.png,WE00061---F012--PO01--LO001--CO6--SL001--PX32500--PW0100--IN0020--TM281--X113563--Y056021--Z212137--T2353980941,WE00061---F012--PO01--LO001--CO6--SL001--PX32500--PW0100--IN0020--TM281--X113563--Y056021--Z212137--T2353980941,3652.0,6104.0,380.75945135393374,149.92529081374317,57.259791562707065,0.35285024154589373,0.9241944927103853,0.5982961992136304,144.5441109142811,0.44079060369985834,0.1079571973807687,0.059556738106307586,0.023462206651800557,0.0008030716789781259,0.005347348061669759,0.0003525233065633005,138.0,75.0,1.84
WE00061---F012--PO01--LO001--CO6--SL001--PX32500--PW0100--IN0020--TM281--X113563--Y056021--Z212239--T2364496113.png,WE00061---F012--PO01--LO001--CO6--SL001--PX32500--PW0100--IN0020--TM281--X113563--Y056021--Z212239--T2364496113,WE00061---F012--PO01--LO001--CO6--SL001--PX32500--PW0100--IN0020--TM281--X113563--Y056021--Z212239--T2364496113,2745.0,4547.0,349.11984104714446,101.33779262340582,58.40883457736651,0.4132169200662351,0.8171834875080383,0.6036947437871124,94.25497334358543,0.3114968162675449,0.024380321441456944,0.00549242495014333,0.0037755822863633996,1.5795479438917366e-05,0.0001491110792460576,-6.790483874633257e-06,73.0,91.0,0.8021978021978022
WE00061---F012--PO01--LO001--CO6--SL001--PX32500--PW0100--IN0020--TM282--X113563--Y056021--Z210681--T2690805474.png,WE00061---F012--PO01--LO001--CO6--SL001--PX32500--PW0100--IN0020--TM282--X113563--Y056021--Z210681--T2690805474,WE00061---F012--PO01--LO001--CO6--SL001--PX32500--PW0100--IN0020--TM282--X113563--Y056021--Z210681--T2690805474,4433.0,6124.0,533.6639969244288,242.12618025755387,33.36947352776699,0.37695578231292515,0.9904574971177347,0.7238732854343566,241.8677324489565,0.8422429637045147,0.6574684992414782,0.3699521448893029,0.32855397431126265,0.11454673607384414,0.2664013871902231,9.30919912240924e-05,240.0,49.0,4.8979591836734695
WE00061---F012--PO01--LO001--CO6--SL001--PX32500--PW0100--IN0020--TM284--X113563--Y056021--Z210453--T2863416336.png,WE00061---F012--PO01--LO001--CO6--SL001--PX32500--PW0100--IN0020--TM284--X113563--Y056021--Z210453--T2863416336,WE00061---F012--PO01--LO001--CO6--SL001--PX32500--PW0100--IN0020--TM284--X113563--Y056021--Z210453--T2863416336,2768.0,2947.0,213.58073580374355,78.63391122301988,46.14618209500301,0.6865079365079365,0.8096968559795793,0.9392602646759416,78.29431652425353,0.18769784402490403,0.008378324679633325,0.0002962678939725059,1.4370199035491406e-05,-9.061283880108055e-10,-1.3003875480975708e-06,-2.410425419593888e-10,56.0,72.0,0.7777777777777778
WE00062---F011--PO01--LO001--CO6--SL001--PX32500--PW0100--IN0020--TM249--X104554--Y056021--Z210470--T2941047435.png,WE00062---F011--PO01--LO001--CO6--SL001--PX32500--PW0100--IN0020--TM249--X104554--Y056021--Z210470--T2941047435,WE00062---F011--PO01--LO001--CO6--SL001--PX32500--PW0100--IN0020--TM249--X104554--Y056021--Z210470--T2941047435,3306.0,5593.0,392.5756851698602,111.20313028348613,71.53233167069567,0.4605739760378936,0.7656492772961183,0.5910960128732344,98.00510190801293,0.33051668668883094,0.018782002491310207,0.0048825492311373635,0.0033984561484654676,9.327990284844606e-06,-2.7201963530239766e-05,1.022893031842102e-05,97.0,74.0,1.3108108108108107
WE00062---F011--PO01--LO001--CO6--SL001--PX32500--PW0100--IN0020--TM254--X104554--Y056021--Z209973--T2929032380.png,WE00062---F011--PO01--LO001--CO6--SL001--PX32500--PW0100--IN0020--TM254--X104554--Y056021--Z209973--T2929032380,WE00062---F011--PO01--LO001--CO6--SL001--PX32500--PW0100--IN0020--TM254--X104554--Y056021--Z209973--T2929032380,2948.0,5108.0,366.8772003600252,99.88597996357583,70.37483326153219,0.44424352019288726,0.7096527000005287,0.577133907595928,87.20091742636656,0.3165244689168998,0.011347668837707504,0.00511356195036535,0.0031271723459705973,6.462682039125757e-06,-9.453033191629003e-05,-1.0705743113925453e-05,79.0,84.0,0.9404761904761905
WE00062---F011--PO01--LO001--CO6--SL001--PX32500--PW0100--IN0020--TM268--X104554--Y056021--Z215583--T2846819930.png,WE00062---F011--PO01--LO001--CO6--SL001--PX32500--PW0100--IN0020--TM268--X104554--Y056021--Z215583--T2846819930,WE00062---F011--PO01--LO001--CO6--SL001--PX32500--PW0100--IN0020--TM268--X104554--Y056021--Z215583--T2846819930,4209.0,6710.0,434.71782079359116,176.76117672104286,49.178252461197175,0.48720916772774625,0.9605177738102787,0.6272727272727273,163.68872899500442,0.49986656734000035,0.18321935162602784,0.042428175689818985,0.021376967826712744,0.0006264695690505778,0.0073187127068633125,-0.00014834239796009878,163.0,53.0,3.0754716981132075
WE00062---F011--PO01--LO001--CO6--SL001--PX32500--PW0100--IN0020--TM280--X104554--Y056021--Z211875--T2854959632.png,WE00062---F011--PO01--LO001--CO6--SL001--PX32500--PW0100--IN0020--TM280--X104554--Y056021--Z211875--T2854959632,WE00062---F011--PO01--LO001--CO6--SL001--PX32500--PW0100--IN0020--TM280--X104554--Y056021--Z211875--T2854959632,4646.0,6507.0,522.1564209736038,235.114426760118,32.11009347446885,0.2005611914526225,0.9906301203755435,0.7140003073613033,231.2444593930847,0.7575044631629091,0.5325554733876159,0.14908757141312684,0.12840043092339326,0.017763785645690134,0.0924680971120159,-0.00022526887917831244,205.0,113.0,1.8141592920353982
WE00062---F011--PO01--LO001--CO6--SL001--PX32500--PW0100--IN0020--TM280--X104554--Y056021--Z213261--T2339503616.png,WE00062---F011--PO01--LO001--CO6--SL001--PX32500--PW0100--IN0020--TM280--X104554--Y056021--Z213261--T2339503616,WE00062---F011--PO01--LO001--CO6--SL001--PX32500--PW0100--IN0020--TM280--X104554--Y056021--Z213261--T2339503616,4089.0,6298.0,397.5462479183374,125.59053431857801,72.71819290135876,0.43732620320855614,0.8153203403459055,0.6492537313432836,115.43396380615195,0.32191424995819806,0.025684230244801654,0.0068236400449005015,0.002472264357849654,7.269666205835897e-06,1.9606574200689195e-05,-7.08956727141114e-06,110.0,85.0,1.2941176470588236
WE00062---F011--PO01--LO001--CO6--SL001--PX32500--PW0100--IN0020--TM281--X104554--Y056021--Z209439--T2364576540.png,WE00062---F011--PO01--LO001--CO6--SL001--PX32500--PW0100--IN0020--TM281--X104554--Y056021--Z209439--T2364576540,WE00062---F011--PO01--LO001--CO6--SL001--PX32500--PW0100--IN0020--TM281--X104554--Y056021--Z209439--T2364576540,3438.0,6762.0,408.0904037956216,167.06206031576613,49.637026114149315,0.2846026490066225,0.9548409908421622,0.5084294587400178,156.20819440733575,0.5521663459570503,0.21398525149076564,0.08912688301310417,0.06546028046293426,0.00495849801007074,0.025554959617886015,0.0006429849046848033,151.0,80.0,1.8875
WE00062---F011--PO01--LO001--CO6--SL001--PX32500--PW0100--IN0020--TM281--X104554--Y056021--Z211886--T2676846440.png,WE00062---F011--PO01--LO001--CO6--SL001--PX32500--PW0100--IN0020--TM281--X104554--Y056021--Z211886--T2676846440,WE00062---F011--PO01--LO001--CO6--SL001--PX32500--PW0100--IN0020--TM281--X104554--Y056021--Z211886--T2676846440,4155.0,7279.0,410.5756851698602,136.38134854005838,69.81318271325239,0.4222560975609756,0.8590469224575373,0.5708201676054403,124.45481107614924,0.3530949565306686,0.04262902948993059,0.010560184480892649,0.0059178044886624885,3.954075730245212e-05,0.0002679666853986997,-2.500125483684489e-05,120.0,82.0,1.4634146341463414
WE00062---F011--PO01--LO001--CO6--SL001--PX32500--PW0100--IN0020--TM281--X104554--Y056021--Z217337--T2354061141.png,WE00062---F011--PO01--LO001--CO6--SL001--PX32500--PW0100--IN0020--TM281--X104554--Y056021--Z217337--T2354061141,WE00062---F011--PO01--LO001--CO6--SL001--PX32500--PW0100--IN0020--TM281--X104554--Y056021--Z217337--T2354061141,3487.0,7273.0,426.5929291125633,157.12832456290323,73.81314741303343,0.29944182052382995,0.8827923196743329,0.47944452083046885,142.76203977248295,0.5401794363163761,0.1189346073921896,0.09627991453593081,0.0333184034925877,0.001527329608120555,0.005623130124765329,0.0011083310404410803,137.0,85.0,1.611764705882353
WE00062---F011--PO01--LO001--CO6--SL001--PX32500--PW0100--IN0020--TM282--X104554--Y056021--Z210681--T2690885424.png,WE00062---F011--PO01--LO001--CO6--SL001--PX32500--PW0100--IN0020--TM282--X104554--Y056021--Z210681--T2690885424,WE00062---F011--PO01--LO001--CO6--SL001--PX32500--PW0100--IN0020--TM282--X104554--Y056021--Z210681--T2690885424,5159.0,6406.0,527.6639969244288,244.15285876443696,31.66702194438818,0.44612590799031476,0.9915530692276142,0.8053387449266313,238.72997298202839,0.7343164702664454,0.5041271494364519,0.11683817391695366,0.10506231264626238,0.011640038920195026,0.07443370704894936,7.23211514396492e-05,236.0,49.0,4.816326530612245
WE00062---F011--PO01--LO001--CO6--SL001--PX32500--PW0100--IN0020--TM284--X104554--Y056021--Z210853--T2863489167.png,WE00062---F011--PO01--LO001--CO6--SL001--PX32500--PW0100--IN0020--TM284--X104554--Y056021--Z210853--T2863489167,WE00062---F011--PO01--LO001--CO6--SL001--PX32500--PW0100--IN0020--TM284--X104554--Y056021--Z210853--T2863489167,2978.0,5332.0,392.71782079359116,101.41622636372963,75.11992331107508,0.3905061631261474,0.6718258750979518,0.5585146286571643,93.43446901438462,0.33429008244041825,0.009492210062313503,0.0028137729304513856,0.002675111328761964,4.712420760247433e-06,-0.00022228138299427882,5.626640066705335e-06,93.0,82.0,1.1341463414634145
WE00063---F010--PO01--LO001--CO6--SL001--PX32500--PW0100--IN0020--TM250--X095544--Y056021--Z212270--T2941127059.png,WE00063---F010--PO01--LO001--CO6--SL001--PX32500--PW0100--IN0020--TM250--X095544--Y056021--Z212270--T2941127059,WE00063---F010--PO01--LO001--CO6--SL001--PX32500--PW0100--IN0020--TM250--X095544--Y056021--Z212270--T2941127059,3136.0,5578.0,366.2914139223983,108.5439507859381,68.27595512745303,0.43896976483762595,0.7773918067908397,0.5622086769451416,95.2102935611481,0.3277143514984481,0.02013679102969495,0.007883546848559712,0.004269803910300886,1.584953727188375e-05,-0.00011073035434384183,1.9038830806994005e-05,76.0,94.0,0.8085106382978723
WE00063---F010--PO01--LO001--CO6--SL001--PX32500--PW0100--IN0020--TM254--X095544--Y056021--Z210773--T2929111298.png,WE00063---F010--PO01--LO001--CO6--SL001--PX32500--PW0100--IN0020--TM254--X095544--Y056021--Z210773--T2929111298,WE00063---F010--PO01--LO001--CO6--SL001--PX32500--PW0100--IN0020--TM254--X095544--Y056021--Z210773--T2929111298,3007.0,5096.0,358.6345596729059,103.36979204350084,68.90096845840222,0.4312966150315548,0.7454617655016786,0.5900706436420722,91.0494371207203,0.32076524280059754,0.015232431820106435,0.008175590465158493,0.0034333465002739693,1.266349478796556e-05,-3.417938398049791e-05,-1.3058217958687832e-05,83.0,84.0,0.9880952380952381
WE00063---F010--PO01--LO001--CO6--SL001--PX32500--PW0100--IN0020--TM268--X095544--Y056021--Z214383--T2846899673.png,WE00063---F010--PO01--LO001--CO6--SL001--PX32500--PW0100--IN0020--TM268--X095544--Y056021--Z214383--T2846899673,WE00063---F010--PO01--LO001--CO6--SL001--PX32500--PW0100--IN0020--TM268--X095544--Y056021--Z214383--T2846899673,4111.0,5934.0,470.71782079359116,211.39932127035212,35.722287970336644,0.28806670870997125,0.9856194552570061,0.6927873272665993,207.36923590542548,0.698822593216389,0.43562872146532833,0.12040548914490416,0.0884723177158502,0.00911555645456335,0.054813332159039316,0.0005365626697514279,201.0,71.0,2.8309859154929575
WE00063---F010--PO01--LO001--CO6--SL001--PX32500--PW0100--IN0020--TM280--X095544--Y056021--Z209461--T2339585167.png,WE00063---F010--PO01--LO001--CO6--SL001--PX32500--PW0100--IN0020--TM280--X095544--Y056021--Z209461--T2339585167,WE00063---F010--PO01--LO001--CO6--SL001--PX32500--PW0100--IN0020--TM280--X095544--Y056021--Z209461--T2339585167,4341.0,7407.0,528.492424049175,244.2437939238366,36.388924064560086,0.3802224752561969,0.9888392941328282,0.5860672336978534,233.0772404161333,0.8779541676008676,0.7053058341563906,0.30235181335327743,0.24078945326132514,0.06492335610089062,0.19615767534837472,0.002459920563472502,233.0,49.0,4.755102040816326
WE00063---F010--PO01--LO001--CO6--SL001--PX32500--PW0100--IN0020--TM280--X095544--Y056021--Z210675--T2855039735.png,WE00063---F010--PO01--LO001--CO6--SL001--PX32500--PW0100--IN0020--TM280--X095544--Y056021--Z210675--T2855039735,WE00063---F010--PO01--LO001--CO6--SL001--PX32500--PW0100--IN0020--TM280--X095544--Y056021--Z210675--T2855039735,3888.0,5567.0,500.59902576697317,229.59376577784153,30.452653795902467,0.3058767996223743,0.9911646668370143,0.6984012933357284,226.73773395709856,0.8622791507083242,0.6929966498281162,0.36298829334737187,0.32252138121989077,0.11035283903766738,0.2684538840613627,0.00017805307075390714,223.0,57.0,3.912280701754386
WE00063---F010--PO01--LO001--CO6--SL001--PX32500--PW0100--IN0020--TM281--X095544--Y056021--Z210086--T2676927950.png,WE00063---F010--PO01--LO001--CO6--SL001--PX32500--PW0100--IN0020--TM281--X095544--Y056021--Z210086--T2676927950,WE00063---F010--PO01--LO001--CO6--SL001--PX32500--PW0100--IN0020--TM281--X095544--Y056021--Z210086--T2676927950,3467.0,4387.0,280.69343417595167,99.08561607855829,55.13577890770124,0.5709815546772069,0.8308838828209885,0.7902894916799635,90.7358804442873,0.23179105547711207,0.014929874135757717,0.0023398550398336703,0.00032911175973350477,-2.4050328148932263e-07,-3.304105791463023e-05,1.599011258851464e-07,88.0,69.0,1.2753623188405796
WE00063---F010--PO01--LO001--CO6--SL001--PX32500--PW0100--IN0020--TM281--X095544--Y056021--Z212439--T2364657247.png,WE00063---F010--PO01--LO001--CO6--SL001--PX32500--PW0100--IN0020--TM281--X095544--Y056021--Z212439--T2364657247,WE00063---F010--PO01--LO001--CO6--SL001--PX32500--PW0100--IN0020--TM281--X095544--Y056021--Z212439--T2364657247,3157.0,5006.0,335.4629867976521,101.56942650355442,65.5058466257589,0.43199233716475094,0.7642360272650117,0.6306432281262485,98.812954616285,0.2891860219832594,0.01422895155079969,0.01221922176232807,0.004832615327117084,3.0098599939173737e-05,0.0001762590525786983,-2.175216583939058e-05,87.0,84.0,1.0357142857142858
WE00063---F010--PO01--LO001--CO6--SL001--PX32500--PW0100--IN0020--TM281--X095544--Y056021--Z214537--T2354141362.png,WE00063---F010--PO01--LO001--CO6--SL001--PX32500--PW0100--IN0020--TM281--X095544--Y056021--Z214537--T2354141362,WE00063---F010--PO01--LO001--CO6--SL001--PX32500--PW0100--IN0020--TM281--X095544--Y056021--Z214537--T2354141362,3261.0,6667.0,404.6761902332486,143.00139622900832,58.52048141830345,0.3450793650793651,0.9124311987240767,0.48912554372281386,126.77539193392383,0.4575675802835756,0.10646823513560771,0.026270536177659197,0.023684845518657745,0.0005843792684339065,0.004616719552775738,-8.686319999857505e-05,126.0,75.0,1.68
WE00063---F010--PO01--LO001--CO6--SL001--PX32500--PW0100--IN0020--TM282--X095544--Y056021--Z210281--T2690964862.png,WE00063---F010--PO01--LO001--CO6--SL001--PX32500--PW0100--IN0020--TM282--X095544--Y056021--Z210281--T2690964862,WE00063---F010--PO01--LO001--CO6--SL001--PX32500--PW0100--IN0020--TM282--X095544--Y056021--Z210281--T2690964862,4080.0,5923.0,512.0660171779821,234.57980993710524,32.56765745882339,0.41514041514041516,0.9903156646040231,0.6888401148066858,234.48027635602958,0.8591963777953993,0.6834343822594872,0.4530123772396342,0.4045617449455463,0.17319375408182788,0.33444162612274947,-6.307872679298457e-05,234.0,42.0,5.571428571428571
WE00063---F010--PO01--LO001--CO6--SL001--PX32500--PW0100--IN0020--TM284--X095544--Y056021--Z210653--T2863562005.png,WE00063---F010--PO01--LO001--CO6--SL001--PX32500--PW0100--IN0020--TM284--X095544--Y056021--Z210653--T2863562005,WE00063---F010--PO01--LO001--CO6--SL001--PX32500--PW0100--IN0020--TM284--X095544--Y056021--Z210653--T2863562005,2615.0,3696.0,335.8061325481598,98.71866069592127,49.058470244570366,0.5094486654977596,0.867777830791231,0.707521645021645,92.11405973031478,0.2904423392049194,0.030764359024672075,0.0009415233330743132,0.0002328612195053583,-2.9358916101153212e-08,-3.337480362149751e-05,1.0500681703195312e-07,87.0,59.0,1.4745762711864407
WE00064---F009--PO01--LO001--CO6--SL001--PX32500--PW0100--IN0020--TM250--X086535--Y056021--Z210670--T2941206643.png,WE00064---F009--PO01--LO001--CO6--SL001--PX32500--PW0100--IN0020--TM250--X086535--Y056021--Z210670--T2941206643,WE00064---F009--PO01--LO001--CO6--SL001--PX32500--PW0100--IN0020--TM250--X086535--Y056021--Z210670--T2941206643,3313.0,6337.0,390.8599564173221,131.6242866607479,69.34133590554742,0.35021141649048626,0.8499814460637038,0.5228025879753827,112.60550608207397,0.4175440255077856,0.05575695757746358,0.021645185400894586,0.007958747703013646,6.4068992897326e-05,-0.0002206698154489621,-8.250419488851957e-05,110.0,86.0,1.2790697674418605
WE00064---F009--PO01--LO001--CO6--SL001--PX32500--PW0100--IN0020--TM254--X086535--Y056021--Z210173--T2929190146.png,WE00064---F009--PO01--LO001--CO6--SL001--PX32500--PW0100--IN0020--TM254--X086535--Y056021--Z210173--T2929190146,WE00064---F009--PO01--LO001--CO6--SL001--PX32500--PW0100--IN0020--TM254--X086535--Y056021--Z210173--T2929190146,2719.0,4401.0,355.56958851545033,85.75815724181857,70.59771608243732,0.45316666666666666,0.5677244248654028,0.6178141331515564,81.49233092751734,0.28361757653477626,0.002968887198988,0.0012257539392255543,0.001357032725969552,6.351049187276764e-07,-7.099602738866768e-05,-1.6308997634112572e-06,75.0,80.0,0.9375
WE00064---F009--PO01--LO001--CO6--SL001--PX32500--PW0100--IN0020--TM268--X086535--Y056021--Z214383--T2846978874.png,WE00064---F009--PO01--LO001--CO6--SL001--PX32500--PW0100--IN0020--TM268--X086535--Y056021--Z214383--T2846978874,WE00064---F009--PO01--LO001--CO6--SL001--PX32500--PW0100--IN0020--TM268--X086535--Y056021--Z214383--T2846978874,3870.0,7742.0,430.2741699796952,156.11484184682388,68.7994503606334,0.3786692759295499,0.8976555826093354,0.49987083440971325,148.12494725737457,0.4700453523059447,0.10058977181301587,0.06298970294791766,0.03666579046061196,0.001664788909221604,0.0072739362572483085,-0.0005774204236257029,146.0,70.0,2.085714285714286
WE00064---F009--PO01--LO001--CO6--SL001--PX32500--PW0100--IN0020--TM280--X086535--Y056021--Z210061--T2339667359.png,WE00064---F009--PO01--LO001--CO6--SL001--PX32500--PW0100--IN0020--TM280--X086535--Y056021--Z210061--T2339667359,WE00064---F009--PO01--LO001--CO6--SL001--PX32500--PW0100--IN0020--TM280--X086535--Y056021--Z210061--T2339667359,3202.0,3603.0,249.0365799264593,97.47346882586979,44.93893790597686,0.7096631205673759,0.8873805810796938,0.8887038578961977,94.53041838477179,0.22487088665414295,0.021325673168735522,0.0009179281801050525,0.0001284281985154663,1.4372094826468317e-08,1.169580214367119e-06,-4.168767172317605e-08,94.0,48.0,1.9583333333333333
WE00064---F009--PO01--LO001--CO6--SL001--PX32500--PW0100--IN0020--TM280--X086535--Y056021--Z210075--T2855120207.png,WE00064---F009--PO01--LO001--CO6--SL001--PX32500--PW0100--IN0020--TM280--X086535--Y056021--Z210075--T2855120207,WE00064---F009--PO01--LO001--CO6--SL001--PX32500--PW0100--IN0020--TM280--X086535--Y056021--Z210075--T2855120207,4528.0,5678.0,535.2375900532359,264.2636905347774,26.752513974223064,0.566,0.9948626256401724,0.7974638957379359,250.1619475459847,0.9738156352004419,0.91022685560293,0.293710710382242,0.27340276018070675,0.0774750660876909,0.2606302659430051,0.0002509680743219816,250.0,32.0,7.8125
WE00064---F009--PO01--LO001--CO6--SL001--PX32500--PW0100--IN0020--TM281--X086535--Y056021--Z209439--T2364737814.png,WE00064---F009--PO01--LO001--CO6--SL001--PX32500--PW0100--IN0020--TM281--X086535--Y056021--Z209439--T2364737814,WE00064---F009--PO01--LO001--CO6--SL001--PX32500--PW0100--IN0020--TM281--X086535--Y056021--Z209439--T2364737814,3699.0,5585.0,422.5756851698602,112.47216715859709,75.73944308334957,0.5407894736842105,0.7392727702352162,0.6623097582811102,96.54014708917737,0.31066591686819667,0.013645531797068122,0.002270777198133208,0.0005964132455959742,6.768788894773686e-07,-1.0780975649694176e-05,1.535546315501506e-07,95.0,72.0,1.3194444444444444
WE00064---F009--PO01--LO001--CO6--SL001--PX32500--PW0100--IN0020--TM281--X086535--Y056021--Z211086--T2677009314.png,WE00064---F009--PO01--LO001--CO6--SL001--PX32500--PW0100--IN0020--TM281--X086535--Y056021--Z211086--T2677009314,WE00064---F009--PO01--LO001--CO6--SL001--PX32500--PW0100--IN0020--TM281--X086535--Y056021--Z211086--T2677009314,3558.0,5223.0,328.048773235279,111.54591222212865,58.448180918557526,0.4840816326530612,0.8517286160382289,0.6812176909821941,101.6366075781753,0.2785743462998044,0.025140142796365905,0.005947694492042409,0.0014577394987154043,1.2147561746084397e-06,-8.338169999935735e-05,4.116862641382577e-06,98.0,75.0,1.3066666666666666
WE00064---F009--PO01--LO001--CO6--SL001--PX32500--PW0100--IN0020--TM281--X086535--Y056021--Z212737--T2354221750.png,WE00064---F009--PO01--LO001--CO6--SL001--PX32500--PW0100--IN0020--TM281--X086535--Y056021--Z212737--T2354221750,WE00064---F009--PO01--LO001--CO6--SL001--PX32500--PW0100--IN0020--TM281--X086535--Y056021--Z212737--T2354221750,3393.0,6739.0,396.6883835420683,141.17433439844584,58.09072950357074,0.3307017543859649,0.91141778396139,0.5034871642676955,135.6244815658294,0.42927950094129874,0.09300050451465641,0.030944133008129905,0.021599754683155073,0.0005429750417063336,0.003643018364244341,-0.00013043406192181348,76.0,135.0,0.562962962962963
WE00064---F009--PO01--LO001--CO6--SL001--PX32500--PW0100--IN0020--TM282--X086535--Y056021--Z209481--T2691044909.png,WE00064---F009--PO01--LO001--CO6--SL001--PX32500--PW0100--IN0020--TM282--X086535--Y056021--Z209481--T2691044909,WE00064---F009--PO01--LO001--CO6--SL001--PX32500--PW0100--IN0020--TM282--X086535--Y056021--Z209481--T2691044909,4064.0,5803.0,507.4213562373095,226.9090893292808,33.42078718307898,0.38749046529366893,0.9890937787164658,0.7003274168533518,229.36651891677653,0.8090041190357435,0.6000812930797939,0.3850880383123305,0.33874379276478567,0.12234465355746059,0.26232384132760944,-0.000374770772649885,228.0,46.0,4.956521739130435
WE00064---F009--PO01--LO001--CO6--SL001--PX32500--PW0100--IN0020--TM284--X086535--Y056021--Z209453--T2863635718.png,WE00064---F009--PO01--LO001--CO6--SL001--PX32500--PW0100--IN0020--TM284--X086535--Y056021--Z209453--T2863635718,WE00064---F009--PO01--LO001--CO6--SL001--PX32500--PW0100--IN0020--TM284--X086535--Y056021--Z209453--T2863635718,2888.0,4676.0,354.6345596729059,91.16274579473024,72.17299688886197,0.475,0.6109178707161333,0.6176218990590248,81.58431221748455,0.29258110501978646,0.004505744534906716,0.002777842218493154,0.002405558018259182,4.123283265185797e-06,-7.1167431968839996e-06,4.654764798740767e-06,76.0,80.0,0.95
WE00065---F008--PO01--LO001--CO6--SL001--PX32500--PW0100--IN0020--TM250--X077526--Y056021--Z209270--T2941286334.png,WE00065---F008--PO01--LO001--CO6--SL001--PX32500--PW0100--IN0020--TM250--X077526--Y056021--Z209270--T2941286334,WE00065---F008--PO01--LO001--CO6--SL001--PX32500--PW0100--IN0020--TM250--X077526--Y056021--Z209270--T2941286334,3760.0,5515.0,351.01933598375615,110.19800013384466,67.2189274458614,0.5449275362318841,0.7924143551283632,0.6817769718948323,103.07764064044152,0.27696116091208123,0.016065288718329927,0.005639253091720017,0.0021426301539577072,4.812786014734321e-06,2.8778757738815102e-05,5.6839895177513895e-06,100.0,69.0,1.4492753623188406
WE00065---F008--PO01--LO001--CO6--SL001--PX32500--PW0100--IN0020--TM254--X077526--Y056021--Z211373--T2929269193.png,WE00065---F008--PO01--LO001--CO6--SL001--PX32500--PW0100--IN0020--TM254--X077526--Y056021--Z211373--T2929269193,WE00065---F008--PO01--LO001--CO6--SL001--PX32500--PW0100--IN0020--TM254--X077526--Y056021--Z211373--T2929269193,2882.0,5199.0,387.06096654409873,106.27328213801023,67.00453022046369,0.4060298675683291,0.7761951661384562,0.5543373725716484,92.76313923105448,0.34228872238137925,0.021774700534953194,0.002532939418910844,0.003199201311775626,9.098558812194316e-06,-2.8425435426638525e-05,3.917326672621262e-07,78.0,91.0,0.8571428571428571
WE00065---F008--PO01--LO001--CO6--SL001--PX32500--PW0100--IN0020--TM269--X077526--Y056021--Z215183--T2847058286.png,WE00065---F008--PO01--LO001--CO6--SL001--PX32500--PW0100--IN0020--TM269--X077526--Y056021--Z215183--T2847058286,WE00065---F008--PO01--LO001--CO6--SL001--PX32500--PW0100--IN0020--TM269--X077526--Y056021--Z215183--T2847058286,4331.0,7239.0,455.38686835190333,201.56758985084682,39.773742419981,0.24543805961691034,0.9803387089935164,0.5982870562232353,188.85973631242842,0.609146904069069,0.3175199986476164,0.08987498633533034,0.07580414434820526,0.006251505439852978,0.04134959814284712,-0.00025963545155424585,173.0,102.0,1.696078431372549
WE00065---F008--PO01--LO001--CO6--SL001--PX32500--PW0100--IN0020--TM280--X077526--Y056021--Z209075--T2855199234.png,WE00065---F008--PO01--LO001--CO6--SL001--PX32500--PW0100--IN0020--TM280--X077526--Y056021--Z209075--T2855199234,WE00065---F008--PO01--LO001--CO6--SL001--PX32500--PW0100--IN0020--TM280--X077526--Y056021--Z209075--T2855199234,3874.0,5432.0,502.48023074035524,245.41331769384777,28.69719245103218,0.4413305992253361,0.9931396727393765,0.7131811487481591,231.3114783144148,0.9849513641596708,0.9184904223956907,0.4859835083693622,0.4400695796620188,0.2035126186782981,0.42158738289268205,-0.0005251882997437049,231.0,38.0,6.078947368421052
WE00065---F008--PO01--LO001--CO6--SL001--PX32500--PW0100--IN0020--TM280--X077526--Y056021--Z213261--T2339748424.png,WE00065---F008--PO01--LO001--CO6--SL001--PX32500--PW0100--IN0020--TM280--X077526--Y056021--Z213261--T2339748424,WE00065---F008--PO01--LO001--CO6--SL001--PX32500--PW0100--IN0020--TM280--X077526--Y056021--Z213261--T2339748424,3128.0,5288.0,368.048773235279,113.96680756356201,65.48617234945094,0.4455840455840456,0.8184291796240133,0.5915279878971256,98.812954616285,0.3452060421038197,0.030217915176488756,0.008136397786580983,0.0028245806167657246,3.6604476710301505e-06,-0.0001807503979125245,1.3036743772536982e-05,90.0,78.0,1.1538461538461537
WE00065---F008--PO01--LO001--CO6--SL001--PX32500--PW0100--IN0020--TM281--X077526--Y056021--Z210086--T2677090247.png,WE00065---F008--PO01--LO001--CO6--SL001--PX32500--PW0100--IN0020--TM281--X077526--Y056021--Z210086--T2677090247,WE00065---F008--PO01--LO001--CO6--SL001--PX32500--PW0100--IN0020--TM281--X077526--Y056021--Z210086--T2677090247,3021.0,4416.0,304.3919189857867,97.40577780167878,55.89449974928911,0.4615737203972498,0.8189734151952287,0.6841032608695652,88.81441324469807,0.26092520381027184,0.01733311728881476,0.00397009224941342,0.0010323883013364874,3.010553959480435e-07,-5.3917155733808274e-05,-2.0682940604866545e-06,77.0,85.0,0.9058823529411765
WE00065---F008--PO01--LO001--CO6--SL001--PX32500--PW0100--IN0020--TM281--X077526--Y056021--Z211337--T2354302064.png,WE00065---F008--PO01--LO001--CO6--SL001--PX32500--PW0100--IN0020--TM281--X077526--Y056021--Z211337--T2354302064,WE00065---F008--PO01--LO001--CO6--SL001--PX32500--PW0100--IN0020--TM281--X077526--Y056021--Z211337--T2354302064,2580.0,3122.0,258.99494936611666,110.51019239889202,33.21922082190064,0.6142857142857143,0.953750710627228,0.8263933376040999,105.17128885774862,0.32257798585402914,0.07242182439728377,0.0020571047321945053,0.0006901417214857451,7.012179379208435e-07,9.425822020278914e-05,-4.2951985788787635e-07,105.0,40.0,2.625
WE00065---F008--PO01--LO001--CO6--SL001--PX32500--PW0100--IN0020--TM281--X077526--Y056021--Z211839--T2364818185.png,WE00065---F008--PO01--LO001--CO6--SL001--PX32500--PW0100--IN0020--TM281--X077526--Y056021--Z211839--T2364818185,WE00065---F008--PO01--LO001--CO6--SL001--PX32500--PW0100--IN0020--TM281--X077526--Y056021--Z211839--T2364818185,4262.0,8085.0,443.445742854949,182.16572606594485,62.006516266622945,0.3109587042171312,0.940286083453195,0.5271490414347557,161.27616066858735,0.5430132539396973,0.18511425103255433,0.06257724361647019,0.03450231119610285,0.0015480607075614625,0.009589598947447127,0.00041674089928664024,154.0,89.0,1.7303370786516854
WE00065---F008--PO01--LO001--CO6--SL001--PX32500--PW0100--IN0020--TM282--X077526--Y056021--Z209281--T2691125596.png,WE00065---F008--PO01--LO001--CO6--SL001--PX32500--PW0100--IN0020--TM282--X077526--Y056021--Z209281--T2691125596,WE00065---F008--PO01--LO001--CO6--SL001--PX32500--PW0100--IN0020--TM282--X077526--Y056021--Z209281--T2691125596,4294.0,10416.0,544.3990616607231,220.0374718945781,62.50204209195205,0.218568665377176,0.9588089326920501,0.4122503840245776,213.02582003128165,0.761571295753106,0.4197114588582766,0.2135038865739027,0.1971211126678994,0.040418803513662685,0.10692080086324111,-0.0012843659440361973,209.0,94.0,2.223404255319149
WE00065---F008--PO01--LO001--CO6--SL001--PX32500--PW0100--IN0020--TM284--X077526--Y056021--Z211253--T2863708177.png,WE00065---F008--PO01--LO001--CO6--SL001--PX32500--PW0100--IN0020--TM284--X077526--Y056021--Z211253--T2863708177,WE00065---F008--PO01--LO001--CO6--SL001--PX32500--PW0100--IN0020--TM284--X077526--Y056021--Z211253--T2863708177,3436.0,5167.0,356.0904037956216,108.49255038781531,62.31014552815133,0.5398271798900236,0.818626339810369,0.66498935552545,96.93296652842108,0.2847276579851579,0.02058715125194137,0.005115599878580973,0.0014290085644498302,2.866528533475351e-07,-0.00013034258850810903,3.85302618563439e-06,67.0,95.0,0.7052631578947368
WE00066---F007--PO01--LO001--CO6--SL001--PX32500--PW0100--IN0020--TM251--X068517--Y056021--Z208870--T2941366046.png,WE00066---F007--PO01--LO001--CO6--SL001--PX32500--PW0100--IN0020--TM251--X068517--Y056021--Z208870--T2941366046,WE00066---F007--PO01--LO001--CO6--SL001--PX32500--PW0100--IN0020--TM251--X068517--Y056021--Z208870--T2941366046,3141.0,5618.0,389.3624817342638,113.8726561322559,74.64234833123469,0.43003833515881706,0.7552041507561928,0.5590957636169456,99.40321926376429,0.36888057105651806,0.021655062350390487,0.008295418683694477,0.0038922852087654564,1.702647353240923e-05,-0.0001645739759416234,1.4115973587216007e-05,83.0,88.0,0.9431818181818182
WE00066---F007--PO01--LO001--CO6--SL001--PX32500--PW0100--IN0020--TM254--X068517--Y056021--Z212373--T2929348174.png,WE00066---F007--PO01--LO001--CO6--SL001--PX32500--PW0100--IN0020--TM254--X068517--Y056021--Z212373--T2929348174,WE00066---F007--PO01--LO001--CO6--SL001--PX32500--PW0100--IN0020--TM254--X068517--Y056021--Z212373--T2929348174,3147.0,5475.0,397.747258045114,109.29132211043704,71.49788789258739,0.44625638116846283,0.7563255161248843,0.5747945205479452,95.2102935611481,0.3387460490496563,0.01841383627604485,0.0014884510534685239,0.0029538877520822503,5.7034912195671895e-06,-4.110962908727164e-05,2.415271771528744e-06,86.0,82.0,1.048780487804878
WE00066---F007--PO01--LO001--CO6--SL001--PX32500--PW0100--IN0020--TM269--X068517--Y056021--Z211383--T2847137734.png,WE00066---F007--PO01--LO001--CO6--SL001--PX32500--PW0100--IN0020--TM269--X068517--Y056021--Z211383--T2847137734,WE00066---F007--PO01--LO001--CO6--SL001--PX32500--PW0100--IN0020--TM269--X068517--Y056021--Z211383--T2847137734,4001.0,8404.0,446.8599564173221,147.61765243751734,73.87522830739326,0.3140502354788069,0.8657655414751599,0.47608281770585437,140.91131963046828,0.42565172251676364,0.06509944638324416,0.039442708863216255,0.023028890608716986,0.000633231716429015,0.0028239660295398938,0.0002841262553226877,140.0,91.0,1.5384615384615385
WE00066---F007--PO01--LO001--CO6--SL001--PX32500--PW0100--IN0020--TM280--X068517--Y056021--Z212275--T2855279134.png,WE00066---F007--PO01--LO001--CO6--SL001--PX32500--PW0100--IN0020--TM280--X068517--Y056021--Z212275--T2855279134,WE00066---F007--PO01--LO001--CO6--SL001--PX32500--PW0100--IN0020--TM280--X068517--Y056021--Z212275--T2855279134,4727.0,6015.0,505.90663761154804,238.66699117312595,30.47858056933396,0.36694612637789165,0.9918124054968549,0.7858686616791355,229.5125268912353,0.7654283444726355,0.5488787368014608,0.14358808125060535,0.12711644056318222,0.017173471779416586,0.09400689279453699,7.070347201835851e-05,226.0,57.0,3.9649122807017543
WE00066---F007--PO01--LO001--CO6--SL001--PX32500--PW0100--IN0020--TM280--X068517--Y056021--Z219461--T2339829804.png,WE00066---F007--PO01--LO001--CO6--SL001--PX32500--PW0100--IN0020--TM280--X068517--Y056021--Z219461--T2339829804,WE00066---F007--PO01--LO001--CO6--SL001--PX32500--PW0100--IN0020--TM280--X068517--Y056021--Z219461--T2339829804,4019.0,7914.0,445.93102422918764,135.084025665038,82.5568119037919,0.3353638184245661,0.7915136011312552,0.5078342178417994,118.27087553578015,0.38976301912152783,0.03160629061767563,0.018332479674302214,0.014068757663005523,0.00020895846436026967,0.0010997171227279932,-8.593895244190149e-05,107.0,112.0,0.9553571428571429
WE00066---F007--PO01--LO001--CO6--SL001--PX32500--PW0100--IN0020--TM281--X068517--Y056021--Z210639--T2364898962.png,WE00066---F007--PO01--LO001--CO6--SL001--PX32500--PW0100--IN0020--TM281--X068517--Y056021--Z210639--T2364898962,WE00066---F007--PO01--LO001--CO6--SL001--PX32500--PW0100--IN0020--TM281--X068517--Y056021--Z210639--T2364898962,4172.0,6219.0,499.22034611053283,222.4850221875558,34.46011965876474,0.37524734664508,0.9879321348257707,0.6708474031194726,219.31712199461307,0.7593343262328258,0.5238211155061081,0.286390987022072,0.24780688538807347,0.066015428516051,0.1792680867092469,0.0002930918342544282,218.0,51.0,4.2745098039215685
WE00066---F007--PO01--LO001--CO6--SL001--PX32500--PW0100--IN0020--TM281--X068517--Y056021--Z210886--T2677170943.png,WE00066---F007--PO01--LO001--CO6--SL001--PX32500--PW0100--IN0020--TM281--X068517--Y056021--Z210886--T2677170943,WE00066---F007--PO01--LO001--CO6--SL001--PX32500--PW0100--IN0020--TM281--X068517--Y056021--Z210886--T2677170943,3795.0,6172.0,375.1614716074871,123.77040158428737,68.97587673751512,0.4125,0.830318631509753,0.6148736228127025,105.68348972285122,0.33064532081759956,0.030254000314539606,0.009459936030589635,0.00201029062944816,-2.474077418462156e-06,-0.00027237724284331623,8.41026958621464e-06,100.0,92.0,1.0869565217391304
WE00066---F007--PO01--LO001--CO6--SL001--PX32500--PW0100--IN0020--TM281--X068517--Y056021--Z212737--T2354382022.png,WE00066---F007--PO01--LO001--CO6--SL001--PX32500--PW0100--IN0020--TM281--X068517--Y056021--Z212737--T2354382022,WE00066---F007--PO01--LO001--CO6--SL001--PX32500--PW0100--IN0020--TM281--X068517--Y056021--Z212737--T2354382022,4236.0,6824.0,441.2447327281724,192.4997073649843,50.458951740349725,0.23431795552605378,0.9650339771808183,0.6207502930832356,180.54639292990598,0.5843107168664355,0.2592619862167351,0.09932560504204231,0.05230527189050021,0.0036810804206843573,0.022452195141466253,-0.0008142695617835874,131.0,138.0,0.9492753623188406
WE00066---F007--PO01--LO001--CO6--SL001--PX32500--PW0100--IN0020--TM282--X068517--Y056021--Z210081--T2691205924.png,WE00066---F007--PO01--LO001--CO6--SL001--PX32500--PW0100--IN0020--TM282--X068517--Y056021--Z210081--T2691205924,WE00066---F007--PO01--LO001--CO6--SL001--PX32500--PW0100--IN0020--TM282--X068517--Y056021--Z210081--T2691205924,5522.0,6687.0,529.6223663640862,249.29697116121275,32.89094199649174,0.5049839963420211,0.9912583986121132,0.825781366831165,244.28262320517192,0.7156690725232154,0.47773026811423425,0.09636704622011552,0.0856581940621213,0.007782314146170059,0.05910121038907019,-4.9785988309567104e-05,243.0,45.0,5.4
WE00066---F007--PO01--LO001--CO6--SL001--PX32500--PW0100--IN0020--TM284--X068517--Y056021--Z212053--T2863780949.png,WE00066---F007--PO01--LO001--CO6--SL001--PX32500--PW0100--IN0020--TM284--X068517--Y056021--Z212053--T2863780949,WE00066---F007--PO01--LO001--CO6--SL001--PX32500--PW0100--IN0020--TM284--X068517--Y056021--Z212053--T2863780949,3331.0,4859.0,368.6761902332485,97.0879240367297,69.24505120201873,0.5368251410153102,0.7009402270619707,0.685532002469644,90.13878188659973,0.26682944516909324,0.007550845234767435,0.0007889044356312881,0.0009152204240298558,7.095490953498235e-07,-2.8891039369411792e-05,3.1831709458997597e-07,85.0,73.0,1.1643835616438356
WE00067---F006--PO01--LO001--CO6--SL001--PX32500--PW0100--IN0020--TM252--X059508--Y056021--Z210070--T2941445381.png,WE00067---F006--PO01--LO001--CO6--SL001--PX32500--PW0100--IN0020--TM252--X059508--Y056021--Z210070--T2941445381,WE00067---F006--PO01--LO001--CO6--SL001--PX32500--PW0100--IN0020--TM252--X059508--Y056021--Z210070--T2941445381,3469.0,6291.0,398.3330444827409,158.6747941120287,56.28255085983279,0.29982713915298187,0.9349787277319375,0.5514226673024957,141.4390328021229,0.5106914063452068,0.15724980994846313,0.045595081355422624,0.01301592818292283,0.00021586217622130511,0.0008425350170405215,-0.00023225971038619509,130.0,89.0,1.4606741573033708
WE00067---F006--PO01--LO001--CO6--SL001--PX32500--PW0100--IN0020--TM254--X059508--Y056021--Z210373--T2929426713.png,WE00067---F006--PO01--LO001--CO6--SL001--PX32500--PW0100--IN0020--TM254--X059508--Y056021--Z210373--T2929426713,WE00067---F006--PO01--LO001--CO6--SL001--PX32500--PW0100--IN0020--TM254--X059508--Y056021--Z210373--T2929426713,3376.0,5777.0,367.50461735799473,132.91693402134084,53.44074048149357,0.39957391407267134,0.9156128005868708,0.5843863597022676,121.85236969382254,0.37993972328280173,0.07518372530696278,0.019185246559210275,0.010733698537454844,0.00014691250535564822,0.001665766369538154,4.6284190345570665e-05,119.0,71.0,1.676056338028169
WE00067---F006--PO01--LO001--CO6--SL001--PX32500--PW0100--IN0020--TM269--X059508--Y056021--Z215183--T2847217292.png,WE00067---F006--PO01--LO001--CO6--SL001--PX32500--PW0100--IN0020--TM269--X059508--Y056021--Z215183--T2847217292,WE00067---F006--PO01--LO001--CO6--SL001--PX32500--PW0100--IN0020--TM269--X059508--Y056021--Z215183--T2847217292,3799.0,6528.0,388.1614716074871,147.73192271371033,50.19148523044352,0.35637898686679176,0.9405168476148287,0.5819546568627451,138.42326394071193,0.40049858808777816,0.1008753759619135,0.021335971432097707,0.013278165289055052,0.00021641306972482603,0.0030968493186977935,5.5806489398926983e-05,130.0,82.0,1.5853658536585367
WE00067---F006--PO01--LO001--CO6--SL001--PX32500--PW0100--IN0020--TM280--X059508--Y056021--Z209475--T2855359018.png,WE00067---F006--PO01--LO001--CO6--SL001--PX32500--PW0100--IN0020--TM280--X059508--Y056021--Z209475--T2855359018,WE00067---F006--PO01--LO001--CO6--SL001--PX32500--PW0100--IN0020--TM280--X059508--Y056021--Z209475--T2855359018,4783.0,5804.0,523.1198410471445,245.59059599973872,29.057681262014242,0.34091233071988597,0.9929758072855831,0.8240868366643694,236.02754076590298,0.7991727169641399,0.6038942233681338,0.13151904742211862,0.11855596647548054,0.014803998452204887,0.09212989034766006,2.056945919597271e-05,230.0,61.0,3.7704918032786887
WE00067---F006--PO01--LO001--CO6--SL001--PX32500--PW0100--IN0020--TM280--X059508--Y056021--Z213861--T2339911361.png,WE00067---F006--PO01--LO001--CO6--SL001--PX32500--PW0100--IN0020--TM280--X059508--Y056021--Z213861--T2339911361,WE00067---F006--PO01--LO001--CO6--SL001--PX32500--PW0100--IN0020--TM280--X059508--Y056021--Z213861--T2339911361,3943.0,7324.0,405.88939366884495,134.33420759381553,73.87851469591638,0.4012006512006512,0.8351906329770004,0.5383670125614418,128.08200498118384,0.37255443608187055,0.039810296444158136,0.030202212889761083,0.016723155250405478,0.00033827766817212044,0.0018760463211047128,0.00016376762978161902,126.0,78.0,1.6153846153846154
WE00067---F006--PO01--LO001--CO6--SL001--PX32500--PW0100--IN0020--TM281--X059508--Y056021--Z209039--T2364980023.png,WE00067---F006--PO01--LO001--CO6--SL001--PX32500--PW0100--IN0020--TM281--X059508--Y056021--Z209039--T2364980023,WE00067---F006--PO01--LO001--CO6--SL001--PX32500--PW0100--IN0020--TM281--X059508--Y056021--Z209039--T2364980023,3869.0,7767.0,428.51681066681454,154.3020570106925,75.54009187019503,0.3960892710892711,0.8719696975015504,0.49813312733359083,136.0624856453828,0.4767935880958985,0.08551750246598507,0.052394824621044105,0.028165850255287242,0.0010120343164437481,0.004668235438866839,-0.00038277564444288146,132.0,74.0,1.7837837837837838
WE00067---F006--PO01--LO001--CO6--SL001--PX32500--PW0100--IN0020--TM281--X059508--Y056021--Z210086--T2677251997.png,WE00067---F006--PO01--LO001--CO6--SL001--PX32500--PW0100--IN0020--TM281--X059508--Y056021--Z210086--T2677251997,WE00067---F006--PO01--LO001--CO6--SL001--PX32500--PW0100--IN0020--TM281--X059508--Y056021--Z210086--T2677251997,3261.0,5389.0,383.88939366884495,99.515997512525,71.83461367718596,0.4638031574455981,0.692060125294869,0.6051215438856931,90.80198235721508,0.2887083234257788,0.008264286176147884,0.0021163521262785308,0.0025469804582735726,3.114427796367092e-06,-5.522752501705066e-05,5.026714066242061e-06,79.0,89.0,0.8876404494382022
WE00067---F006--PO01--LO001--CO6--SL001--PX32500--PW0100--IN0020--TM281--X059508--Y056021--Z213137--T2354462452.png,WE00067---F006--PO01--LO001--CO6--SL001--PX32500--PW0100--IN0020--TM281--X059508--Y056021--Z213137--T2354462452,WE00067---F006--PO01--LO001--CO6--SL001--PX32500--PW0100--IN0020--TM281--X059508--Y056021--Z213137--T2354462452,3517.0,8100.0,456.8183258569795,183.72202535077142,65.05721682938061,0.21574039995092625,0.9352049938818581,0.43419753086419755,168.8342382338369,0.6750466317275827,0.2752247365907511,0.15197820090057235,0.08839044091116433,0.00999259924361751,0.028587949660483017,0.002258655911430257,143.0,114.0,1.2543859649122806
WE00067---F006--PO01--LO001--CO6--SL001--PX32500--PW0100--IN0020--TM282--X059508--Y056021--Z209681--T2691286241.png,WE00067---F006--PO01--LO001--CO6--SL001--PX32500--PW0100--IN0020--TM282--X059508--Y056021--Z209681--T2691286241,WE00067---F006--PO01--LO001--CO6--SL001--PX32500--PW0100--IN0020--TM282--X059508--Y056021--Z209681--T2691286241,5233.0,7114.0,564.350288425444,266.82748411011767,32.55460588826249,0.48670014880952384,0.9925293388794965,0.7355917908349733,256.632032295269,0.8629933671062868,0.7017044382470184,0.24042199688289725,0.21434274357926927,0.0486569142771837,0.17926617024589928,0.0002496115611287219,256.0,42.0,6.095238095238095
WE00067---F006--PO01--LO001--CO6--SL001--PX32500--PW0100--IN0020--TM284--X059508--Y056021--Z210653--T2863854113.png,WE00067---F006--PO01--LO001--CO6--SL001--PX32500--PW0100--IN0020--TM284--X059508--Y056021--Z210653--T2863854113,WE00067---F006--PO01--LO001--CO6--SL001--PX32500--PW0100--IN0020--TM284--X059508--Y056021--Z210653--T2863854113,3260.0,5349.0,378.19090885901,101.68161236903471,75.5265180692998,0.4854802680565897,0.6695415644538559,0.6094597120957188,90.47098982546837,0.3075806216571875,0.007895955687982313,0.002188049649194969,0.001918403918813154,2.4231293169268224e-06,-9.481043599523367e-05,-3.094612199954481e-06,85.0,79.0,1.0759493670886076
WE00068---F005--PO01--LO001--CO6--SL001--PX32500--PW0100--IN0020--TM252--X050499--Y056021--Z209270--T2941524763.png,WE00068---F005--PO01--LO001--CO6--SL001--PX32500--PW0100--IN0020--TM252--X050499--Y056021--Z209270--T2941524763,WE00068---F005--PO01--LO001--CO6--SL001--PX32500--PW0100--IN0020--TM252--X050499--Y056021--Z209270--T2941524763,3464.0,6748.0,405.1198410471445,160.86100924896581,56.315756866900756,0.28963210702341136,0.9367162395277441,0.5133372851215174,146.37281168304446,0.5241001870685578,0.16781841797024816,0.0424013273486635,0.01568159553620779,0.0003417117899372717,0.001175701008313945,0.00021620653501342824,130.0,92.0,1.4130434782608696
WE00068---F005--PO01--LO001--CO6--SL001--PX32500--PW0100--IN0020--TM254--X050499--Y056021--Z212173--T2929506269.png,WE00068---F005--PO01--LO001--CO6--SL001--PX32500--PW0100--IN0020--TM254--X050499--Y056021--Z212173--T2929506269,WE00068---F005--PO01--LO001--CO6--SL001--PX32500--PW0100--IN0020--TM254--X050499--Y056021--Z212173--T2929506269,3490.0,5221.0,353.22034611053283,110.0712358177786,58.867085677524,0.49461451247165533,0.8449729887858393,0.6684543190959586,106.47065323364932,0.27902956179473454,0.023998044550561426,0.004325790339784098,0.0022194705587878245,5.960202358027821e-06,8.12985936154261e-05,3.4308619678855215e-06,98.0,72.0,1.3611111111111112
WE00068---F005--PO01--LO001--CO6--SL001--PX32500--PW0100--IN0020--TM269--X050499--Y056021--Z214583--T2847296909.png,WE00068---F005--PO01--LO001--CO6--SL001--PX32500--PW0100--IN0020--TM269--X050499--Y056021--Z214583--T2847296909,WE00068---F005--PO01--LO001--CO6--SL001--PX32500--PW0100--IN0020--TM269--X050499--Y056021--Z214583--T2847296909,2997.0,3978.0,276.69343417595167,83.99373578362326,56.42827044678425,0.5441176470588235,0.740718775497499,0.753393665158371,85.61541917201598,0.21352805631682809,0.006516097177013366,0.003865411679644276,0.0006715162632654742,8.551871626213749e-07,2.3189494939899535e-05,-6.626753276841287e-07,68.0,81.0,0.8395061728395061
WE00068---F005--PO01--LO001--CO6--SL001--PX32500--PW0100--IN0020--TM280--X050499--Y056021--Z213475--T2855438758.png,WE00068---F005--PO01--LO001--CO6--SL001--PX32500--PW0100--IN0020--TM280--X050499--Y056021--Z213475--T2855438758,WE00068---F005--PO01--LO001--CO6--SL001--PX32500--PW0100--IN0020--TM280--X050499--Y056021--Z213475--T2855438758,4921.0,8309.0,486.3746750430836,207.59262517965124,47.556447246448435,0.3518266962179166,0.9734063193643113,0.5922493681550126,202.07424378183381,0.5760555997724471,0.268953768489083,0.056661936727318535,0.04425422681786087,0.002210421612282334,0.019604021492352092,-0.00015771871492228093,197.0,71.0,2.7746478873239435
WE00068---F005--PO01--LO001--CO6--SL001--PX32500--PW0100--IN0020--TM280--X050499--Y056021--Z213861--T2339992282.png,WE00068---F005--PO01--LO001--CO6--SL001--PX32500--PW0100--IN0020--TM280--X050499--Y056021--Z213861--T2339992282,WE00068---F005--PO01--LO001--CO6--SL001--PX32500--PW0100--IN0020--TM280--X050499--Y056021--Z213861--T2339992282,5000.0,7232.0,482.47518010647184,207.12941736082539,45.03649862505994,0.2727322314951181,0.9760755408923482,0.6913716814159292,204.70710783946902,0.5616360218080003,0.26104830672298873,0.06841856981281809,0.03921254449934178,0.0020073339595820753,0.017820401050652766,0.0003095947411343925,189.0,97.0,1.9484536082474226
WE00068---F005--PO01--LO001--CO6--SL001--PX32500--PW0100--IN0020--TM281--X050499--Y056021--Z207537--T2354542655.png,WE00068---F005--PO01--LO001--CO6--SL001--PX32500--PW0100--IN0020--TM281--X050499--Y056021--Z207537--T2354542655,WE00068---F005--PO01--LO001--CO6--SL001--PX32500--PW0100--IN0020--TM281--X050499--Y056021--Z207537--T2354542655,3557.0,5060.0,429.5218613006978,194.95963347289333,36.50711309964041,0.42269756387403445,0.9823113899946947,0.7029644268774704,187.77113729218343,0.6912782539843062,0.41530563342875476,0.08354095324155299,0.049601429213303974,0.003163336150691834,0.028547701852627293,0.00043379899519026743,187.0,45.0,4.155555555555556
WE00068---F005--PO01--LO001--CO6--SL001--PX32500--PW0100--IN0020--TM281--X050499--Y056021--Z208086--T2677333288.png,WE00068---F005--PO01--LO001--CO6--SL001--PX32500--PW0100--IN0020--TM281--X050499--Y056021--Z208086--T2677333288,WE00068---F005--PO01--LO001--CO6--SL001--PX32500--PW0100--IN0020--TM281--X050499--Y056021--Z208086--T2677333288,3079.0,4549.0,306.9360748630709,103.75382281069032,55.8309617911629,0.4165313852813853,0.8428746697009858,0.6768520553967905,102.39628899525607,0.28178694467275117,0.024099559026089068,0.009369390736110655,0.0026525277364372467,7.260801831565598e-06,3.463208924171343e-05,-1.1051743297059766e-05,84.0,88.0,0.9545454545454546
WE00068---F005--PO01--LO001--CO6--SL001--PX32500--PW0100--IN0020--TM281--X050499--Y056021--Z208839--T2365060295.png,WE00068---F005--PO01--LO001--CO6--SL001--PX32500--PW0100--IN0020--TM281--X050499--Y056021--Z208839--T2365060295,WE00068---F005--PO01--LO001--CO6--SL001--PX32500--PW0100--IN0020--TM281--X050499--Y056021--Z208839--T2365060295,3041.0,4840.0,332.97770542341357,99.73030202272294,63.10103636992903,0.3939629485684674,0.7743832811234119,0.628305785123967,93.34345183246653,0.28625193054305004,0.01502656116559032,0.005780584889229126,0.0011328151425323446,-6.725903494281306e-07,-0.00013886201366364144,-2.8197347179850992e-06,93.0,83.0,1.1204819277108433
WE00068---F005--PO01--LO001--CO6--SL001--PX32500--PW0100--IN0020--TM282--X050499--Y056021--Z210081--T2691365736.png,WE00068---F005--PO01--LO001--CO6--SL001--PX32500--PW0100--IN0020--TM282--X050499--Y056021--Z210081--T2691365736,WE00068---F005--PO01--LO001--CO6--SL001--PX32500--PW0100--IN0020--TM282--X050499--Y056021--Z210081--T2691365736,5198.0,6879.0,529.1787155501902,251.17362475487704,32.39693432328356,0.5282520325203252,0.9916469050305693,0.7556330862043902,240.40798655618744,0.7711830406652912,0.5564316946258527,0.12603553625323954,0.10835365446028014,0.012660998203116117,0.0797625837961563,-0.00018003979610255964,240.0,41.0,5.853658536585366
WE00068---F005--PO01--LO001--CO6--SL001--PX32500--PW0100--IN0020--TM284--X050499--Y056021--Z212053--T2863926906.png,WE00068---F005--PO01--LO001--CO6--SL001--PX32500--PW0100--IN0020--TM284--X050499--Y056021--Z212053--T2863926906,WE00068---F005--PO01--LO001--CO6--SL001--PX32500--PW0100--IN0020--TM284--X050499--Y056021--Z212053--T2863926906,3237.0,5138.0,356.1137443927346,98.92640112194393,70.38512063264915,0.48779385171790235,0.7026964724093904,0.6300116776956014,88.48163651289458,0.2846095544758326,0.008705517028173498,0.0036190173806052092,0.0019310047329423644,2.5506647044864865e-06,-5.130454777549532e-05,4.421774055234542e-06,84.0,79.0,1.0632911392405062
WE00069---F004--PO01--LO001--CO6--SL001--PX32500--PW0100--IN0020--TM253--X041490--Y056021--Z210070--T2941603820.png,WE00069---F004--PO01--LO001--CO6--SL001--PX32500--PW0100--IN0020--TM253--X041490--Y056021--Z210070--T2941603820,WE00069---F004--PO01--LO001--CO6--SL001--PX32500--PW0100--IN0020--TM253--X041490--Y056021--Z210070--T2941603820,3494.0,5990.0,399.8183258569795,158.5164334714667,52.21195922223613,0.29863247863247866,0.9441978493643718,0.58330550918197,142.29898102235308,0.4982389161122347,0.16056963883567754,0.04151070661459024,0.010859230082211629,0.00015333254174788955,0.0008140216988846221,0.00017217937178161394,130.0,90.0,1.4444444444444444
WE00069---F004--PO01--LO001--CO6--SL001--PX32500--PW0100--IN0020--TM254--X041490--Y056021--Z210173--T2929585649.png,WE00069---F004--PO01--LO001--CO6--SL001--PX32500--PW0100--IN0020--TM254--X041490--Y056021--Z210173--T2929585649,WE00069---F004--PO01--LO001--CO6--SL001--PX32500--PW0100--IN0020--TM254--X041490--Y056021--Z210173--T2929585649,3251.0,6116.0,426.0315292925759,121.19076179769469,74.71271079727839,0.38491593653800615,0.7873639126652198,0.5315565729234794,105.53672346628922,0.3896722143145059,0.030641229015245974,0.006799703503611848,0.005061200253717476,2.5052724480326635e-05,-9.409791319686743e-07,1.5934813540789985e-05,103.0,82.0,1.2560975609756098
WE00069---F004--PO01--LO001--CO6--SL001--PX32500--PW0100--IN0020--TM269--X041490--Y056021--Z213583--T2847376572.png,WE00069---F004--PO01--LO001--CO6--SL001--PX32500--PW0100--IN0020--TM269--X041490--Y056021--Z213583--T2847376572,WE00069---F004--PO01--LO001--CO6--SL001--PX32500--PW0100--IN0020--TM269--X041490--Y056021--Z213583--T2847376572,3748.0,6875.0,412.5756851698602,128.72325513802977,72.60132914663706,0.3748,0.8257672890112707,0.5451636363636364,113.70136322841516,0.36420473264388736,0.035499286616406105,0.012799672518862184,0.007918712192054072,6.603996943883964e-05,0.00033834110570521935,-4.4658816837103347e-05,100.0,100.0,1.0
WE00069---F004--PO01--LO001--CO6--SL001--PX32500--PW0100--IN0020--TM280--X041490--Y056021--Z214675--T2855518589.png,WE00069---F004--PO01--LO001--CO6--SL001--PX32500--PW0100--IN0020--TM280--X041490--Y056021--Z214675--T2855518589,WE00069---F004--PO01--LO001--CO6--SL001--PX32500--PW0100--IN0020--TM280--X041490--Y056021--Z214675--T2855518589,4299.0,5819.0,493.2102448427662,230.6890233219276,31.329973862685062,0.16662790697674418,0.9907348429203685,0.7387867331156556,223.68057582186256,0.7879593036674428,0.5767168139814612,0.2156543088850149,0.18928291624126126,0.0382406750520818,0.14321031409447413,-0.0003728998114539313,172.0,150.0,1.1466666666666667
WE00069---F004--PO01--LO001--CO6--SL001--PX32500--PW0100--IN0020--TM280--X041490--Y056021--Z217861--T2340073795.png,WE00069---F004--PO01--LO001--CO6--SL001--PX32500--PW0100--IN0020--TM280--X041490--Y056021--Z217861--T2340073795,WE00069---F004--PO01--LO001--CO6--SL001--PX32500--PW0100--IN0020--TM280--X041490--Y056021--Z217861--T2340073795,4953.0,7528.0,455.8061325481597,197.34895648993316,50.05666568044516,0.398023143683703,0.9672972571170882,0.6579436769394261,186.90371852908652,0.5230703665292423,0.21144749342791685,0.05022833615239499,0.020983057393988255,0.0006368517822172933,0.006985144727633624,-0.00024178392240692002,183.0,68.0,2.6911764705882355
WE00069---F004--PO01--LO001--CO6--SL001--PX32500--PW0100--IN0020--TM281--X041490--Y056021--Z202086--T2677413950.png,WE00069---F004--PO01--LO001--CO6--SL001--PX32500--PW0100--IN0020--TM281--X041490--Y056021--Z202086--T2677413950,WE00069---F004--PO01--LO001--CO6--SL001--PX32500--PW0100--IN0020--TM281--X041490--Y056021--Z202086--T2677413950,3776.0,6029.0,394.81832585697947,116.89963759419376,70.57560615203398,0.4384070590967143,0.797190239149819,0.6263061867639741,105.19030373565806,0.3086341607087668,0.020663154012302183,0.005618216967741749,0.0033083322220222398,1.028442535326012e-05,4.357447407490051e-05,9.882594733088364e-06,87.0,99.0,0.8787878787878788
WE00069---F004--PO01--LO001--CO6--SL001--PX32500--PW0100--IN0020--TM281--X041490--Y056021--Z213737--T2354622945.png,WE00069---F004--PO01--LO001--CO6--SL001--PX32500--PW0100--IN0020--TM281--X041490--Y056021--Z213737--T2354622945,WE00069---F004--PO01--LO001--CO6--SL001--PX32500--PW0100--IN0020--TM281--X041490--Y056021--Z213737--T2354622945,4350.0,7445.0,436.45793616376875,173.35915066022258,60.78218759466025,0.2608695652173913,0.9365199686715115,0.5842847548690396,167.38578195294843,0.484883181701526,0.14342893404685408,0.08409030252820124,0.043835387260438265,0.0025761105613309357,0.01392631405842104,0.0006683613002305675,145.0,115.0,1.2608695652173914
WE00069---F004--PO01--LO001--CO6--SL001--PX32500--PW0100--IN0020--TM282--X041490--Y056021--Z211039--T2365140766.png,WE00069---F004--PO01--LO001--CO6--SL001--PX32500--PW0100--IN0020--TM282--X041490--Y056021--Z211039--T2365140766,WE00069---F004--PO01--LO001--CO6--SL001--PX32500--PW0100--IN0020--TM282--X041490--Y056021--Z211039--T2365140766,3499.0,5694.0,390.8772003600252,147.14907368816776,44.886291465290654,0.3472952853598015,0.9523396743483817,0.614506498068142,157.50872991678906,0.422757020734368,0.1230466485730202,0.04461206266405335,0.03212965621251955,0.0012113695326842167,0.010002095776293315,0.00011078436745052807,155.0,65.0,2.3846153846153846
WE00069---F004--PO01--LO001--CO6--SL001--PX32500--PW0100--IN0020--TM282--X041490--Y056021--Z211681--T2691445664.png,WE00069---F004--PO01--LO001--CO6--SL001--PX32500--PW0100--IN0020--TM282--X041490--Y056021--Z211681--T2691445664,WE00069---F004--PO01--LO001--CO6--SL001--PX32500--PW0100--IN0020--TM282--X041490--Y056021--Z211681--T2691445664,5122.0,6547.0,523.5218613006979,246.82110331362688,32.29735200393163,0.5518207282913166,0.9914017439903268,0.7823430578891095,238.30232898568156,0.7560983989093851,0.5338371064840385,0.12832502723597178,0.11315691021151847,0.013635024945193933,0.08231739540573398,-0.00013525529799720713,238.0,39.0,6.102564102564102
WE00069---F004--PO01--LO001--CO6--SL001--PX32500--PW0100--IN0020--TM284--X041490--Y056021--Z213053--T2864000130.png,WE00069---F004--PO01--LO001--CO6--SL001--PX32500--PW0100--IN0020--TM284--X041490--Y056021--Z213053--T2864000130,WE00069---F004--PO01--LO001--CO6--SL001--PX32500--PW0100--IN0020--TM284--X041490--Y056021--Z213053--T2864000130,3198.0,5202.0,385.7117241391813,101.2725351655968,68.54282656811614,0.4935185185185185,0.7361526414704627,0.6147635524798154,91.48223871331527,0.29225776760502437,0.01179889516416608,0.0032529557803898947,0.0030377377461919424,8.196783491467563e-06,3.584599752826112e-05,4.898868657819708e-06,72.0,90.0,0.8
WE00070---F003--PO01--LO001--CO6--SL001--PX32500--PW0100--IN0020--TM254--X032481--Y056021--Z211173--T2929665050.png,WE00070---F003--PO01--LO001--CO6--SL001--PX32500--PW0100--IN0020--TM254--X032481--Y056021--Z211173--T2929665050,WE00070---F003--PO01--LO001--CO6--SL001--PX32500--PW0100--IN0020--TM254--X032481--Y056021--Z211173--T2929665050,2983.0,4997.0,355.4629867976521,105.5966869932087,68.13775783344495,0.43828974434322654,0.7639595278081129,0.596958174904943,93.40770846134703,0.3309045915712136,0.018592427882594298,0.004755562954021032,0.003684374295184607,1.4067967511591826e-05,0.00016200665968730993,6.3195584686968414e-06,83.0,82.0,1.0121951219512195
WE00070---F003--PO01--LO001--CO6--SL001--PX32500--PW0100--IN0020--TM254--X032481--Y056021--Z212070--T2941683149.png,WE00070---F003--PO01--LO001--CO6--SL001--PX32500--PW0100--IN0020--TM254--X032481--Y056021--Z212070--T2941683149,WE00070---F003--PO01--LO001--CO6--SL001--PX32500--PW0100--IN0020--TM254--X032481--Y056021--Z212070--T2941683149,4308.0,7024.0,495.5462479183373,211.75662525603934,41.288721066806595,0.23844578513311562,0.9808068294470574,0.6133257403189066,213.15252754776333,0.67527894073757,0.3916432072748448,0.22886015306416554,0.18510529070863874,0.03808190482834195,0.11375640247780178,0.0011405014361776933,203.0,89.0,2.2808988764044944
WE00070---F003--PO01--LO001--CO6--SL001--PX32500--PW0100--IN0020--TM269--X032481--Y056021--Z214983--T2847455781.png,WE00070---F003--PO01--LO001--CO6--SL001--PX32500--PW0100--IN0020--TM269--X032481--Y056021--Z214983--T2847455781,WE00070---F003--PO01--LO001--CO6--SL001--PX32500--PW0100--IN0020--TM269--X032481--Y056021--Z214983--T2847455781,3929.0,6965.0,402.43354954612926,134.2108438187991,78.98739954113553,0.39431955038137295,0.8084737976252304,0.5641062455132807,122.06555615733703,0.3857781860019259,0.03507601128635307,0.023659426667538855,0.008541331806387895,8.706008204566614e-05,0.0001556191656741354,8.463673442816696e-05,106.0,94.0,1.127659574468085
WE00070---F003--PO01--LO001--CO6--SL001--PX32500--PW0100--IN0020--TM280--X032481--Y056021--Z211275--T2855598293.png,WE00070---F003--PO01--LO001--CO6--SL001--PX32500--PW0100--IN0020--TM280--X032481--Y056021--Z211275--T2855598293,WE00070---F003--PO01--LO001--CO6--SL001--PX32500--PW0100--IN0020--TM280--X032481--Y056021--Z211275--T2855598293,4729.0,6048.0,532.2497833620557,257.37018738142825,28.46986722482383,0.3733322807294545,0.993862957923537,0.7819113756613757,241.84705910967782,0.8861538736063462,0.7477568138841324,0.2120088121365585,0.19420677000609768,0.039406803402628976,0.16784039958606853,0.0001281669381526674,239.0,53.0,4.509433962264151
WE00070---F003--PO01--LO001--CO6--SL001--PX32500--PW0100--IN0020--TM281--X032481--Y056021--Z210937--T2354702924.png,WE00070---F003--PO01--LO001--CO6--SL001--PX32500--PW0100--IN0020--TM281--X032481--Y056021--Z210937--T2354702924,WE00070---F003--PO01--LO001--CO6--SL001--PX32500--PW0100--IN0020--TM281--X032481--Y056021--Z210937--T2354702924,3441.0,8104.0,473.0376259469858,198.4969864775888,58.235495753309145,0.3099441542064493,0.9559952122268153,0.4246051332675222,183.09560344257315,0.7772527355114385,0.42778862243298804,0.22757903098206284,0.1714799288621011,0.033741132495011865,0.09044568039246008,0.003014519388483166,182.0,61.0,2.9836065573770494
WE00070---F003--PO01--LO001--CO6--SL001--PX32500--PW0100--IN0020--TM281--X032481--Y056021--Z211261--T2340155620.png,WE00070---F003--PO01--LO001--CO6--SL001--PX32500--PW0100--IN0020--TM281--X032481--Y056021--Z211261--T2340155620,WE00070---F003--PO01--LO001--CO6--SL001--PX32500--PW0100--IN0020--TM281--X032481--Y056021--Z211261--T2340155620,2730.0,3626.0,270.8944443027283,109.11929331994207,40.62954810618285,0.46682626538987687,0.9280961392782707,0.752895752895753,101.82828683622247,0.31038874436712866,0.05513314714942421,0.0041112418709798254,0.0008970252442024704,7.087485459539046e-07,-1.2772084522020275e-06,-1.5700796755662395e-06,86.0,68.0,1.2647058823529411
WE00070---F003--PO01--LO001--CO6--SL001--PX32500--PW0100--IN0020--TM281--X032481--Y056021--Z212086--T2677495426.png,WE00070---F003--PO01--LO001--CO6--SL001--PX32500--PW0100--IN0020--TM281--X032481--Y056021--Z212086--T2677495426,WE00070---F003--PO01--LO001--CO6--SL001--PX32500--PW0100--IN0020--TM281--X032481--Y056021--Z212086--T2677495426,3084.0,3532.0,252.79393923933998,99.42948267278675,44.22008209217267,0.6111771700356718,0.8956606481285581,0.8731596828992072,93.05912099305473,0.2399813084633692,0.025832473276958565,0.0019995484838149446,0.0004119661550507748,3.271217774460975e-07,5.680205781051716e-05,1.8109213925406475e-07,58.0,87.0,0.6666666666666666
WE00070---F003--PO01--LO001--CO6--SL001--PX32500--PW0100--IN0020--TM282--X032481--Y056021--Z210881--T2691525221.png,WE00070---F003--PO01--LO001--CO6--SL001--PX32500--PW0100--IN0020--TM282--X032481--Y056021--Z210881--T2691525221,WE00070---F003--PO01--LO001--CO6--SL001--PX32500--PW0100--IN0020--TM282--X032481--Y056021--Z210881--T2691525221,5410.0,6704.0,530.5929291125633,247.18239384949456,32.671327273778786,0.4776198463847444,0.9912263996683739,0.806980906921241,242.98559628093184,0.7181902894523683,0.48098006962086765,0.09619899661436138,0.08391192376461185,0.007538708505247645,0.057761354789178085,-7.898708873235803e-05,241.0,47.0,5.127659574468085
WE00070---F003--PO01--LO001--CO6--SL001--PX32500--PW0100--IN0020--TM282--X032481--Y056021--Z213839--T2365221481.png,WE00070---F003--PO01--LO001--CO6--SL001--PX32500--PW0100--IN0020--TM282--X032481--Y056021--Z213839--T2365221481,WE00070---F003--PO01--LO001--CO6--SL001--PX32500--PW0100--IN0020--TM282--X032481--Y056021--Z213839--T2365221481,3337.0,4778.0,306.19090885900994,112.22960643271138,54.554146007616765,0.5363227258116361,0.8739064918384651,0.6984093763080786,102.59142264341595,0.29164742670553,0.032459157500555856,0.00882333351178254,0.001618436167287181,1.6332772706536096e-07,-0.00010806366634065458,-6.11370936841368e-06,102.0,61.0,1.6721311475409837
WE00070---F003--PO01--LO001--CO6--SL001--PX32500--PW0100--IN0020--TM284--X032481--Y056021--Z211653--T2864072947.png,WE00070---F003--PO01--LO001--CO6--SL001--PX32500--PW0100--IN0020--TM284--X032481--Y056021--Z211653--T2864072947,WE00070---F003--PO01--LO001--CO6--SL001--PX32500--PW0100--IN0020--TM284--X032481--Y056021--Z211653--T2864072947,2737.0,3589.0,258.79393923934,98.27016787844744,43.929490257380756,0.4712465564738292,0.89452009867716,0.7626079687935358,95.0789145920377,0.2645877331277757,0.031135629011210784,0.003318954818225796,0.0009543584276473882,1.2167798315430673e-06,6.890489814303335e-05,-1.1850657462028724e-06,88.0,66.0,1.3333333333333333
WE00071---F002--PO01--LO001--CO6--SL001--PX32500--PW0100--IN0020--TM254--X023472--Y056021--Z209670--T2941762242.png,WE00071---F002--PO01--LO001--CO6--SL001--PX32500--PW0100--IN0020--TM254--X023472--Y056021--Z209670--T2941762242,WE00071---F002--PO01--LO001--CO6--SL001--PX32500--PW0100--IN0020--TM254--X023472--Y056021--Z209670--T2941762242,5225.0,8534.0,527.2031021678297,238.03183257245794,45.6127113125172,0.34814765458422176,0.9814683298702555,0.6122568549332084,228.47538160598398,0.7026276644866232,0.4262189620059163,0.1122926854993134,0.0796864394020576,0.007513130608936004,0.045905548593043945,0.0006110048597515985,224.0,67.0,3.343283582089552
WE00071---F002--PO01--LO001--CO6--SL001--PX32500--PW0100--IN0020--TM254--X023472--Y056021--Z210973--T2929744313.png,WE00071---F002--PO01--LO001--CO6--SL001--PX32500--PW0100--IN0020--TM254--X023472--Y056021--Z210973--T2929744313,WE00071---F002--PO01--LO001--CO6--SL001--PX32500--PW0100--IN0020--TM254--X023472--Y056021--Z210973--T2929744313,3280.0,5748.0,422.2680733252853,110.20014134884093,73.08859107499102,0.440150295222759,0.7484112043743064,0.5706332637439109,98.2344135219425,0.3331938509647823,0.01679972126473767,0.0016426494993026332,0.0025543647095256495,4.712897369469194e-06,-5.678459838585444e-05,-2.2729029777039614e-06,92.0,81.0,1.1358024691358024
WE00071---F002--PO01--LO001--CO6--SL001--PX32500--PW0100--IN0020--TM269--X023472--Y056021--Z213183--T2847534775.png,WE00071---F002--PO01--LO001--CO6--SL001--PX32500--PW0100--IN0020--TM269--X023472--Y056021--Z213183--T2847534775,WE00071---F002--PO01--LO001--CO6--SL001--PX32500--PW0100--IN0020--TM269--X023472--Y056021--Z213183--T2847534775,3477.0,7640.0,431.88939366884495,141.55344799919695,73.1874232021818,0.32926136363636366,0.8559670892033138,0.4551047120418848,127.05904139414872,0.45645990716559925,0.06964031568278198,0.03873441215781539,0.03255187007886417,0.001111682558288857,0.00518709197388633,0.00031657276354511954,88.0,120.0,0.7333333333333333
WE00071---F002--PO01--LO001--CO6--SL001--PX32500--PW0100--IN0020--TM280--X023472--Y056021--Z210075--T2855678028.png,WE00071---F002--PO01--LO001--CO6--SL001--PX32500--PW0100--IN0020--TM280--X023472--Y056021--Z210075--T2855678028,WE00071---F002--PO01--LO001--CO6--SL001--PX32500--PW0100--IN0020--TM280--X023472--Y056021--Z210075--T2855678028,4153.0,6451.0,558.5990257669732,256.8420514299636,33.361024084443855,0.31946153846153846,0.9915285069267197,0.6437761587350799,252.30140705116966,1.00952319574276,0.9526239855511511,0.7182752186428613,0.6472683198283045,0.4413248476408942,0.6301046652040356,0.0034911828323374305,250.0,52.0,4.8076923076923075
WE00071---F002--PO01--LO001--CO6--SL001--PX32500--PW0100--IN0020--TM281--X023472--Y056021--Z211261--T2340236955.png,WE00071---F002--PO01--LO001--CO6--SL001--PX32500--PW0100--IN0020--TM281--X023472--Y056021--Z211261--T2340236955,WE00071---F002--PO01--LO001--CO6--SL001--PX32500--PW0100--IN0020--TM281--X023472--Y056021--Z211261--T2340236955,4038.0,5816.0,427.0437226013957,199.6463550559493,39.0120336048564,0.27781217750257997,0.9807224972592726,0.6942916093535075,181.89282558693733,0.6404873367557055,0.35209308831169683,0.04434769984686259,0.021308194732083167,0.0006320356903765839,0.009906698314643702,0.00017200003574146253,171.0,85.0,2.011764705882353
WE00071---F002--PO01--LO001--CO6--SL001--PX32500--PW0100--IN0020--TM281--X023472--Y056021--Z221337--T2354783033.png,WE00071---F002--PO01--LO001--CO6--SL001--PX32500--PW0100--IN0020--TM281--X023472--Y056021--Z221337--T2354783033,WE00071---F002--PO01--LO001--CO6--SL001--PX32500--PW0100--IN0020--TM281--X023472--Y056021--Z221337--T2354783033,1985.0,3691.0,332.5929291125633,132.28223909967375,45.007504941200764,0.3189779848947453,0.9403391900096784,0.5377946356001083,128.56515857727553,0.614743900574794,0.23734676008743286,0.14281178498519181,0.063461944723447,0.005679696597491841,0.020932108216368345,0.002059610960194354,127.0,49.0,2.5918367346938775
WE00071---F002--PO01--LO001--CO6--SL001--PX32500--PW0100--IN0020--TM282--X023472--Y056021--Z209086--T2677577219.png,WE00071---F002--PO01--LO001--CO6--SL001--PX32500--PW0100--IN0020--TM282--X023472--Y056021--Z209086--T2677577219,WE00071---F002--PO01--LO001--CO6--SL001--PX32500--PW0100--IN0020--TM282--X023472--Y056021--Z209086--T2677577219,4196.0,6821.0,429.62950903902254,175.29140659571618,42.37357471610603,0.2624960900844542,0.9703430067600952,0.6151590675853981,165.58381563425817,0.48442857871374684,0.18570889271527852,0.033263461182276015,0.028715466692818756,0.0008854281456714575,0.01172367002429215,6.0282546767642545e-05,139.0,115.0,1.208695652173913
WE00071---F002--PO01--LO001--CO6--SL001--PX32500--PW0100--IN0020--TM282--X023472--Y056021--Z210481--T2691604435.png,WE00071---F002--PO01--LO001--CO6--SL001--PX32500--PW0100--IN0020--TM282--X023472--Y056021--Z210481--T2691604435,WE00071---F002--PO01--LO001--CO6--SL001--PX32500--PW0100--IN0020--TM282--X023472--Y056021--Z210481--T2691604435,5189.0,7404.0,559.6883835420683,262.48854806823067,33.955475515312656,0.24000925069380202,0.9915977172445054,0.7008373851971907,246.07722365143832,0.8437706227649693,0.6658497009300404,0.2712187707992254,0.2395177066084284,0.06104727636763953,0.1954447476165011,-1.6580003175323266e-05,235.0,92.0,2.5543478260869565
WE00071---F002--PO01--LO001--CO6--SL001--PX32500--PW0100--IN0020--TM282--X023472--Y056021--Z210639--T2365302416.png,WE00071---F002--PO01--LO001--CO6--SL001--PX32500--PW0100--IN0020--TM282--X023472--Y056021--Z210639--T2365302416,WE00071---F002--PO01--LO001--CO6--SL001--PX32500--PW0100--IN0020--TM282--X023472--Y056021--Z210639--T2365302416,2653.0,3991.0,292.4213562373095,103.24041130408746,48.948094566616035,0.4516513449097719,0.880461535114215,0.6647456777749937,93.92017887546851,0.3075409557090919,0.03789012076710577,0.007011768172353913,0.002288255872268935,6.009316186455763e-06,4.333337435786429e-05,6.920990928163017e-06,66.0,89.0,0.7415730337078652
WE00071---F002--PO01--LO001--CO6--SL001--PX32500--PW0100--IN0020--TM284--X023472--Y056021--Z211053--T2864146240.png,WE00071---F002--PO01--LO001--CO6--SL001--PX32500--PW0100--IN0020--TM284--X023472--Y056021--Z211053--T2864146240,WE00071---F002--PO01--LO001--CO6--SL001--PX32500--PW0100--IN0020--TM284--X023472--Y056021--Z211053--T2864146240,3210.0,5685.0,397.1198410471445,105.01483055095372,74.13021869356105,0.4495798319327731,0.7083091356367619,0.5646437994722955,92.20086767487604,0.32171736680686747,0.011604966384022601,0.0031437472983757864,0.002968284653216813,5.971893594397577e-06,-0.00015791855921367176,6.8230482422505625e-06,84.0,85.0,0.9882352941176471
WE00072---F001--PO01--LO001--CO6--SL001--PX32500--PW0100--IN0020--TM254--X014463--Y056021--Z211470--T2941841561.png,WE00072---F001--PO01--LO001--CO6--SL001--PX32500--PW0100--IN0020--TM254--X014463--Y056021--Z211470--T2941841561,WE00072---F001--PO01--LO001--CO6--SL001--PX32500--PW0100--IN0020--TM254--X014463--Y056021--Z211470--T2941841561,3508.0,5398.0,375.8061325481597,168.9124013606855,36.857266249708125,0.4495706779443804,0.9759033050474424,0.649870322341608,154.17522498767434,0.5325302417480612,0.2343765543062585,0.03886003772999176,0.027174970956992745,0.0008791245415643552,0.012242939105866664,8.360009613095091e-05,153.0,51.0,3.0
WE00072---F001--PO01--LO001--CO6--SL001--PX32500--PW0100--IN0020--TM254--X014463--Y056021--Z211773--T2929823576.png,WE00072---F001--PO01--LO001--CO6--SL001--PX32500--PW0100--IN0020--TM254--X014463--Y056021--Z211773--T2929823576,WE00072---F001--PO01--LO001--CO6--SL001--PX32500--PW0100--IN0020--TM254--X014463--Y056021--Z211773--T2929823576,3286.0,4754.0,357.94826817189073,101.98578130976125,66.07748644905558,0.47706155632984903,0.7617179076453497,0.6912074042911233,90.82400563727631,0.2808759472913034,0.013175287143649083,0.005317620621159265,0.0015025046254875532,1.2432895852879214e-06,-5.10737406091183e-05,4.060942215058369e-06,82.0,84.0,0.9761904761904762
WE00072---F001--PO01--LO001--CO6--SL001--PX32500--PW0100--IN0020--TM269--X014463--Y056021--Z215983--T2847613974.png,WE00072---F001--PO01--LO001--CO6--SL001--PX32500--PW0100--IN0020--TM269--X014463--Y056021--Z215983--T2847613974,WE00072---F001--PO01--LO001--CO6--SL001--PX32500--PW0100--IN0020--TM269--X014463--Y056021--Z215983--T2847613974,3707.0,7710.0,423.20310216782974,159.1332412466036,68.15761702640644,0.30175010175010175,0.9036340717190212,0.4808041504539559,139.2838827718412,0.5052746363024014,0.12154270233738504,0.05758111136706264,0.022533477983292003,0.0006424629755159511,0.0015811680600133658,0.000496042562341741,135.0,91.0,1.4835164835164836
WE00072---F001--PO01--LO001--CO6--SL001--PX32500--PW0100--IN0020--TM280--X014463--Y056021--Z213875--T2855758318.png,WE00072---F001--PO01--LO001--CO6--SL001--PX32500--PW0100--IN0020--TM280--X014463--Y056021--Z213875--T2855758318,WE00072---F001--PO01--LO001--CO6--SL001--PX32500--PW0100--IN0020--TM280--X014463--Y056021--Z213875--T2855758318,4497.0,5845.0,507.00209204105306,233.54856243472935,30.737649624773937,0.23136286463960487,0.9913013888310892,0.7693755346449958,225.24875138388668,0.7712048882558378,0.5549398490967447,0.17449197295091437,0.15425818917272308,0.025308111415391295,0.11491340088434499,-3.130383736713732e-05,209.0,93.0,2.247311827956989
WE00072---F001--PO01--LO001--CO6--SL001--PX32500--PW0100--IN0020--TM281--X014463--Y056021--Z212261--T2340319135.png,WE00072---F001--PO01--LO001--CO6--SL001--PX32500--PW0100--IN0020--TM281--X014463--Y056021--Z212261--T2340319135,WE00072---F001--PO01--LO001--CO6--SL001--PX32500--PW0100--IN0020--TM281--X014463--Y056021--Z212261--T2340319135,4447.0,5992.0,505.68838354206827,235.9926238610392,32.74449179278727,0.22834403080872914,0.9903271336492706,0.7421562082777036,221.16509670379727,0.7977951464412222,0.5892969656168621,0.15766499870949918,0.1319033829067503,0.019021522911473757,0.1012087107333565,-0.0001021478780199956,205.0,95.0,2.1578947368421053
WE00072---F001--PO01--LO001--CO6--SL001--PX32500--PW0100--IN0020--TM281--X014463--Y056021--Z217737--T2354862760.png,WE00072---F001--PO01--LO001--CO6--SL001--PX32500--PW0100--IN0020--TM281--X014463--Y056021--Z217737--T2354862760,WE00072---F001--PO01--LO001--CO6--SL001--PX32500--PW0100--IN0020--TM281--X014463--Y056021--Z217737--T2354862760,3314.0,4614.0,382.47518010647184,175.62197270878872,33.5527505607005,0.25793897882938976,0.9815801148207067,0.7182488079757261,160.262285020525,0.6029131029027441,0.3141039790121027,0.09456228212448611,0.0706533568937035,0.005774975821834231,0.039579423904819305,3.5060371723850004e-05,146.0,88.0,1.6590909090909092
WE00072---F001--PO01--LO001--CO6--SL001--PX32500--PW0100--IN0020--TM282--X014463--Y056021--Z211239--T2365383341.png,WE00072---F001--PO01--LO001--CO6--SL001--PX32500--PW0100--IN0020--TM282--X014463--Y056021--Z211239--T2365383341,WE00072---F001--PO01--LO001--CO6--SL001--PX32500--PW0100--IN0020--TM282--X014463--Y056021--Z211239--T2365383341,3520.0,6766.0,426.51681066681454,173.7432452631857,55.96188889993923,0.29304029304029305,0.9467072381431407,0.5202483003251552,158.61904047118682,0.5915917664032785,0.23076461457104547,0.061067448503254566,0.032894944847357846,0.0014248925862130554,0.00862543209929793,0.0003786415084086153,154.0,78.0,1.9743589743589745
WE00072---F001--PO01--LO001--CO6--SL001--PX32500--PW0100--IN0020--TM282--X014463--Y056021--Z211486--T2677658739.png,WE00072---F001--PO01--LO001--CO6--SL001--PX32500--PW0100--IN0020--TM282--X014463--Y056021--Z211486--T2677658739,WE00072---F001--PO01--LO001--CO6--SL001--PX32500--PW0100--IN0020--TM282--X014463--Y056021--Z211486--T2677658739,3487.0,4854.0,351.50461735799473,99.02358892942942,63.61103153509367,0.4987128146453089,0.7663840956196611,0.7183765966213432,92.43916918709297,0.24827994152249971,0.010656061634577224,0.0006067162047493019,0.0005169472963172117,2.777924231420497e-07,-1.5888645528764463e-05,8.152840665723484e-08,92.0,76.0,1.2105263157894737
WE00072---F001--PO01--LO001--CO6--SL001--PX32500--PW0100--IN0020--TM283--X014463--Y056021--Z211281--T2691684480.png,WE00072---F001--PO01--LO001--CO6--SL001--PX32500--PW0100--IN0020--TM283--X014463--Y056021--Z211281--T2691684480,WE00072---F001--PO01--LO001--CO6--SL001--PX32500--PW0100--IN0020--TM283--X014463--Y056021--Z211281--T2691684480,5045.0,6186.0,520.4924240491749,243.45134498263624,32.755958402937814,0.40678922754394453,0.9909070399472965,0.8155512447462011,236.4571842850202,0.7475410082352522,0.5197782013489657,0.1489246564386035,0.12990644606152138,0.018068768122253123,0.09364628073857134,3.492578074663043e-05,234.0,53.0,4.415094339622642
WE00072---F001--PO01--LO001--CO6--SL001--PX32500--PW0100--IN0020--TM284--X014463--Y056021--Z211253--T2864218939.png,WE00072---F001--PO01--LO001--CO6--SL001--PX32500--PW0100--IN0020--TM284--X014463--Y056021--Z211253--T2864218939,WE00072---F001--PO01--LO001--CO6--SL001--PX32500--PW0100--IN0020--TM284--X014463--Y056021--Z211253--T2864218939,2769.0,4895.0,360.6345596729059,101.4227741045965,67.84408259863338,0.461961961961962,0.7433312032617709,0.5656792645556691,87.36704184073076,0.3360734617804758,0.016458320645006776,0.0042415488941519395,0.0026395908483189973,1.8869548800432797e-06,-0.00020001782206414883,-8.628240540092718e-06,74.0,81.0,0.9135802469135802
WE00073---G001--PO01--LO001--CO6--SL001--PX32500--PW0100--IN0020--TM254--X014463--Y064992--Z210070--T2941921174.png,WE00073---G001--PO01--LO001--CO6--SL001--PX32500--PW0100--IN0020--TM254--X014463--Y064992--Z210070--T2941921174,WE00073---G001--PO01--LO001--CO6--SL001--PX32500--PW0100--IN0020--TM254--X014463--Y064992--Z210070--T2941921174,3759.0,6199.0,374.3330444827409,132.42112925967453,58.76684606644054,0.3448623853211009,0.8961320365472808,0.606388127117277,125.4312560727987,0.34897741538647487,0.054819181390597535,0.01063387808064057,0.005423587409707994,3.5283596638793574e-05,0.00043994852750746643,-2.1249917582830308e-05,100.0,109.0,0.9174311926605505
WE00073---G001--PO01--LO001--CO6--SL001--PX32500--PW0100--IN0020--TM254--X014463--Y064992--Z211573--T2929902925.png,WE00073---G001--PO01--LO001--CO6--SL001--PX32500--PW0100--IN0020--TM254--X014463--Y064992--Z211573--T2929902925,WE00073---G001--PO01--LO001--CO6--SL001--PX32500--PW0100--IN0020--TM254--X014463--Y064992--Z211573--T2929902925,2812.0,4240.0,300.17871555019025,101.11824000668142,51.450508993683336,0.4726050420168067,0.8608757034011817,0.6632075471698113,90.69729874698585,0.28609649132641174,0.02836672596915572,0.006184650383025839,0.0016610907785064495,2.1724270445632193e-06,-3.627068135383902e-05,4.86073939052395e-06,85.0,70.0,1.2142857142857142
WE00073---G001--PO01--LO001--CO6--SL001--PX32500--PW0100--IN0020--TM270--X014463--Y064992--Z215183--T2847693614.png,WE00073---G001--PO01--LO001--CO6--SL001--PX32500--PW0100--IN0020--TM270--X014463--Y064992--Z215183--T2847693614,WE00073---G001--PO01--LO001--CO6--SL001--PX32500--PW0100--IN0020--TM270--X014463--Y064992--Z215183--T2847693614,3826.0,7200.0,424.9604614807105,154.21296765676962,60.06644018260108,0.2829044661342798,0.9210251236595809,0.5313888888888889,153.83432646844463,0.44742578132706917,0.10860244190598137,0.05591743384481834,0.02873569781007782,0.001104841906218608,0.005440764670164908,0.00032580022862165845,138.0,98.0,1.4081632653061225
WE00073---G001--PO01--LO001--CO6--SL001--PX32500--PW0100--IN0020--TM281--X014463--Y064992--Z209275--T2855838069.png,WE00073---G001--PO01--LO001--CO6--SL001--PX32500--PW0100--IN0020--TM281--X014463--Y064992--Z209275--T2855838069,WE00073---G001--PO01--LO001--CO6--SL001--PX32500--PW0100--IN0020--TM281--X014463--Y064992--Z209275--T2855838069,4160.0,5719.0,512.350288425444,238.25817218680606,32.253160960354805,0.4482758620689655,0.9907950293374759,0.7273998950865536,232.7767170487633,0.8684979417928528,0.7009707124887276,0.3857616085661646,0.3439382758587262,0.12527465023827097,0.2869927596484266,-0.00111066785626808,232.0,40.0,5.8
WE00073---G001--PO01--LO001--CO6--SL001--PX32500--PW0100--IN0020--TM281--X014463--Y064992--Z215261--T2340401075.png,WE00073---G001--PO01--LO001--CO6--SL001--PX32500--PW0100--IN0020--TM281--X014463--Y064992--Z215261--T2340401075,WE00073---G001--PO01--LO001--CO6--SL001--PX32500--PW0100--IN0020--TM281--X014463--Y064992--Z215261--T2340401075,4715.0,10021.0,481.10259710444143,167.07963085138655,78.12910066198847,0.31333067517278046,0.883931740189353,0.4705119249575891,153.88307249337075,0.4509512117667911,0.08359216703933874,0.047235551312389115,0.023359370156238776,0.0006433071716425921,0.003054126037325673,0.00043385867603836994,99.0,152.0,0.6513157894736842
WE00073---G001--PO01--LO001--CO6--SL001--PX32500--PW0100--IN0020--TM281--X014463--Y064992--Z215937--T2354943085.png,WE00073---G001--PO01--LO001--CO6--SL001--PX32500--PW0100--IN0020--TM281--X014463--Y064992--Z215937--T2354943085,WE00073---G001--PO01--LO001--CO6--SL001--PX32500--PW0100--IN0020--TM281--X014463--Y064992--Z215937--T2354943085,3723.0,5847.0,381.50461735799473,113.4979536656079,75.23537146659767,0.4403311649911295,0.7487268405697564,0.6367367880964597,100.12492197250393,0.3112769709575176,0.014696695505810193,0.00618984064764262,0.001317982519791815,2.5586807360107346e-06,-8.457306340788813e-05,2.7612336684732505e-06,89.0,95.0,0.9368421052631579
WE00073---G001--PO01--LO001--CO6--SL001--PX32500--PW0100--IN0020--TM282--X014463--Y064992--Z209839--T2365463790.png,WE00073---G001--PO01--LO001--CO6--SL001--PX32500--PW0100--IN0020--TM282--X014463--Y064992--Z209839--T2365463790,WE00073---G001--PO01--LO001--CO6--SL001--PX32500--PW0100--IN0020--TM282--X014463--Y064992--Z209839--T2365463790,3147.0,4053.0,322.63455967290594,89.6935254189005,62.332372491244875,0.5521052631578948,0.7190596035229836,0.7764618800888231,80.62257748298549,0.23693702658202764,0.006824494532020709,0.0008615310329440323,0.00019614331235479366,-2.533526817040126e-08,-1.055804276831957e-05,7.654601861689747e-08,75.0,76.0,0.9868421052631579
WE00073---G001--PO01--LO001--CO6--SL001--PX32500--PW0100--IN0020--TM282--X014463--Y064992--Z210486--T2677740340.png,WE00073---G001--PO01--LO001--CO6--SL001--PX32500--PW0100--IN0020--TM282--X014463--Y064992--Z210486--T2677740340,WE00073---G001--PO01--LO001--CO6--SL001--PX32500--PW0100--IN0020--TM282--X014463--Y064992--Z210486--T2677740340,3007.0,4172.0,309.80003589374985,93.63145608900629,56.92803709940997,0.5473243538405533,0.7939361108283394,0.7207574304889741,84.64632301523794,0.2495770489137702,0.01319236047604801,0.0011054452457905505,0.0006768490009704622,4.7310177167002285e-07,-9.196358518157265e-06,-3.448948464724142e-07,82.0,67.0,1.2238805970149254
WE00073---G001--PO01--LO001--CO6--SL001--PX32500--PW0100--IN0020--TM283--X014463--Y064992--Z211081--T2691764341.png,WE00073---G001--PO01--LO001--CO6--SL001--PX32500--PW0100--IN0020--TM283--X014463--Y064992--Z211081--T2691764341,WE00073---G001--PO01--LO001--CO6--SL001--PX32500--PW0100--IN0020--TM283--X014463--Y064992--Z211081--T2691764341,5028.0,7021.0,508.62236636408613,237.10707024283747,35.01576353966212,0.49005847953216375,0.9890353266899822,0.7161373023785785,228.42942017174582,0.7140745134174546,0.4672988695936072,0.14739105183564843,0.12645842060520265,0.017263173242357443,0.08594380954109447,0.0002240097050267276,228.0,45.0,5.066666666666666
WE00073---G001--PO01--LO001--CO6--SL001--PX32500--PW0100--IN0020--TM284--X014463--Y064992--Z210853--T2864291411.png,WE00073---G001--PO01--LO001--CO6--SL001--PX32500--PW0100--IN0020--TM284--X014463--Y064992--Z210853--T2864291411,WE00073---G001--PO01--LO001--CO6--SL001--PX32500--PW0100--IN0020--TM284--X014463--Y064992--Z210853--T2864291411,3081.0,4910.0,377.1198410471445,96.63856889141084,74.74509287243039,0.5067434210526316,0.6338574203591043,0.6274949083503055,84.20213774008353,0.30277998023953673,0.00579355204959231,0.0007651252722412525,0.001255016561901077,8.597631078435387e-07,-4.202945437992462e-05,8.793503409028293e-07,76.0,80.0,0.95
WE00073---G001--PO01--LO001--CO6--SL001--PX32500--PW0100--IN0020--TM285--X014463--Y064992--Z211061--T2345300942.png,WE00073---G001--PO01--LO001--CO6--SL001--PX32500--PW0100--IN0020--TM285--X014463--Y064992--Z211061--T2345300942,WE00073---G001--PO01--LO001--CO6--SL001--PX32500--PW0100--IN0020--TM285--X014463--Y064992--Z211061--T2345300942,4732.0,9968.0,477.00209204105306,167.69723723290255,76.9926438650432,0.28440918379612934,0.8883758367996852,0.4747191011235955,153.0,0.4497336034562258,0.08593323157405423,0.044870677144751354,0.022074113540216704,0.000576461401544326,0.0029128851946967995,0.00038771145163883533,118.0,141.0,0.8368794326241135
WE00074---G002--PO01--LO001--CO6--SL001--PX32500--PW0100--IN0020--TM254--X023472--Y064992--Z211373--T2929981878.png,WE00074---G002--PO01--LO001--CO6--SL001--PX32500--PW0100--IN0020--TM254--X023472--Y064992--Z211373--T2929981878,WE00074---G002--PO01--LO001--CO6--SL001--PX32500--PW0100--IN0020--TM254--X023472--Y064992--Z211373--T2929981878,2619.0,4158.0,316.73506473629425,121.04145105908002,48.33537025904761,0.4470809149880505,0.9168076639571116,0.6298701298701299,102.59142264341595,0.40538709651982835,0.08636513651291719,0.011803343528284986,0.004170755871088826,2.1725005338322533e-05,0.00029889837750893256,1.960536423956585e-05,101.0,58.0,1.7413793103448276
WE00074---G002--PO01--LO001--CO6--SL001--PX32500--PW0100--IN0020--TM255--X023472--Y064992--Z210270--T2942001127.png,WE00074---G002--PO01--LO001--CO6--SL001--PX32500--PW0100--IN0020--TM255--X023472--Y064992--Z210270--T2942001127,WE00074---G002--PO01--LO001--CO6--SL001--PX32500--PW0100--IN0020--TM255--X023472--Y064992--Z210270--T2942001127,3106.0,5531.0,364.2203461105329,103.37447662024984,69.66095645159997,0.4675598374228511,0.7388499513360697,0.5615621045018984,92.39588735436226,0.3126797180912404,0.013779562314753756,0.006122599231117385,0.004432803595522125,1.749233641896248e-05,-7.881632807247576e-06,1.5077062688505303e-05,91.0,73.0,1.2465753424657535
WE00074---G002--PO01--LO001--CO6--SL001--PX32500--PW0100--IN0020--TM270--X023472--Y064992--Z216183--T2847772948.png,WE00074---G002--PO01--LO001--CO6--SL001--PX32500--PW0100--IN0020--TM270--X023472--Y064992--Z216183--T2847772948,WE00074---G002--PO01--LO001--CO6--SL001--PX32500--PW0100--IN0020--TM270--X023472--Y064992--Z216183--T2847772948,3025.0,4995.0,407.30360723121805,101.14900167374061,75.00544962674859,0.4628212974296206,0.6709150082322813,0.6056056056056056,90.69729874698585,0.3276226862253121,0.009053691828016134,0.0024179110754896896,0.001036917571993033,7.473360132003426e-07,-7.18284759211857e-05,-1.4619158662099544e-06,86.0,76.0,1.131578947368421
WE00074---G002--PO01--LO001--CO6--SL001--PX32500--PW0100--IN0020--TM281--X023472--Y064992--Z212461--T2340482267.png,WE00074---G002--PO01--LO001--CO6--SL001--PX32500--PW0100--IN0020--TM281--X023472--Y064992--Z212461--T2340482267,WE00074---G002--PO01--LO001--CO6--SL001--PX32500--PW0100--IN0020--TM281--X023472--Y064992--Z212461--T2340482267,4134.0,6540.0,542.5512985522207,256.8066861986838,32.60659648986466,0.386102549733819,0.9919066316439527,0.6321100917431193,249.39326374222702,1.0131359490052323,0.9623378616171958,0.7585027405435808,0.6859972483891401,0.4948336263231286,0.6725455008264372,-0.0018187153032699632,249.0,43.0,5.790697674418604
WE00074---G002--PO01--LO001--CO6--SL001--PX32500--PW0100--IN0020--TM281--X023472--Y064992--Z212475--T2855917983.png,WE00074---G002--PO01--LO001--CO6--SL001--PX32500--PW0100--IN0020--TM281--X023472--Y064992--Z212475--T2855917983,WE00074---G002--PO01--LO001--CO6--SL001--PX32500--PW0100--IN0020--TM281--X023472--Y064992--Z212475--T2855917983,5097.0,7911.0,456.3330444827409,163.7981663941115,65.6772199275251,0.386282682834407,0.9160936722993104,0.6442927569207433,149.7230777134908,0.3818831730856574,0.07623009206631857,0.00838579286581879,0.001755648006030816,8.902454550638512e-07,-0.00027316031767608915,-6.677321711025955e-06,145.0,91.0,1.5934065934065933
WE00074---G002--PO01--LO001--CO6--SL001--PX32500--PW0100--IN0020--TM281--X023472--Y064992--Z215337--T2355023395.png,WE00074---G002--PO01--LO001--CO6--SL001--PX32500--PW0100--IN0020--TM281--X023472--Y064992--Z215337--T2355023395,WE00074---G002--PO01--LO001--CO6--SL001--PX32500--PW0100--IN0020--TM281--X023472--Y064992--Z215337--T2355023395,3076.0,4744.0,351.8061325481598,101.73415405114491,66.29771471856405,0.469116974226018,0.7584973874045261,0.648397976391231,89.1852005660132,0.2996022650643325,0.01463763258780203,0.0036332958491683822,0.001446763306676861,6.608775556646796e-07,-5.739580899866702e-05,-3.250505733107071e-06,83.0,79.0,1.0506329113924051
WE00074---G002--PO01--LO001--CO6--SL001--PX32500--PW0100--IN0020--TM282--X023472--Y064992--Z209886--T2677821664.png,WE00074---G002--PO01--LO001--CO6--SL001--PX32500--PW0100--IN0020--TM282--X023472--Y064992--Z209886--T2677821664,WE00074---G002--PO01--LO001--CO6--SL001--PX32500--PW0100--IN0020--TM282--X023472--Y064992--Z209886--T2677821664,2600.0,3684.0,297.8355697996826,91.31725051256895,49.36077826588714,0.487987987987988,0.8413172485883401,0.7057546145494028,82.15229759416349,0.25902227577378245,0.02013092900582725,0.0005578806830287993,0.0006388260509781668,2.691199180233771e-07,3.2909022432065624e-06,2.7021518980873415e-07,72.0,74.0,0.972972972972973
WE00074---G002--PO01--LO001--CO6--SL001--PX32500--PW0100--IN0020--TM282--X023472--Y064992--Z211039--T2365544428.png,WE00074---G002--PO01--LO001--CO6--SL001--PX32500--PW0100--IN0020--TM282--X023472--Y064992--Z211039--T2365544428,WE00074---G002--PO01--LO001--CO6--SL001--PX32500--PW0100--IN0020--TM282--X023472--Y064992--Z211039--T2365544428,2654.0,2882.0,238.99494936611666,95.47919122912954,37.140740550540535,0.6673371888358058,0.9212406945504221,0.9208882720333103,97.51410154434076,0.24716726088948882,0.033195986579089884,0.0013978241947736312,0.00045689304938858794,3.62611274074266e-07,8.115984588679538e-05,-4.2817530004955026e-08,97.0,41.0,2.3658536585365852
WE00074---G002--PO01--LO001--CO6--SL001--PX32500--PW0100--IN0020--TM283--X023472--Y064992--Z210481--T2691843878.png,WE00074---G002--PO01--LO001--CO6--SL001--PX32500--PW0100--IN0020--TM283--X023472--Y064992--Z210481--T2691843878,WE00074---G002--PO01--LO001--CO6--SL001--PX32500--PW0100--IN0020--TM283--X023472--Y064992--Z210481--T2691843878,4679.0,7161.0,511.4041122946064,220.50979847074532,37.55234727845978,0.27901013714967204,0.9853926314534679,0.6534003630777825,221.6776939613005,0.6683419267970021,0.39774319244799866,0.15800197560087434,0.133619384516104,0.019414077029734945,0.08420504761897714,0.00018021580133804546,215.0,78.0,2.7564102564102564
WE00074---G002--PO01--LO001--CO6--SL001--PX32500--PW0100--IN0020--TM284--X023472--Y064992--Z210653--T2864364499.png,WE00074---G002--PO01--LO001--CO6--SL001--PX32500--PW0100--IN0020--TM284--X023472--Y064992--Z210653--T2864364499,WE00074---G002--PO01--LO001--CO6--SL001--PX32500--PW0100--IN0020--TM284--X023472--Y064992--Z210653--T2864364499,3132.0,5105.0,404.5756851698602,101.893737489269,78.27592959294735,0.47368421052631576,0.6401962683607889,0.6135161606268364,88.64536084872124,0.3294511273382048,0.007210394912368587,0.0034247237221093144,0.0016313370630554357,2.712402188695115e-06,-3.5080295993504856e-05,2.740623050526571e-06,87.0,76.0,1.144736842105263
WE00074---G002--PO01--LO001--CO6--SL001--PX32500--PW0100--IN0020--TM284--X023472--Y064992--Z212861--T2345385933.png,WE00074---G002--PO01--LO001--CO6--SL001--PX32500--PW0100--IN0020--TM284--X023472--Y064992--Z212861--T2345385933,WE00074---G002--PO01--LO001--CO6--SL001--PX32500--PW0100--IN0020--TM284--X023472--Y064992--Z212861--T2345385933,4962.0,6919.0,551.7056274847714,276.94091776391315,28.730724448610335,0.34049269196459203,0.9946041211819756,0.7171556583321289,250.2179050347916,0.9764425440757315,0.9132633740744759,0.20042103748724144,0.18542957371986088,0.03574675473400406,0.17692557323019842,0.00014417531934863073,247.0,59.0,4.186440677966102
WE00075---G003--PO01--LO001--CO6--SL001--PX32500--PW0100--IN0020--TM254--X032481--Y064992--Z209373--T2930060939.png,WE00075---G003--PO01--LO001--CO6--SL001--PX32500--PW0100--IN0020--TM254--X032481--Y064992--Z209373--T2930060939,WE00075---G003--PO01--LO001--CO6--SL001--PX32500--PW0100--IN0020--TM254--X032481--Y064992--Z209373--T2930060939,3216.0,5059.0,428.0315292925759,94.01154295460493,82.13972336469759,0.4904682019216105,0.48642999626239797,0.6356987546946037,84.31488599292535,0.30288215879847974,0.001651711034556282,6.348523985330827e-05,0.0008052654728110531,1.2904706228462866e-07,-2.1033980763845703e-05,-1.2844200773835974e-07,83.0,79.0,1.0506329113924051
WE00075---G003--PO01--LO001--CO6--SL001--PX32500--PW0100--IN0020--TM255--X032481--Y064992--Z209270--T2942080637.png,WE00075---G003--PO01--LO001--CO6--SL001--PX32500--PW0100--IN0020--TM255--X032481--Y064992--Z209270--T2942080637,WE00075---G003--PO01--LO001--CO6--SL001--PX32500--PW0100--IN0020--TM255--X032481--Y064992--Z209270--T2942080637,3191.0,6195.0,395.747258045114,115.34990043044405,70.83142227656519,0.36501944635094946,0.789261623667308,0.515092816787732,105.11898020814318,0.35887437149472057,0.026354772311308138,0.004645796141252668,0.0073399487173424136,4.203082350364459e-05,0.0003031048385170585,-8.398634958211508e-06,94.0,93.0,1.010752688172043
WE00075---G003--PO01--LO001--CO6--SL001--PX32500--PW0100--IN0020--TM270--X032481--Y064992--Z212583--T2847852246.png,WE00075---G003--PO01--LO001--CO6--SL001--PX32500--PW0100--IN0020--TM270--X032481--Y064992--Z212583--T2847852246,WE00075---G003--PO01--LO001--CO6--SL001--PX32500--PW0100--IN0020--TM270--X032481--Y064992--Z212583--T2847852246,5063.0,6363.0,519.0365799264592,239.11422890186026,31.97280665894956,0.5822886716503738,0.9910200265228976,0.7956938550997957,235.35929979501554,0.7184213266465262,0.48050242562471324,0.11544877597606341,0.10209116054490443,0.011083250651738555,0.07045467073573214,7.416234353579704e-05,235.0,37.0,6.351351351351352
WE00075---G003--PO01--LO001--CO6--SL001--PX32500--PW0100--IN0020--TM281--X032481--Y064992--Z210061--T2340563653.png,WE00075---G003--PO01--LO001--CO6--SL001--PX32500--PW0100--IN0020--TM281--X032481--Y064992--Z210061--T2340563653,WE00075---G003--PO01--LO001--CO6--SL001--PX32500--PW0100--IN0020--TM281--X032481--Y064992--Z210061--T2340563653,3613.0,5457.0,508.6934341759516,236.90347321233102,29.752391303313686,0.3637370381556428,0.9920823992152005,0.6620853949056258,232.69078194032525,0.9861690494106548,0.9130631219948504,0.6421672848667217,0.5790305957910092,0.35308224331490756,0.5532378895713765,0.0005247372535338857,231.0,43.0,5.372093023255814
WE00075---G003--PO01--LO001--CO6--SL001--PX32500--PW0100--IN0020--TM281--X032481--Y064992--Z211675--T2855997656.png,WE00075---G003--PO01--LO001--CO6--SL001--PX32500--PW0100--IN0020--TM281--X032481--Y064992--Z211675--T2855997656,WE00075---G003--PO01--LO001--CO6--SL001--PX32500--PW0100--IN0020--TM281--X032481--Y064992--Z211675--T2855997656,4312.0,5516.0,502.24978336205567,235.55402119042822,29.22177956948502,0.37991189427312777,0.9922752767331833,0.7817258883248731,229.38613733179255,0.8166107563223022,0.6270371951993791,0.21581894705221022,0.19359342829753953,0.03957109065804282,0.15317249797644486,-0.00013902491656048524,227.0,50.0,4.54
WE00075---G003--PO01--LO001--CO6--SL001--PX32500--PW0100--IN0020--TM281--X032481--Y064992--Z214337--T2355103168.png,WE00075---G003--PO01--LO001--CO6--SL001--PX32500--PW0100--IN0020--TM281--X032481--Y064992--Z214337--T2355103168,WE00075---G003--PO01--LO001--CO6--SL001--PX32500--PW0100--IN0020--TM281--X032481--Y064992--Z214337--T2355103168,3154.0,6363.0,410.47518010647184,123.59479123692577,76.72886260647485,0.36534229120815476,0.7839611866790126,0.49567813924249565,103.07764064044152,0.419368079775336,0.03461111388507312,0.009972118230024541,0.007445378219810419,6.0983230086358165e-05,-0.00022941273893616876,1.9919426950239625e-05,97.0,89.0,1.0898876404494382
WE00075---G003--PO01--LO001--CO6--SL001--PX32500--PW0100--IN0020--TM282--X032481--Y064992--Z210239--T2365625040.png,WE00075---G003--PO01--LO001--CO6--SL001--PX32500--PW0100--IN0020--TM282--X032481--Y064992--Z210239--T2365625040,WE00075---G003--PO01--LO001--CO6--SL001--PX32500--PW0100--IN0020--TM282--X032481--Y064992--Z210239--T2365625040,2634.0,2852.0,220.8944443027283,82.51994756250416,42.2425536875455,0.6212264150943396,0.8590407665556093,0.923562412342216,82.46211251235322,0.20391930257601557,0.014217373192224533,0.00028204541478584654,4.033145089955048e-05,2.6433383006003085e-09,1.4422459390923997e-06,-3.3935412015878222e-09,80.0,53.0,1.509433962264151
WE00075---G003--PO01--LO001--CO6--SL001--PX32500--PW0100--IN0020--TM282--X032481--Y064992--Z210486--T2677902933.png,WE00075---G003--PO01--LO001--CO6--SL001--PX32500--PW0100--IN0020--TM282--X032481--Y064992--Z210486--T2677902933,WE00075---G003--PO01--LO001--CO6--SL001--PX32500--PW0100--IN0020--TM282--X032481--Y064992--Z210486--T2677902933,3072.0,3895.0,295.27922061357856,87.08089779044111,54.370882896908824,0.5782044042913608,0.7811270591613695,0.7887034659820282,82.80096617793781,0.2144221123652878,0.008861269268639074,0.0009838121562207025,0.0002217819738183524,-1.6509732411871538e-08,-1.6437982918492487e-05,1.022725873034928e-07,77.0,69.0,1.1159420289855073
WE00075---G003--PO01--LO001--CO6--SL001--PX32500--PW0100--IN0020--TM283--X032481--Y064992--Z210681--T2691923207.png,WE00075---G003--PO01--LO001--CO6--SL001--PX32500--PW0100--IN0020--TM283--X032481--Y064992--Z210681--T2691923207,WE00075---G003--PO01--LO001--CO6--SL001--PX32500--PW0100--IN0020--TM283--X032481--Y064992--Z210681--T2691923207,3550.0,4956.0,459.92997820866105,201.45233310649084,32.8581994834659,0.41231126596980255,0.9866084563572984,0.7163034705407587,205.87860500790265,0.7334983061152073,0.4836953014816938,0.28812440546874746,0.2459868007345301,0.06548725079383996,0.1710637181466528,0.0001384636296521552,205.0,42.0,4.880952380952381
WE00075---G003--PO01--LO001--CO6--SL001--PX32500--PW0100--IN0020--TM284--X032481--Y064992--Z210261--T2345470887.png,WE00075---G003--PO01--LO001--CO6--SL001--PX32500--PW0100--IN0020--TM284--X032481--Y064992--Z210261--T2345470887,WE00075---G003--PO01--LO001--CO6--SL001--PX32500--PW0100--IN0020--TM284--X032481--Y064992--Z210261--T2345470887,4084.0,5072.0,476.5512985522207,226.3657356095341,27.84090800309112,0.5484824066612947,0.9924078081044,0.805205047318612,219.22819161777528,0.7960419076959184,0.5964746843573921,0.16310638870160685,0.14647396264651275,0.02263996545877584,0.1131170421729449,-2.9656538693897082e-05,219.0,34.0,6.4411764705882355
WE00075---G003--PO01--LO001--CO6--SL001--PX32500--PW0100--IN0020--TM284--X032481--Y064992--Z210853--T2864437210.png,WE00075---G003--PO01--LO001--CO6--SL001--PX32500--PW0100--IN0020--TM284--X032481--Y064992--Z210853--T2864437210,WE00075---G003--PO01--LO001--CO6--SL001--PX32500--PW0100--IN0020--TM284--X032481--Y064992--Z210853--T2864437210,3502.0,5095.0,399.10259710444143,90.84181996194518,77.71108996523458,0.5024390243902439,0.5178771346519636,0.6873405299313052,86.12200647918046,0.25505514273242513,0.0015601918423944845,0.0001418856754679429,0.0008310243407402485,1.4371944794680257e-07,-1.5116272716613178e-05,2.4652352533228096e-07,85.0,82.0,1.0365853658536586
WE00076---G004--PO01--LO001--CO6--SL001--PX32500--PW0100--IN0020--TM254--X041490--Y064992--Z210373--T2930139646.png,WE00076---G004--PO01--LO001--CO6--SL001--PX32500--PW0100--IN0020--TM254--X041490--Y064992--Z210373--T2930139646,WE00076---G004--PO01--LO001--CO6--SL001--PX32500--PW0100--IN0020--TM254--X041490--Y064992--Z210373--T2930139646,3538.0,6077.0,404.19090885900994,107.47676349043094,81.74833950364948,0.44671717171717173,0.6492042994605834,0.5821951620865559,93.29523031752481,0.32211075646519866,0.00739653379900986,0.005734527854977822,0.00281421631443447,6.3329207820173635e-06,-8.940516352199152e-05,-9.365130145003535e-06,90.0,88.0,1.0227272727272727
WE00076---G004--PO01--LO001--CO6--SL001--PX32500--PW0100--IN0020--TM256--X041490--Y064992--Z202270--T2942160407.png,WE00076---G004--PO01--LO001--CO6--SL001--PX32500--PW0100--IN0020--TM256--X041490--Y064992--Z202270--T2942160407,WE00076---G004--PO01--LO001--CO6--SL001--PX32500--PW0100--IN0020--TM256--X041490--Y064992--Z202270--T2942160407,3006.0,4757.0,367.9898987322333,92.67048147176948,68.52396953708863,0.4420588235294118,0.6732259166240867,0.63191086819424,85.70880934886448,0.27618414290854587,0.0065492424039199,0.001502586360204043,0.0014509809779071543,1.927272357658327e-06,-3.066962008321342e-05,-9.358136425195997e-07,80.0,85.0,0.9411764705882353
WE00076---G004--PO01--LO001--CO6--SL001--PX32500--PW0100--IN0020--TM270--X041490--Y064992--Z213783--T2847931886.png,WE00076---G004--PO01--LO001--CO6--SL001--PX32500--PW0100--IN0020--TM270--X041490--Y064992--Z213783--T2847931886,WE00076---G004--PO01--LO001--CO6--SL001--PX32500--PW0100--IN0020--TM270--X041490--Y064992--Z213783--T2847931886,5042.0,6775.0,557.2691193458119,260.1887694666446,31.47445351239634,0.17904829545454545,0.9926564361400978,0.7442066420664206,249.1766441703556,0.8514582132644628,0.6837611034855087,0.22025799205301946,0.19640759032462163,0.04085093185146148,0.1623440175728316,9.884455746928108e-05,128.0,220.0,0.5818181818181818
WE00076---G004--PO01--LO001--CO6--SL001--PX32500--PW0100--IN0020--TM281--X041490--Y064992--Z208461--T2340644899.png,WE00076---G004--PO01--LO001--CO6--SL001--PX32500--PW0100--IN0020--TM281--X041490--Y064992--Z208461--T2340644899,WE00076---G004--PO01--LO001--CO6--SL001--PX32500--PW0100--IN0020--TM281--X041490--Y064992--Z208461--T2340644899,4002.0,5694.0,523.0365799264592,241.14272024837777,31.693021180182804,0.4101250256200041,0.9913256551963527,0.702845100105374,238.2540660723338,0.9238233870613896,0.7964671568518181,0.5325244049246657,0.4792530163466508,0.24210754047267083,0.4269125206005996,0.0015346347807170188,238.0,41.0,5.804878048780488
WE00076---G004--PO01--LO001--CO6--SL001--PX32500--PW0100--IN0020--TM281--X041490--Y064992--Z209075--T2856077406.png,WE00076---G004--PO01--LO001--CO6--SL001--PX32500--PW0100--IN0020--TM281--X041490--Y064992--Z209075--T2856077406,WE00076---G004--PO01--LO001--CO6--SL001--PX32500--PW0100--IN0020--TM281--X041490--Y064992--Z209075--T2856077406,4317.0,6292.0,469.56349186104046,212.0682239902512,33.38108988383731,0.4256137237503697,0.9875337649740015,0.6861093452002542,208.27385817716058,0.6672346071955666,0.4031866549823953,0.0840057237821817,0.06746210522618493,0.005075483588986382,0.04121529730771237,0.00017797695425455126,207.0,49.0,4.224489795918367
WE00076---G004--PO01--LO001--CO6--SL001--PX32500--PW0100--IN0020--TM281--X041490--Y064992--Z209137--T2355183085.png,WE00076---G004--PO01--LO001--CO6--SL001--PX32500--PW0100--IN0020--TM281--X041490--Y064992--Z209137--T2355183085,WE00076---G004--PO01--LO001--CO6--SL001--PX32500--PW0100--IN0020--TM281--X041490--Y064992--Z209137--T2355183085,3547.0,7186.0,445.6883835420683,175.67257817895975,55.423559679025765,0.20679804104477612,0.9489277318090079,0.4935986640690231,175.93180496999398,0.5979106585060836,0.239765180266947,0.13770670460730938,0.09595639534379882,0.010935373937935783,0.037058527145442444,0.001444207249865328,134.0,128.0,1.046875
WE00076---G004--PO01--LO001--CO6--SL001--PX32500--PW0100--IN0020--TM282--X041490--Y064992--Z208286--T2677984111.png,WE00076---G004--PO01--LO001--CO6--SL001--PX32500--PW0100--IN0020--TM282--X041490--Y064992--Z208286--T2677984111,WE00076---G004--PO01--LO001--CO6--SL001--PX32500--PW0100--IN0020--TM282--X041490--Y064992--Z208286--T2677984111,3095.0,3830.0,273.62846301849606,97.63131963970724,46.20828707090546,0.4785095856524428,0.8809046982933237,0.8080939947780679,91.8313671900838,0.23560340001247768,0.022310590819428055,0.0023440770808935887,0.00034843757642152303,3.601432755549608e-08,-1.4121743185534214e-05,-3.12834341679714e-07,77.0,84.0,0.9166666666666666
WE00076---G004--PO01--LO001--CO6--SL001--PX32500--PW0100--IN0020--TM282--X041490--Y064992--Z209439--T2365705583.png,WE00076---G004--PO01--LO001--CO6--SL001--PX32500--PW0100--IN0020--TM282--X041490--Y064992--Z209439--T2365705583,WE00076---G004--PO01--LO001--CO6--SL001--PX32500--PW0100--IN0020--TM282--X041490--Y064992--Z209439--T2365705583,2879.0,4539.0,370.9188309203678,106.64666710134303,58.683806694517834,0.47414361001317523,0.8349908289233952,0.6342806785635603,94.25497334358543,0.3216676965088619,0.029634163784872863,0.0015562883942375244,0.001949255294646683,3.1726282323239688e-06,6.640440327357097e-05,-1.2086761489438664e-06,66.0,92.0,0.717391304347826
WE00076---G004--PO01--LO001--CO6--SL001--PX32500--PW0100--IN0020--TM283--X041490--Y064992--Z211481--T2692002688.png,WE00076---G004--PO01--LO001--CO6--SL001--PX32500--PW0100--IN0020--TM283--X041490--Y064992--Z211481--T2692002688,WE00076---G004--PO01--LO001--CO6--SL001--PX32500--PW0100--IN0020--TM283--X041490--Y064992--Z211481--T2692002688,3159.0,4422.0,380.16652224137044,171.14382830476032,31.661226519231352,0.4351239669421488,0.9827389405323285,0.7143826322930801,165.873445734994,0.5993321310444634,0.31322643899500024,0.07373703538444468,0.054158199101216595,0.0034182399453214244,0.029223800035114652,0.00017002954445693172,165.0,44.0,3.75
WE00076---G004--PO01--LO001--CO6--SL001--PX32500--PW0100--IN0020--TM284--X041490--Y064992--Z209453--T2864509889.png,WE00076---G004--PO01--LO001--CO6--SL001--PX32500--PW0100--IN0020--TM284--X041490--Y064992--Z209453--T2864509889,WE00076---G004--PO01--LO001--CO6--SL001--PX32500--PW0100--IN0020--TM284--X041490--Y064992--Z209453--T2864509889,3087.0,4997.0,363.4041122946064,100.5327875270929,68.48420381669767,0.47230722154222765,0.7320856256224654,0.6177706623974385,88.76936408468859,0.2995814613778465,0.01202721827608074,0.002931436426993024,0.0018177287489844418,3.601832265967063e-06,-6.0735691652906085e-05,-2.152461043141707e-06,76.0,86.0,0.8837209302325582
WE00076---G004--PO01--LO001--CO6--SL001--PX32500--PW0100--IN0020--TM284--X041490--Y064992--Z210461--T2345554030.png,WE00076---G004--PO01--LO001--CO6--SL001--PX32500--PW0100--IN0020--TM284--X041490--Y064992--Z210461--T2345554030,WE00076---G004--PO01--LO001--CO6--SL001--PX32500--PW0100--IN0020--TM284--X041490--Y064992--Z210461--T2345554030,4361.0,5536.0,492.06601717798213,233.05590479279473,30.066644480312256,0.5192284795809025,0.9916432356191431,0.7877528901734104,227.07928130941406,0.7913760873236313,0.5859359160415156,0.18438972232569328,0.16208692455745277,0.02802017867283597,0.12344480223112976,0.000265043118502885,227.0,37.0,6.135135135135135
WE00077---G005--PO01--LO001--CO6--SL001--PX32500--PW0100--IN0020--TM254--X050499--Y064992--Z210973--T2930218206.png,WE00077---G005--PO01--LO001--CO6--SL001--PX32500--PW0100--IN0020--TM254--X050499--Y064992--Z210973--T2930218206,WE00077---G005--PO01--LO001--CO6--SL001--PX32500--PW0100--IN0020--TM254--X050499--Y064992--Z210973--T2930218206,4150.0,7651.0,469.5523445727472,133.28257132824777,81.45382264601953,0.4040109034267913,0.791525347411034,0.5424127565024179,117.41379816699569,0.36745435306504015,0.028094195498170188,0.0046313793945563664,0.0053274355904578755,2.579174858256329e-05,0.00014036372322058003,-5.920712451172237e-06,96.0,107.0,0.897196261682243
WE00077---G005--PO01--LO001--CO6--SL001--PX32500--PW0100--IN0020--TM256--X050499--Y064992--Z211670--T2942239691.png,WE00077---G005--PO01--LO001--CO6--SL001--PX32500--PW0100--IN0020--TM256--X050499--Y064992--Z211670--T2942239691,WE00077---G005--PO01--LO001--CO6--SL001--PX32500--PW0100--IN0020--TM256--X050499--Y064992--Z211670--T2942239691,3271.0,5956.0,375.94826817189073,113.19631540388178,72.80121682162627,0.3823942015431377,0.7657475864888843,0.5491940899932841,100.4987562112089,0.34609872729525604,0.020609651845122416,0.012091061765941373,0.006549527254386593,4.5349563307968903e-05,2.037791870296903e-05,-3.661157414428834e-05,94.0,91.0,1.032967032967033
WE00077---G005--PO01--LO001--CO6--SL001--PX32500--PW0100--IN0020--TM270--X050499--Y064992--Z210183--T2848011758.png,WE00077---G005--PO01--LO001--CO6--SL001--PX32500--PW0100--IN0020--TM270--X050499--Y064992--Z210183--T2848011758,WE00077---G005--PO01--LO001--CO6--SL001--PX32500--PW0100--IN0020--TM270--X050499--Y064992--Z210183--T2848011758,4460.0,6870.0,525.1614716074871,234.73735935295244,36.2313661008261,0.27902902902902904,0.9880164632319786,0.6491994177583698,227.7827912727386,0.7905596940236718,0.5681668634229936,0.3259782527300475,0.27817856862579715,0.0837673043136792,0.2095850337337797,0.00041291415841505225,222.0,72.0,3.0833333333333335
WE00077---G005--PO01--LO001--CO6--SL001--PX32500--PW0100--IN0020--TM281--X050499--Y064992--Z209661--T2340725901.png,WE00077---G005--PO01--LO001--CO6--SL001--PX32500--PW0100--IN0020--TM281--X050499--Y064992--Z209661--T2340725901,WE00077---G005--PO01--LO001--CO6--SL001--PX32500--PW0100--IN0020--TM281--X050499--Y064992--Z209661--T2340725901,4190.0,5447.0,471.5218613006978,220.41969213491677,30.9586870208469,0.3893690177492798,0.9900872955633334,0.7692307692307693,215.3369452741447,0.7390107545182911,0.5046932612279014,0.12359280729644581,0.10166039268656189,0.01139146312877719,0.07026914974300036,-0.0002941745752173038,211.0,51.0,4.137254901960785
WE00077---G005--PO01--LO001--CO6--SL001--PX32500--PW0100--IN0020--TM281--X050499--Y064992--Z213337--T2355263387.png,WE00077---G005--PO01--LO001--CO6--SL001--PX32500--PW0100--IN0020--TM281--X050499--Y064992--Z213337--T2355263387,WE00077---G005--PO01--LO001--CO6--SL001--PX32500--PW0100--IN0020--TM281--X050499--Y064992--Z213337--T2355263387,2922.0,4587.0,391.94826817189073,104.1856140435088,64.81166767428675,0.4833746898263027,0.7829545938181742,0.6370176586003924,93.43446901438462,0.3220224683509832,0.02025708454152257,0.0010752642962639438,0.0006358302537980523,1.248261929083976e-07,-8.182504779625767e-05,-5.107043178715829e-07,93.0,65.0,1.4307692307692308
WE00077---G005--PO01--LO001--CO6--SL001--PX32500--PW0100--IN0020--TM281--X050499--Y064992--Z215475--T2856157093.png,WE00077---G005--PO01--LO001--CO6--SL001--PX32500--PW0100--IN0020--TM281--X050499--Y064992--Z215475--T2856157093,WE00077---G005--PO01--LO001--CO6--SL001--PX32500--PW0100--IN0020--TM281--X050499--Y064992--Z215475--T2856157093,4481.0,5820.0,512.19090885901,239.3475197553312,28.756915251166944,0.2817530181086519,0.9927560976805906,0.7699312714776633,232.15727427758966,0.8105639838734583,0.6201491113415201,0.1792054354629527,0.16242167546915914,0.027710281536695087,0.1278723352699644,4.720072328881324e-05,224.0,71.0,3.1549295774647885
WE00077---G005--PO01--LO001--CO6--SL001--PX32500--PW0100--IN0020--TM282--X050499--Y064992--Z209639--T2365786112.png,WE00077---G005--PO01--LO001--CO6--SL001--PX32500--PW0100--IN0020--TM282--X050499--Y064992--Z209639--T2365786112,WE00077---G005--PO01--LO001--CO6--SL001--PX32500--PW0100--IN0020--TM282--X050499--Y064992--Z209639--T2365786112,2765.0,4925.0,365.4629867976521,106.93505719057897,67.27438748473885,0.4175475687103594,0.7773127007523648,0.5614213197969543,91.0,0.3607809599412111,0.02439120424605492,0.004647313662768439,0.0037262736018992323,1.3728726346204013e-05,-2.9119870852522558e-05,-7.2092205590773105e-06,86.0,77.0,1.1168831168831168
WE00077---G005--PO01--LO001--CO6--SL001--PX32500--PW0100--IN0020--TM282--X050499--Y064992--Z212286--T2678065031.png,WE00077---G005--PO01--LO001--CO6--SL001--PX32500--PW0100--IN0020--TM282--X050499--Y064992--Z212286--T2678065031,WE00077---G005--PO01--LO001--CO6--SL001--PX32500--PW0100--IN0020--TM282--X050499--Y064992--Z212286--T2678065031,3052.0,4143.0,293.7645019878171,106.84066247668622,46.294008137314535,0.4390103567318757,0.9012499780689094,0.7366642529567946,107.80074211247342,0.2776470828119866,0.036051084492469646,0.006034201095284571,0.0013964237387627967,4.024601333426451e-06,0.00024696015699626593,4.835970237053769e-07,88.0,79.0,1.1139240506329113
WE00077---G005--PO01--LO001--CO6--SL001--PX32500--PW0100--IN0020--TM283--X050499--Y064992--Z209681--T2692082476.png,WE00077---G005--PO01--LO001--CO6--SL001--PX32500--PW0100--IN0020--TM283--X050499--Y064992--Z209681--T2692082476,WE00077---G005--PO01--LO001--CO6--SL001--PX32500--PW0100--IN0020--TM283--X050499--Y064992--Z209681--T2692082476,3581.0,5991.0,463.32085117392114,209.102903023495,33.950035470942666,0.33492330714552937,0.9867315204915795,0.5977299282256718,199.5720421301541,0.7832419184817686,0.5520617381449175,0.2621893336452381,0.22371853201465933,0.05416870185805278,0.1641124932444092,-0.001230499929435417,198.0,54.0,3.6666666666666665
WE00077---G005--PO01--LO001--CO6--SL001--PX32500--PW0100--IN0020--TM284--X050499--Y064992--Z209061--T2345638542.png,WE00077---G005--PO01--LO001--CO6--SL001--PX32500--PW0100--IN0020--TM284--X050499--Y064992--Z209061--T2345638542,WE00077---G005--PO01--LO001--CO6--SL001--PX32500--PW0100--IN0020--TM284--X050499--Y064992--Z209061--T2345638542,4383.0,5738.0,483.90663761154804,222.25244149667594,31.65912758430321,0.3445754716981132,0.9898024735917195,0.7638550017427675,218.04815981796315,0.7186637022392276,0.4762087759011027,0.12984189711308008,0.11056700296442258,0.013245652079393582,0.0749685202895562,-0.00024186328602743973,212.0,60.0,3.533333333333333
WE00077---G005--PO01--LO001--CO6--SL001--PX32500--PW0100--IN0020--TM284--X050499--Y064992--Z210453--T2864582910.png,WE00077---G005--PO01--LO001--CO6--SL001--PX32500--PW0100--IN0020--TM284--X050499--Y064992--Z210453--T2864582910,WE00077---G005--PO01--LO001--CO6--SL001--PX32500--PW0100--IN0020--TM284--X050499--Y064992--Z210453--T2864582910,3645.0,7117.0,432.2741699796952,168.41863397348848,55.45045859913335,0.34644995722840033,0.9442456353855381,0.5121539974708444,167.6722994414999,0.5390876136548369,0.18804659572603385,0.0997088066882394,0.06446301575202341,0.005104733470557997,0.020413079583415313,-0.0008069527198713549,167.0,63.0,2.6507936507936507
WE00078---G006--PO01--LO001--CO6--SL001--PX32500--PW0100--IN0020--TM254--X059508--Y064992--Z209373--T2930297402.png,WE00078---G006--PO01--LO001--CO6--SL001--PX32500--PW0100--IN0020--TM254--X059508--Y064992--Z209373--T2930297402,WE00078---G006--PO01--LO001--CO6--SL001--PX32500--PW0100--IN0020--TM254--X059508--Y064992--Z209373--T2930297402,3336.0,5051.0,332.5340546095176,134.95133357128697,46.4234247041619,0.4483870967741935,0.9389691975429114,0.6604632745990893,122.18428704215611,0.381575929142906,0.09049447308408831,0.012189147596770127,0.0050649877393452725,3.495732935969274e-05,0.0006885409373648167,-1.9021435304267116e-05,120.0,62.0,1.935483870967742
WE00078---G006--PO01--LO001--CO6--SL001--PX32500--PW0100--IN0020--TM257--X059508--Y064992--Z210270--T2942319580.png,WE00078---G006--PO01--LO001--CO6--SL001--PX32500--PW0100--IN0020--TM257--X059508--Y064992--Z210270--T2942319580,WE00078---G006--PO01--LO001--CO6--SL001--PX32500--PW0100--IN0020--TM257--X059508--Y064992--Z210270--T2942319580,3471.0,5201.0,347.1198410471445,108.11109051027354,63.23551608933156,0.5317095588235294,0.8110964792749267,0.6673716592962892,97.32420048477151,0.282460717127713,0.019169989044961692,0.004318790419298477,0.0013313748259403861,6.583789821153497e-07,-8.655519911907937e-05,3.123879769872575e-06,68.0,96.0,0.7083333333333334
WE00078---G006--PO01--LO001--CO6--SL001--PX32500--PW0100--IN0020--TM270--X059508--Y064992--Z215583--T2848091135.png,WE00078---G006--PO01--LO001--CO6--SL001--PX32500--PW0100--IN0020--TM270--X059508--Y064992--Z215583--T2848091135,WE00078---G006--PO01--LO001--CO6--SL001--PX32500--PW0100--IN0020--TM270--X059508--Y064992--Z215583--T2848091135,4461.0,6265.0,519.6467529817257,232.2048503406948,34.36388909056469,0.26214961509079154,0.9889889260853517,0.7120510774142059,229.0,0.7719677397889081,0.5459419311827208,0.2663220601274661,0.2297867287395615,0.056844768808983856,0.16977728819587978,8.452372362716815e-05,221.0,77.0,2.8701298701298703
WE00078---G006--PO01--LO001--CO6--SL001--PX32500--PW0100--IN0020--TM281--X059508--Y064992--Z209861--T2340806839.png,WE00078---G006--PO01--LO001--CO6--SL001--PX32500--PW0100--IN0020--TM281--X059508--Y064992--Z209861--T2340806839,WE00078---G006--PO01--LO001--CO6--SL001--PX32500--PW0100--IN0020--TM281--X059508--Y064992--Z209861--T2340806839,4014.0,5833.0,438.45793616376875,201.16551706483457,37.65485992677516,0.21364700872897593,0.9823249705762587,0.6881536087776444,187.85632808079689,0.6521775929880935,0.3696921129582809,0.07283502710928484,0.047982534949290265,0.002825329815791922,0.026443315807975643,-0.00025237555097265205,154.0,122.0,1.2622950819672132
WE00078---G006--PO01--LO001--CO6--SL001--PX32500--PW0100--IN0020--TM281--X059508--Y064992--Z210875--T2856237141.png,WE00078---G006--PO01--LO001--CO6--SL001--PX32500--PW0100--IN0020--TM281--X059508--Y064992--Z210875--T2856237141,WE00078---G006--PO01--LO001--CO6--SL001--PX32500--PW0100--IN0020--TM281--X059508--Y064992--Z210875--T2856237141,4347.0,5437.0,503.7228714274745,240.8475800652581,27.190106551041183,0.6044215795328143,0.9936071035138135,0.7995217951075961,232.2154172315008,0.8446465769143644,0.6779671534203642,0.18500405653177104,0.16997100245292646,0.030140661372776403,0.13994174724855815,-2.0608969185980253e-05,232.0,31.0,7.483870967741935
WE00078---G006--PO01--LO001--CO6--SL001--PX32500--PW0100--IN0020--TM281--X059508--Y064992--Z213337--T2355342660.png,WE00078---G006--PO01--LO001--CO6--SL001--PX32500--PW0100--IN0020--TM281--X059508--Y064992--Z213337--T2355342660,WE00078---G006--PO01--LO001--CO6--SL001--PX32500--PW0100--IN0020--TM281--X059508--Y064992--Z213337--T2355342660,3524.0,4510.0,401.5290039756343,189.79967606603432,28.789782522075143,0.21280193236714975,0.9884288699510023,0.7813747228381375,181.20706387997132,0.6536033025759072,0.38962946281598165,0.06449851325005679,0.05355615872883741,0.0031473259983060137,0.03321281529471657,-4.6430337361292196e-05,144.0,115.0,1.2521739130434784
WE00078---G006--PO01--LO001--CO6--SL001--PX32500--PW0100--IN0020--TM282--X059508--Y064992--Z210086--T2678146001.png,WE00078---G006--PO01--LO001--CO6--SL001--PX32500--PW0100--IN0020--TM282--X059508--Y064992--Z210086--T2678146001,WE00078---G006--PO01--LO001--CO6--SL001--PX32500--PW0100--IN0020--TM282--X059508--Y064992--Z210086--T2678146001,2468.0,2741.0,221.1370849898476,89.02926750798568,37.768610046969414,0.5452938577110031,0.9055559278329784,0.900401313389274,86.53323061113575,0.23684862180633393,0.027093308127934472,0.0011418960879521199,0.0001980330940361425,5.1689975034340076e-08,1.03107351363119e-05,7.87174493581829e-08,73.0,62.0,1.1774193548387097
WE00078---G006--PO01--LO001--CO6--SL001--PX32500--PW0100--IN0020--TM282--X059508--Y064992--Z217839--T2365866596.png,WE00078---G006--PO01--LO001--CO6--SL001--PX32500--PW0100--IN0020--TM282--X059508--Y064992--Z217839--T2365866596,WE00078---G006--PO01--LO001--CO6--SL001--PX32500--PW0100--IN0020--TM282--X059508--Y064992--Z217839--T2365866596,2825.0,3808.0,275.69343417595167,104.13663810588912,46.69525820766194,0.445864898989899,0.8938311273086863,0.741859243697479,94.66784036831093,0.2881612065282553,0.036741699539858494,0.005934526411164003,0.0011877117623337505,9.083096014554994e-07,-6.389521966297952e-06,-3.019605086329754e-06,72.0,88.0,0.8181818181818182
WE00078---G006--PO01--LO001--CO6--SL001--PX32500--PW0100--IN0020--TM282--X059508--Y064992--Z223881--T2692162335.png,WE00078---G006--PO01--LO001--CO6--SL001--PX32500--PW0100--IN0020--TM282--X059508--Y064992--Z223881--T2692162335,WE00078---G006--PO01--LO001--CO6--SL001--PX32500--PW0100--IN0020--TM282--X059508--Y064992--Z223881--T2692162335,3167.0,6122.0,401.84776310850236,174.69192412705232,44.16891047729728,0.3672309833024119,0.9675083982355029,0.5173146030708918,155.16765126791086,0.6407515197340405,0.3178148569140579,0.09148141368759238,0.06498352465501604,0.004965926710956713,0.03177314788315295,-0.0006660002785908138,56.0,154.0,0.36363636363636365
WE00078---G006--PO01--LO001--CO6--SL001--PX32500--PW0100--IN0020--TM284--X059508--Y064992--Z210861--T2345722722.png,WE00078---G006--PO01--LO001--CO6--SL001--PX32500--PW0100--IN0020--TM284--X059508--Y064992--Z210861--T2345722722,WE00078---G006--PO01--LO001--CO6--SL001--PX32500--PW0100--IN0020--TM284--X059508--Y064992--Z210861--T2345722722,4034.0,5827.0,434.47518010647184,201.58112123938176,37.84907944161999,0.30196871023280186,0.982214739607431,0.6922944911618328,190.80094339389416,0.6517647070944534,0.368904082449785,0.07787782112209395,0.053176200897633696,0.0034107029140393965,0.029117072215097427,-0.00027810674687521887,183.0,73.0,2.506849315068493
WE00078---G006--PO01--LO001--CO6--SL001--PX32500--PW0100--IN0020--TM284--X059508--Y064992--Z211053--T2864655233.png,WE00078---G006--PO01--LO001--CO6--SL001--PX32500--PW0100--IN0020--TM284--X059508--Y064992--Z211053--T2864655233,WE00078---G006--PO01--LO001--CO6--SL001--PX32500--PW0100--IN0020--TM284--X059508--Y064992--Z211053--T2864655233,3482.0,6080.0,400.43354954612926,107.71986323224971,78.90205575449666,0.4505693581780538,0.6807944395048804,0.5726973684210527,94.64142856064674,0.3200226762108752,0.009318578630343556,0.0045770360513999854,0.003999855343417006,1.1403628194258069e-05,-5.312709892122937e-05,1.2761496453122154e-05,92.0,84.0,1.0952380952380953
WE00079---G007--PO01--LO001--CO6--SL001--PX32500--PW0100--IN0020--TM254--X068517--Y064992--Z209973--T2930376628.png,WE00079---G007--PO01--LO001--CO6--SL001--PX32500--PW0100--IN0020--TM254--X068517--Y064992--Z209973--T2930376628,WE00079---G007--PO01--LO001--CO6--SL001--PX32500--PW0100--IN0020--TM254--X068517--Y064992--Z209973--T2930376628,3475.0,6676.0,436.0071426749364,179.21599018119605,61.246187102432,0.2767160375856028,0.9397926815395662,0.5205212702216896,169.00887550658396,0.6451342908491486,0.26030689753234004,0.177073696010753,0.06691847795347793,0.006540896244345639,0.022087075882511624,0.003206201354888496,161.0,78.0,2.0641025641025643
WE00079---G007--PO01--LO001--CO6--SL001--PX32500--PW0100--IN0020--TM257--X068517--Y064992--Z208670--T2942398704.png,WE00079---G007--PO01--LO001--CO6--SL001--PX32500--PW0100--IN0020--TM257--X068517--Y064992--Z208670--T2942398704,WE00079---G007--PO01--LO001--CO6--SL001--PX32500--PW0100--IN0020--TM257--X068517--Y064992--Z208670--T2942398704,2829.0,3914.0,284.73506473629425,104.09415811008543,51.826104444807335,0.49337286362050925,0.8672475583714113,0.7227899846704139,96.1041102138717,0.29872611467328436,0.03241693209538364,0.009564453853261112,0.0018036458631390468,1.802523611424933e-06,-4.7521069285011994e-05,-7.2712057867083605e-06,94.0,61.0,1.540983606557377
WE00079---G007--PO01--LO001--CO6--SL001--PX32500--PW0100--IN0020--TM270--X068517--Y064992--Z213783--T2848170485.png,WE00079---G007--PO01--LO001--CO6--SL001--PX32500--PW0100--IN0020--TM270--X068517--Y064992--Z213783--T2848170485,WE00079---G007--PO01--LO001--CO6--SL001--PX32500--PW0100--IN0020--TM270--X068517--Y064992--Z213783--T2848170485,4517.0,6017.0,512.19090885901,235.13274423732125,31.810645487345496,0.28387380593262945,0.9908063126808818,0.7507063320591657,227.74108105478027,0.7789922041578358,0.5639847532422867,0.19804353146444753,0.17319594373411884,0.03207644975101405,0.13006239632681052,5.383529500550821e-05,221.0,72.0,3.0694444444444446
WE00079---G007--PO01--LO001--CO6--SL001--PX32500--PW0100--IN0020--TM281--X068517--Y064992--Z210461--T2340887622.png,WE00079---G007--PO01--LO001--CO6--SL001--PX32500--PW0100--IN0020--TM281--X068517--Y064992--Z210461--T2340887622,WE00079---G007--PO01--LO001--CO6--SL001--PX32500--PW0100--IN0020--TM281--X068517--Y064992--Z210461--T2340887622,4746.0,6982.0,523.2031021678297,262.90142079694857,32.75407966318142,0.2362604540023895,0.9922086968247327,0.6797479232311658,231.7584949899356,0.9243308416513414,0.8029498420964503,0.19488621509760887,0.16072920753737108,0.028436198901441875,0.14118562592197836,-0.0007749752091087726,216.0,93.0,2.3225806451612905
WE00079---G007--PO01--LO001--CO6--SL001--PX32500--PW0100--IN0020--TM281--X068517--Y064992--Z211075--T2856316990.png,WE00079---G007--PO01--LO001--CO6--SL001--PX32500--PW0100--IN0020--TM281--X068517--Y064992--Z211075--T2856316990,WE00079---G007--PO01--LO001--CO6--SL001--PX32500--PW0100--IN0020--TM281--X068517--Y064992--Z211075--T2856316990,3924.0,5437.0,475.3380951166243,229.33245772644804,30.296929754705477,0.47586708707252,0.991235167205864,0.721721537612654,217.5890622251036,0.8523075961935308,0.6774401697103284,0.3020212827461143,0.26746777052360904,0.07601685488702926,0.21943275842412374,-0.0006538175994438141,217.0,38.0,5.7105263157894735
WE00079---G007--PO01--LO001--CO6--SL001--PX32500--PW0100--IN0020--TM281--X068517--Y064992--Z214137--T2355422205.png,WE00079---G007--PO01--LO001--CO6--SL001--PX32500--PW0100--IN0020--TM281--X068517--Y064992--Z214137--T2355422205,WE00079---G007--PO01--LO001--CO6--SL001--PX32500--PW0100--IN0020--TM281--X068517--Y064992--Z214137--T2355422205,3998.0,5374.0,431.28636328851496,174.1546721071384,37.702255148567254,0.22746927628584435,0.9762854591066016,0.7439523632303684,192.41881404893857,0.4963623977618897,0.20423127965888155,0.0683103002747697,0.0534829376621139,0.003230721301092658,0.02343580224328891,-0.00011321139276788668,169.0,104.0,1.625
WE00079---G007--PO01--LO001--CO6--SL001--PX32500--PW0100--IN0020--TM282--X068517--Y064992--Z209481--T2692241476.png,WE00079---G007--PO01--LO001--CO6--SL001--PX32500--PW0100--IN0020--TM282--X068517--Y064992--Z209481--T2692241476,WE00079---G007--PO01--LO001--CO6--SL001--PX32500--PW0100--IN0020--TM282--X068517--Y064992--Z209481--T2692241476,4182.0,5775.0,471.56349186104046,212.15417119289648,31.289506491086588,0.4237082066869301,0.989064328699121,0.7241558441558441,211.482859825566,0.6872971301261447,0.4330085116910339,0.1359361862914933,0.1195913640689771,0.015247566571599822,0.07850768793257674,0.0001338455609461225,210.0,47.0,4.468085106382978
WE00079---G007--PO01--LO001--CO6--SL001--PX32500--PW0100--IN0020--TM282--X068517--Y064992--Z211686--T2678227229.png,WE00079---G007--PO01--LO001--CO6--SL001--PX32500--PW0100--IN0020--TM282--X068517--Y064992--Z211686--T2678227229,WE00079---G007--PO01--LO001--CO6--SL001--PX32500--PW0100--IN0020--TM282--X068517--Y064992--Z211686--T2678227229,2832.0,4051.0,317.5218613006979,136.0990945579845,36.45884374916543,0.5396341463414634,0.963451021909566,0.6990866452727722,128.03515142334936,0.43812259063888737,0.1439836063929912,0.01799285163663749,0.0068095839163388565,6.803281230375837e-05,0.0015649654265944956,3.245026437919815e-05,128.0,41.0,3.1219512195121952
WE00079---G007--PO01--LO001--CO6--SL001--PX32500--PW0100--IN0020--TM282--X068517--Y064992--Z217239--T2365947138.png,WE00079---G007--PO01--LO001--CO6--SL001--PX32500--PW0100--IN0020--TM282--X068517--Y064992--Z217239--T2365947138,WE00079---G007--PO01--LO001--CO6--SL001--PX32500--PW0100--IN0020--TM282--X068517--Y064992--Z217239--T2365947138,3376.0,4956.0,320.8061325481597,107.47849604111703,57.209579047832506,0.47032599609919196,0.8465629555985252,0.6811945117029863,101.01980003939822,0.2744476274824238,0.023489756955180782,0.006342683549567033,0.0015477344092863536,1.4717456161768172e-06,-6.885762672542563e-05,-4.620595808301022e-06,74.0,97.0,0.7628865979381443
WE00079---G007--PO01--LO001--CO6--SL001--PX32500--PW0100--IN0020--TM284--X068517--Y064992--Z209453--T2864728170.png,WE00079---G007--PO01--LO001--CO6--SL001--PX32500--PW0100--IN0020--TM284--X068517--Y064992--Z209453--T2864728170,WE00079---G007--PO01--LO001--CO6--SL001--PX32500--PW0100--IN0020--TM284--X068517--Y064992--Z209453--T2864728170,2791.0,4698.0,378.43354954612926,94.11734470929655,71.66875201541541,0.4533788174139051,0.6481849562983419,0.5940825883354619,84.15461959987698,0.3133841945220275,0.006945680713885314,0.0018457779907064713,0.002309664997357432,4.49434613975173e-06,-2.2433091184366827e-05,1.5945961381784132e-06,81.0,76.0,1.0657894736842106
WE00079---G007--PO01--LO001--CO6--SL001--PX32500--PW0100--IN0020--TM284--X068517--Y064992--Z210661--T2345807260.png,WE00079---G007--PO01--LO001--CO6--SL001--PX32500--PW0100--IN0020--TM284--X068517--Y064992--Z210661--T2345807260,WE00079---G007--PO01--LO001--CO6--SL001--PX32500--PW0100--IN0020--TM284--X068517--Y064992--Z210661--T2345807260,4909.0,6828.0,525.9310242291876,256.7893727361392,31.96262977079961,0.2432486001684753,0.9922233439513964,0.7189513766842414,232.69078194032525,0.8525462371675121,0.6831560486571152,0.15588941363134218,0.13209092651673204,0.018951948901523408,0.10782797195991474,-0.0003251687435187837,217.0,93.0,2.3333333333333335
WE00080---G008--PO01--LO001--CO6--SL001--PX32500--PW0100--IN0020--TM254--X077526--Y064992--Z209373--T2930455400.png,WE00080---G008--PO01--LO001--CO6--SL001--PX32500--PW0100--IN0020--TM254--X077526--Y064992--Z209373--T2930455400,WE00080---G008--PO01--LO001--CO6--SL001--PX32500--PW0100--IN0020--TM254--X077526--Y064992--Z209373--T2930455400,3617.0,6550.0,401.84776310850236,129.71383838779502,73.31100931073998,0.4180536292186778,0.8249710906556684,0.5522137404580153,109.59014554237986,0.38360837633837447,0.03915283192171422,0.013408257554768632,0.0049476547075054614,1.4031181977357843e-05,-0.0002562849693948172,-3.7776551611171886e-05,103.0,84.0,1.2261904761904763
WE00080---G008--PO01--LO001--CO6--SL001--PX32500--PW0100--IN0020--TM257--X077526--Y064992--Z209470--T2942478972.png,WE00080---G008--PO01--LO001--CO6--SL001--PX32500--PW0100--IN0020--TM257--X077526--Y064992--Z209470--T2942478972,WE00080---G008--PO01--LO001--CO6--SL001--PX32500--PW0100--IN0020--TM257--X077526--Y064992--Z209470--T2942478972,3016.0,5952.0,405.1614716074871,109.1689942301041,79.74115473756822,0.3682539682539683,0.6829792752340716,0.5067204301075269,93.81364506296512,0.3787409039309785,0.013271643232841723,0.0067964931643720895,0.007300372490019328,5.1007611075092255e-05,1.6472424131881946e-05,-6.5253157331040625e-06,90.0,91.0,0.989010989010989
WE00080---G008--PO01--LO001--CO6--SL001--PX32500--PW0100--IN0020--TM271--X077526--Y064992--Z213983--T2848249889.png,WE00080---G008--PO01--LO001--CO6--SL001--PX32500--PW0100--IN0020--TM271--X077526--Y064992--Z213983--T2848249889,WE00080---G008--PO01--LO001--CO6--SL001--PX32500--PW0100--IN0020--TM271--X077526--Y064992--Z213983--T2848249889,3851.0,4821.0,467.55339059327383,220.26181845549596,26.99306479101309,0.16146750524109016,0.9924623524021673,0.7987969300974902,215.1278689523977,0.799206281097989,0.6014867221261169,0.18310639017123165,0.16564050788668416,0.028846775894639673,0.12828495800624648,-0.00012836846017017477,159.0,150.0,1.06
WE00080---G008--PO01--LO001--CO6--SL001--PX32500--PW0100--IN0020--TM281--X077526--Y064992--Z208675--T2856396671.png,WE00080---G008--PO01--LO001--CO6--SL001--PX32500--PW0100--IN0020--TM281--X077526--Y064992--Z208675--T2856396671,WE00080---G008--PO01--LO001--CO6--SL001--PX32500--PW0100--IN0020--TM281--X077526--Y064992--Z208675--T2856396671,3547.0,6176.0,504.2081528017131,232.82154019886966,34.92354597029859,0.34571150097465886,0.9886857914345689,0.5743199481865285,229.1571513176056,0.9766267910155314,0.8716928043180802,0.737907224289454,0.6556809247716482,0.4560164499106089,0.6044924678791361,-0.007529706314971803,228.0,45.0,5.066666666666666
WE00080---G008--PO01--LO001--CO6--SL001--PX32500--PW0100--IN0020--TM281--X077526--Y064992--Z213537--T2355502372.png,WE00080---G008--PO01--LO001--CO6--SL001--PX32500--PW0100--IN0020--TM281--X077526--Y064992--Z213537--T2355502372,WE00080---G008--PO01--LO001--CO6--SL001--PX32500--PW0100--IN0020--TM281--X077526--Y064992--Z213537--T2355502372,3971.0,7180.0,422.9188309203678,129.06702704837485,83.26528148016996,0.4195900253592561,0.7640710573960859,0.5530640668523676,107.54068997360952,0.37130767708193557,0.02342914733189188,0.015022811871347503,0.004432958946355557,1.2814055638975889e-05,-0.00019855016229077465,-3.383011435327147e-05,104.0,91.0,1.1428571428571428
WE00080---G008--PO01--LO001--CO6--SL001--PX32500--PW0100--IN0020--TM281--X077526--Y064992--Z216461--T2340968100.png,WE00080---G008--PO01--LO001--CO6--SL001--PX32500--PW0100--IN0020--TM281--X077526--Y064992--Z216461--T2340968100,WE00080---G008--PO01--LO001--CO6--SL001--PX32500--PW0100--IN0020--TM281--X077526--Y064992--Z216461--T2340968100,4164.0,5197.0,470.81832585697947,215.2253378556353,29.22646396715935,0.26095130663658583,0.9907369957164021,0.8012314796998268,210.79373804740976,0.7080951646718303,0.46574232639475543,0.09623798660940742,0.08424303161226872,0.007585325784024392,0.05747156893941439,-1.3561051122766218e-06,197.0,81.0,2.432098765432099
WE00080---G008--PO01--LO001--CO6--SL001--PX32500--PW0100--IN0020--TM282--X077526--Y064992--Z209681--T2692321030.png,WE00080---G008--PO01--LO001--CO6--SL001--PX32500--PW0100--IN0020--TM282--X077526--Y064992--Z209681--T2692321030,WE00080---G008--PO01--LO001--CO6--SL001--PX32500--PW0100--IN0020--TM282--X077526--Y064992--Z209681--T2692321030,4456.0,6024.0,495.7056274847714,228.6490081230877,31.220121715461566,0.36826446280991737,0.9906343256797624,0.7397078353253652,223.0896680709351,0.7469572614957369,0.5178457860900483,0.11872696608513333,0.10170623884139057,0.011174029240297758,0.07180987002934054,-0.00022274739956365617,220.0,55.0,4.0
WE00080---G008--PO01--LO001--CO6--SL001--PX32500--PW0100--IN0020--TM282--X077526--Y064992--Z210686--T2678307963.png,WE00080---G008--PO01--LO001--CO6--SL001--PX32500--PW0100--IN0020--TM282--X077526--Y064992--Z210686--T2678307963,WE00080---G008--PO01--LO001--CO6--SL001--PX32500--PW0100--IN0020--TM282--X077526--Y064992--Z210686--T2678307963,3443.0,5481.0,359.22034611053283,149.7241308533068,41.38539332573231,0.3663545435198978,0.9610395265859968,0.6281700419631454,132.7742444904131,0.43802763107217013,0.1412596716929827,0.01794550277314343,0.011561494126103203,0.00016322482209288618,0.0036880054531698556,3.302574850175666e-05,74.0,127.0,0.5826771653543307
WE00080---G008--PO01--LO001--CO6--SL001--PX32500--PW0100--IN0020--TM282--X077526--Y064992--Z216239--T2366028099.png,WE00080---G008--PO01--LO001--CO6--SL001--PX32500--PW0100--IN0020--TM282--X077526--Y064992--Z216239--T2366028099,WE00080---G008--PO01--LO001--CO6--SL001--PX32500--PW0100--IN0020--TM282--X077526--Y064992--Z216239--T2366028099,2322.0,2743.0,216.06601717798213,72.78933435305656,43.59881114067385,0.6349466776045939,0.8007695788471298,0.8465184104994532,69.87131027825369,0.19377539643737102,0.00836251402586545,0.0006241006489757926,7.342096847043233e-05,-1.3828388629066198e-10,-2.2774947678366813e-06,1.571595111010917e-08,69.0,53.0,1.3018867924528301
WE00080---G008--PO01--LO001--CO6--SL001--PX32500--PW0100--IN0020--TM283--X077526--Y064992--Z210461--T2345890793.png,WE00080---G008--PO01--LO001--CO6--SL001--PX32500--PW0100--IN0020--TM283--X077526--Y064992--Z210461--T2345890793,WE00080---G008--PO01--LO001--CO6--SL001--PX32500--PW0100--IN0020--TM283--X077526--Y064992--Z210461--T2345890793,3845.0,5919.0,508.3746750430836,242.99377098743346,29.17189910569553,0.21337402885682574,0.9927675994484534,0.6496029734752492,224.54398232862977,0.9736178874532859,0.8948253708587645,0.3500381071117946,0.31265405268246105,0.10342896548618613,0.2950761575161954,0.000755185899549142,212.0,85.0,2.4941176470588236
WE00080---G008--PO01--LO001--CO6--SL001--PX32500--PW0100--IN0020--TM284--X077526--Y064992--Z209053--T2864800729.png,WE00080---G008--PO01--LO001--CO6--SL001--PX32500--PW0100--IN0020--TM284--X077526--Y064992--Z209053--T2864800729,WE00080---G008--PO01--LO001--CO6--SL001--PX32500--PW0100--IN0020--TM284--X077526--Y064992--Z209053--T2864800729,2401.0,3820.0,294.49242404917493,95.008223737202,56.254073114013615,0.415973665973666,0.805866788863296,0.6285340314136125,82.76472678623425,0.317343901489354,0.023284855206604727,0.009577908066770278,0.0022286476914007624,1.5613034042155494e-06,-0.00016370301340509205,-1.017762598893092e-05,74.0,78.0,0.9487179487179487
WE00081---G009--PO01--LO001--CO6--SL001--PX32500--PW0100--IN0020--TM254--X086535--Y064992--Z208773--T2930533696.png,WE00081---G009--PO01--LO001--CO6--SL001--PX32500--PW0100--IN0020--TM254--X086535--Y064992--Z208773--T2930533696,WE00081---G009--PO01--LO001--CO6--SL001--PX32500--PW0100--IN0020--TM254--X086535--Y064992--Z208773--T2930533696,4167.0,6771.0,396.51681066681454,145.62281981493956,63.92312518939431,0.41363907087552115,0.8985048190623629,0.6154186973859105,138.52075656738234,0.3793522255944525,0.06593445524976786,0.026331073792894382,0.008344823406679556,9.67673814945439e-05,0.00042217417840081613,7.70524572106738e-05,138.0,73.0,1.8904109589041096
WE00081---G009--PO01--LO001--CO6--SL001--PX32500--PW0100--IN0020--TM257--X086535--Y064992--Z209270--T2942559257.png,WE00081---G009--PO01--LO001--CO6--SL001--PX32500--PW0100--IN0020--TM257--X086535--Y064992--Z209270--T2942559257,WE00081---G009--PO01--LO001--CO6--SL001--PX32500--PW0100--IN0020--TM257--X086535--Y064992--Z209270--T2942559257,3731.0,6548.0,418.47518010647184,124.85116762287025,73.1912130762404,0.3929850431851696,0.8101463333955246,0.5697923029932804,109.29318368498559,0.35085713830684917,0.029372022544303954,0.008168598818110084,0.004829546473720789,2.6126647697904554e-05,-9.425039997810198e-06,-1.5413150199914866e-05,101.0,94.0,1.074468085106383
WE00081---G009--PO01--LO001--CO6--SL001--PX32500--PW0100--IN0020--TM271--X086535--Y064992--Z209983--T2848328909.png,WE00081---G009--PO01--LO001--CO6--SL001--PX32500--PW0100--IN0020--TM271--X086535--Y064992--Z209983--T2848328909,WE00081---G009--PO01--LO001--CO6--SL001--PX32500--PW0100--IN0020--TM271--X086535--Y064992--Z209983--T2848328909,4022.0,5466.0,497.99494936611666,234.20786792938713,30.94083569708305,0.42837362871445306,0.9912352700035802,0.7358214416392242,229.10696191953662,0.8672715799612,0.7014372267640627,0.36617822547205403,0.3245601333962046,0.1118893497896391,0.2718001553517416,0.00012420107420327894,229.0,41.0,5.585365853658536
WE00081---G009--PO01--LO001--CO6--SL001--PX32500--PW0100--IN0020--TM281--X086535--Y064992--Z210261--T2341049337.png,WE00081---G009--PO01--LO001--CO6--SL001--PX32500--PW0100--IN0020--TM281--X086535--Y064992--Z210261--T2341049337,WE00081---G009--PO01--LO001--CO6--SL001--PX32500--PW0100--IN0020--TM281--X086535--Y064992--Z210261--T2341049337,3993.0,7253.0,463.9066376115481,207.0529959671589,46.04775380778861,0.36565934065934064,0.9749564238392663,0.5505308148352406,186.78329689776868,0.7042220568763935,0.40684437003266954,0.15334368185860675,0.0917359298118422,0.010770417571547654,0.05423250452448057,-0.0015426366809098398,182.0,60.0,3.033333333333333
WE00081---G009--PO01--LO001--CO6--SL001--PX32500--PW0100--IN0020--TM281--X086535--Y064992--Z212537--T2355582545.png,WE00081---G009--PO01--LO001--CO6--SL001--PX32500--PW0100--IN0020--TM281--X086535--Y064992--Z212537--T2355582545,WE00081---G009--PO01--LO001--CO6--SL001--PX32500--PW0100--IN0020--TM281--X086535--Y064992--Z212537--T2355582545,4067.0,6344.0,487.26197667087547,206.89331855534707,37.111907981975136,0.25851767098906686,0.9837804037943474,0.641078184110971,216.37467504308356,0.6789731217252721,0.4053127098748995,0.2272593998769441,0.19577296957576054,0.041282867087394225,0.12222313142785168,-0.0009712905905363556,207.0,76.0,2.723684210526316
WE00081---G009--PO01--LO001--CO6--SL001--PX32500--PW0100--IN0020--TM281--X086535--Y064992--Z218675--T2856476694.png,WE00081---G009--PO01--LO001--CO6--SL001--PX32500--PW0100--IN0020--TM281--X086535--Y064992--Z218675--T2856476694,WE00081---G009--PO01--LO001--CO6--SL001--PX32500--PW0100--IN0020--TM281--X086535--Y064992--Z218675--T2856476694,3433.0,4079.0,347.6173157302028,156.49305637712544,32.33182749220237,0.27883365821962314,0.9784250017562524,0.8416278499632263,151.38031576133008,0.46488901404092065,0.18218091756800342,0.01993844406617795,0.01436709977350242,0.0002429711516141101,0.006076370472549651,9.682688546909735e-06,108.0,114.0,0.9473684210526315
WE00081---G009--PO01--LO001--CO6--SL001--PX32500--PW0100--IN0020--TM282--X086535--Y064992--Z210039--T2366108564.png,WE00081---G009--PO01--LO001--CO6--SL001--PX32500--PW0100--IN0020--TM282--X086535--Y064992--Z210039--T2366108564,WE00081---G009--PO01--LO001--CO6--SL001--PX32500--PW0100--IN0020--TM282--X086535--Y064992--Z210039--T2366108564,2012.0,2244.0,193.58073580374355,74.11177692733341,36.88763819468994,0.5988095238095238,0.8673321562127742,0.8966131907308378,71.80529228406496,0.21288684551780493,0.01647383754747995,0.0009712662469578709,0.00013232292187655368,1.9700025450872166e-08,3.7918983039204753e-06,4.3153507137972167e-08,48.0,70.0,0.6857142857142857
WE00081---G009--PO01--LO001--CO6--SL001--PX32500--PW0100--IN0020--TM282--X086535--Y064992--Z210886--T2678388232.png,WE00081---G009--PO01--LO001--CO6--SL001--PX32500--PW0100--IN0020--TM282--X086535--Y064992--Z210886--T2678388232,WE00081---G009--PO01--LO001--CO6--SL001--PX32500--PW0100--IN0020--TM282--X086535--Y064992--Z210886--T2678388232,3416.0,4883.0,414.6234123846127,94.3717441953856,72.31958871901966,0.4908045977011494,0.6424510610637112,0.6995699365144379,87.69264507357501,0.2586385577972675,0.004523269257956094,0.0008643942442815609,0.0007015147745873817,4.9836296052955056e-08,-3.437524232997568e-05,-5.439967833402107e-07,87.0,80.0,1.0875
WE00081---G009--PO01--LO001--CO6--SL001--PX32500--PW0100--IN0020--TM283--X086535--Y064992--Z210081--T2692401363.png,WE00081---G009--PO01--LO001--CO6--SL001--PX32500--PW0100--IN0020--TM283--X086535--Y064992--Z210081--T2692401363,WE00081---G009--PO01--LO001--CO6--SL001--PX32500--PW0100--IN0020--TM283--X086535--Y064992--Z210081--T2692401363,4161.0,5358.0,484.14927829866735,225.14086372145047,28.474022895918157,0.31875287268270264,0.991970173291854,0.776595744680851,218.68013169924697,0.7735396914371245,0.5612758680897324,0.17360034193853718,0.15683723204730157,0.025879073194073038,0.11744181326348403,-3.1550570219170473e-05,214.0,61.0,3.5081967213114753
WE00081---G009--PO01--LO001--CO6--SL001--PX32500--PW0100--IN0020--TM283--X086535--Y064992--Z212461--T2345974536.png,WE00081---G009--PO01--LO001--CO6--SL001--PX32500--PW0100--IN0020--TM283--X086535--Y064992--Z212461--T2345974536,WE00081---G009--PO01--LO001--CO6--SL001--PX32500--PW0100--IN0020--TM283--X086535--Y064992--Z212461--T2345974536,3925.0,6686.0,452.1492782986674,205.61762628308279,41.22135145269907,0.29143154143154143,0.9796986611309366,0.587047562069997,189.1718795170149,0.7002835677368858,0.4175342782507666,0.17378351457298843,0.12332796761611567,0.01801230997181735,0.07724945277852174,-0.001240342386438907,182.0,74.0,2.4594594594594597
WE00081---G009--PO01--LO001--CO6--SL001--PX32500--PW0100--IN0020--TM283--X086535--Y064992--Z213253--T2864873456.png,WE00081---G009--PO01--LO001--CO6--SL001--PX32500--PW0100--IN0020--TM283--X086535--Y064992--Z213253--T2864873456,WE00081---G009--PO01--LO001--CO6--SL001--PX32500--PW0100--IN0020--TM283--X086535--Y064992--Z213253--T2864873456,2752.0,3321.0,276.14927829866735,95.06624908586883,43.03628353327823,0.5180722891566265,0.891663998103883,0.8286660644384222,94.02127418834527,0.24731362226592413,0.02663014544224638,0.0032919522429807916,0.0002496690618926857,-2.2623058874937788e-07,-4.07319596952939e-05,7.2440464541266164e-09,64.0,83.0,0.7710843373493976
WE00082---G010--PO01--LO001--CO6--SL001--PX32500--PW0100--IN0020--TM254--X095544--Y064992--Z217373--T2930612195.png,WE00082---G010--PO01--LO001--CO6--SL001--PX32500--PW0100--IN0020--TM254--X095544--Y064992--Z217373--T2930612195,WE00082---G010--PO01--LO001--CO6--SL001--PX32500--PW0100--IN0020--TM254--X095544--Y064992--Z217373--T2930612195,4202.0,5830.0,516.776695296637,247.91429543809824,29.170817759312392,0.28731623931623934,0.9930533543995437,0.720754716981132,231.38928237928394,0.926827024204481,0.8127267419845647,0.29147092240833844,0.25874380786395196,0.07105300219228645,0.23161419563335875,-0.0006841742316852466,225.0,65.0,3.4615384615384617
WE00082---G010--PO01--LO001--CO6--SL001--PX32500--PW0100--IN0020--TM257--X095544--Y064992--Z211070--T2942638835.png,WE00082---G010--PO01--LO001--CO6--SL001--PX32500--PW0100--IN0020--TM257--X095544--Y064992--Z211070--T2942638835,WE00082---G010--PO01--LO001--CO6--SL001--PX32500--PW0100--IN0020--TM257--X095544--Y064992--Z211070--T2942638835,3137.0,4864.0,376.0904037956217,106.39436507248352,63.93290033439055,0.47674772036474167,0.7993204891272988,0.6449424342105263,96.04686356149273,0.306964788499044,0.0207629609837365,0.0023970308293918417,0.002040688725097227,4.326473901479892e-06,4.717707937274118e-05,1.285390203721668e-06,94.0,70.0,1.3428571428571427
WE00082---G010--PO01--LO001--CO6--SL001--PX32500--PW0100--IN0020--TM271--X095544--Y064992--Z210383--T2848408057.png,WE00082---G010--PO01--LO001--CO6--SL001--PX32500--PW0100--IN0020--TM271--X095544--Y064992--Z210383--T2848408057,WE00082---G010--PO01--LO001--CO6--SL001--PX32500--PW0100--IN0020--TM271--X095544--Y064992--Z210383--T2848408057,4626.0,6332.0,542.048773235279,254.55003999498126,32.14878431894076,0.3282247765006386,0.9919925347173525,0.7305748578648137,246.1097316239242,0.8893923907618939,0.7421215991124862,0.36170282742567106,0.3234423017813378,0.11062909985741284,0.2784707193199276,-0.00031865516896167206,243.0,58.0,4.189655172413793
WE00082---G010--PO01--LO001--CO6--SL001--PX32500--PW0100--IN0020--TM281--X095544--Y064992--Z208875--T2856555833.png,WE00082---G010--PO01--LO001--CO6--SL001--PX32500--PW0100--IN0020--TM281--X095544--Y064992--Z208875--T2856555833,WE00082---G010--PO01--LO001--CO6--SL001--PX32500--PW0100--IN0020--TM281--X095544--Y064992--Z208875--T2856555833,3777.0,5466.0,485.7645019878171,229.03772159485817,31.220367071258533,0.46190534425828544,0.9906660910194115,0.6909989023051591,221.22612865572637,0.8841836979320207,0.7257771922439079,0.36470226032803715,0.32085046091031244,0.10974210972950924,0.2701730328240835,-0.001664081664746471,221.0,37.0,5.972972972972973
WE00082---G010--PO01--LO001--CO6--SL001--PX32500--PW0100--IN0020--TM281--X095544--Y064992--Z212737--T2355662317.png,WE00082---G010--PO01--LO001--CO6--SL001--PX32500--PW0100--IN0020--TM281--X095544--Y064992--Z212737--T2355662317,WE00082---G010--PO01--LO001--CO6--SL001--PX32500--PW0100--IN0020--TM281--X095544--Y064992--Z212737--T2355662317,2666.0,3427.0,288.048773235279,126.27265635301795,35.141407729501644,0.4145545016327165,0.9604948262754464,0.7779398891158448,117.38824472663352,0.4027499596694122,0.11892061066124407,0.009179725070767409,0.0028798212561320603,1.2229585801632057e-05,0.00047094346750615405,8.347484788768755e-06,109.0,59.0,1.847457627118644
WE00082---G010--PO01--LO001--CO6--SL001--PX32500--PW0100--IN0020--TM282--X095544--Y064992--Z210686--T2678469260.png,WE00082---G010--PO01--LO001--CO6--SL001--PX32500--PW0100--IN0020--TM282--X095544--Y064992--Z210686--T2678469260,WE00082---G010--PO01--LO001--CO6--SL001--PX32500--PW0100--IN0020--TM282--X095544--Y064992--Z210686--T2678469260,2763.0,4263.0,332.3919189857867,97.18198880491487,63.52326480941957,0.4915495463440669,0.7567946942084518,0.6481351161154116,86.21484790916237,0.3049118738718386,0.014971099940096887,0.0036023167715377715,0.0011713706818174223,7.138006424293705e-07,-8.143195994405567e-05,-2.2978918913831583e-06,77.0,73.0,1.0547945205479452
WE00082---G010--PO01--LO001--CO6--SL001--PX32500--PW0100--IN0020--TM282--X095544--Y064992--Z215461--T2341129795.png,WE00082---G010--PO01--LO001--CO6--SL001--PX32500--PW0100--IN0020--TM282--X095544--Y064992--Z215461--T2341129795,WE00082---G010--PO01--LO001--CO6--SL001--PX32500--PW0100--IN0020--TM282--X095544--Y064992--Z215461--T2341129795,5613.0,7413.0,510.74220741123065,243.233934909095,34.46304533071811,0.259500693481276,0.9899115324288311,0.7571833265884257,221.72054483064937,0.6719941273030132,0.41672748787863545,0.016996591892720268,0.015674949474528653,0.0002558399924365366,0.010105741030411926,2.5584332994969073e-06,206.0,105.0,1.9619047619047618
WE00082---G010--PO01--LO001--CO6--SL001--PX32500--PW0100--IN0020--TM282--X095544--Y064992--Z224239--T2366189479.png,WE00082---G010--PO01--LO001--CO6--SL001--PX32500--PW0100--IN0020--TM282--X095544--Y064992--Z224239--T2366189479,WE00082---G010--PO01--LO001--CO6--SL001--PX32500--PW0100--IN0020--TM282--X095544--Y064992--Z224239--T2366189479,3433.0,5587.0,343.7056274847714,118.98005958358075,61.69597510535018,0.5157752403846154,0.8550530912869455,0.6144621442634688,105.99056561788883,0.3270216997289619,0.03550434311155444,0.013030623248724865,0.0034759196065199294,7.925780699776452e-06,-0.0001432878138702915,-2.200948931809733e-05,104.0,64.0,1.625
WE00082---G010--PO01--LO001--CO6--SL001--PX32500--PW0100--IN0020--TM283--X095544--Y064992--Z210481--T2692481699.png,WE00082---G010--PO01--LO001--CO6--SL001--PX32500--PW0100--IN0020--TM283--X095544--Y064992--Z210481--T2692481699,WE00082---G010--PO01--LO001--CO6--SL001--PX32500--PW0100--IN0020--TM283--X095544--Y064992--Z210481--T2692481699,4116.0,4823.0,461.51176003293114,208.28802050303696,29.964217630543754,0.18842702801684674,0.9895981176164439,0.8534107402031931,211.81595785020542,0.6724027244789257,0.41619984586120357,0.1046441409250735,0.09124937271947106,0.008916630430431989,0.05886106127523534,2.3616221544214572e-05,172.0,127.0,1.3543307086614174
WE00082---G010--PO01--LO001--CO6--SL001--PX32500--PW0100--IN0020--TM283--X095544--Y064992--Z211261--T2346057567.png,WE00082---G010--PO01--LO001--CO6--SL001--PX32500--PW0100--IN0020--TM283--X095544--Y064992--Z211261--T2346057567,WE00082---G010--PO01--LO001--CO6--SL001--PX32500--PW0100--IN0020--TM283--X095544--Y064992--Z211261--T2346057567,3977.0,5754.0,501.4640328181787,224.12283475121464,32.991610903890866,0.17372881355932204,0.9891062640457986,0.6911713590545707,221.16283593768642,0.8065044544718694,0.5964377034517867,0.3426740641163468,0.2983332716329036,0.09538753224590094,0.23035464624203134,-0.00025406227562921584,194.0,118.0,1.6440677966101696
WE00082---G010--PO01--LO001--CO6--SL001--PX32500--PW0100--IN0020--TM283--X095544--Y064992--Z211453--T2864946235.png,WE00082---G010--PO01--LO001--CO6--SL001--PX32500--PW0100--IN0020--TM283--X095544--Y064992--Z211453--T2864946235,WE00082---G010--PO01--LO001--CO6--SL001--PX32500--PW0100--IN0020--TM283--X095544--Y064992--Z211453--T2864946235,3077.0,5575.0,365.8061325481598,116.38690473428161,68.71023582779587,0.3861696787148594,0.8071396619086617,0.5519282511210762,104.31682510506155,0.37103932607121515,0.03213041020842669,0.015317967311830983,0.005907394440188443,4.7451261831930205e-05,-0.0002475347262751908,-3.010332117207956e-05,96.0,83.0,1.1566265060240963
WE00083---G011--PO01--LO001--CO6--SL001--PX32500--PW0100--IN0020--TM254--X104554--Y064992--Z210773--T2930690588.png,WE00083---G011--PO01--LO001--CO6--SL001--PX32500--PW0100--IN0020--TM254--X104554--Y064992--Z210773--T2930690588,WE00083---G011--PO01--LO001--CO6--SL001--PX32500--PW0100--IN0020--TM254--X104554--Y064992--Z210773--T2930690588,4389.0,5934.0,504.5512985522207,247.10768463857602,29.690660318841466,0.5202702702702703,0.9927554200288159,0.7396359959555107,228.96506283710622,0.8820879345751707,0.7344173802150102,0.26603390268280724,0.23798559475491765,0.05988070353527722,0.20343987339752886,-0.0003543433545567902,228.0,37.0,6.162162162162162
WE00083---G011--PO01--LO001--CO6--SL001--PX32500--PW0100--IN0020--TM258--X104554--Y064992--Z212670--T2942718105.png,WE00083---G011--PO01--LO001--CO6--SL001--PX32500--PW0100--IN0020--TM258--X104554--Y064992--Z212670--T2942718105,WE00083---G011--PO01--LO001--CO6--SL001--PX32500--PW0100--IN0020--TM258--X104554--Y064992--Z212670--T2942718105,3401.0,7038.0,415.06096654409873,127.86122811548606,76.23183029756825,0.3386101154918359,0.8028303372415312,0.4832338732594487,117.04699910719626,0.40722922680310214,0.037497072090867806,0.024012633564388552,0.017654386739361073,0.00034202241586699393,0.0016167724359301232,-0.00012308343204135344,108.0,93.0,1.1612903225806452
WE00083---G011--PO01--LO001--CO6--SL001--PX32500--PW0100--IN0020--TM271--X104554--Y064992--Z210783--T2848487421.png,WE00083---G011--PO01--LO001--CO6--SL001--PX32500--PW0100--IN0020--TM271--X104554--Y064992--Z210783--T2848487421,WE00083---G011--PO01--LO001--CO6--SL001--PX32500--PW0100--IN0020--TM271--X104554--Y064992--Z210783--T2848487421,4805.0,6489.0,537.3208511739211,257.88927972552284,31.115307183828627,0.3295836477124631,0.992694652959486,0.7404838958237017,243.38652386687312,0.8776670517493885,0.7267233891179474,0.22317517322364602,0.1984459804803272,0.04175987751013286,0.16811149701351313,0.0004672549745640669,239.0,61.0,3.918032786885246
WE00083---G011--PO01--LO001--CO6--SL001--PX32500--PW0100--IN0020--TM281--X104554--Y064992--Z210937--T2355742513.png,WE00083---G011--PO01--LO001--CO6--SL001--PX32500--PW0100--IN0020--TM281--X104554--Y064992--Z210937--T2355742513,WE00083---G011--PO01--LO001--CO6--SL001--PX32500--PW0100--IN0020--TM281--X104554--Y064992--Z210937--T2355742513,4483.0,7572.0,421.2031021678297,119.91117176043532,81.84558045878607,0.4480759620189905,0.7308372628874327,0.5920496566296883,115.97413504743201,0.29385160820873646,0.011464203173865126,0.010546417135792744,0.00391475555120659,1.742256340603791e-05,-4.295724837267005e-05,-1.814345503534669e-05,87.0,115.0,0.7565217391304347
WE00083---G011--PO01--LO001--CO6--SL001--PX32500--PW0100--IN0020--TM281--X104554--Y064992--Z219075--T2856635915.png,WE00083---G011--PO01--LO001--CO6--SL001--PX32500--PW0100--IN0020--TM281--X104554--Y064992--Z219075--T2856635915,WE00083---G011--PO01--LO001--CO6--SL001--PX32500--PW0100--IN0020--TM281--X104554--Y064992--Z219075--T2856635915,3532.0,5479.0,480.350288425444,220.9188471613551,32.639073258746706,0.3085255066387142,0.9890258809428856,0.6446431830626027,215.55741694499866,0.8824753350490517,0.7136419044247302,0.5251641124892876,0.46385611939042637,0.22892624141264567,0.38983138457767297,-0.0025470034819113363,212.0,54.0,3.925925925925926
WE00083---G011--PO01--LO001--CO6--SL001--PX32500--PW0100--IN0020--TM282--X104554--Y064992--Z209061--T2341210810.png,WE00083---G011--PO01--LO001--CO6--SL001--PX32500--PW0100--IN0020--TM282--X104554--Y064992--Z209061--T2341210810,WE00083---G011--PO01--LO001--CO6--SL001--PX32500--PW0100--IN0020--TM282--X104554--Y064992--Z209061--T2341210810,3803.0,4439.0,358.06601717798213,159.2063895965542,33.33466767786453,0.641531713900135,0.9778343042829112,0.856724487497184,156.81836627130127,0.4348191322239591,0.1586391722475852,0.012254148233523136,0.009201990843901843,9.770069527241541e-05,0.003650406712406404,1.7112335657585302e-06,156.0,38.0,4.105263157894737
WE00083---G011--PO01--LO001--CO6--SL001--PX32500--PW0100--IN0020--TM282--X104554--Y064992--Z210086--T2678550445.png,WE00083---G011--PO01--LO001--CO6--SL001--PX32500--PW0100--IN0020--TM282--X104554--Y064992--Z210086--T2678550445,WE00083---G011--PO01--LO001--CO6--SL001--PX32500--PW0100--IN0020--TM282--X104554--Y064992--Z210086--T2678550445,2750.0,3513.0,282.5929291125633,121.12196960510508,34.783966022712995,0.4721840659340659,0.9578762418023513,0.7828067179049246,113.95174417269794,0.36091945030202843,0.09358881558197146,0.0023253363364868574,0.0008973621668278719,1.1111508605532227e-06,0.00014048221695342909,6.675719766763752e-07,112.0,52.0,2.1538461538461537
WE00083---G011--PO01--LO001--CO6--SL001--PX32500--PW0100--IN0020--TM282--X104554--Y064992--Z211839--T2366269957.png,WE00083---G011--PO01--LO001--CO6--SL001--PX32500--PW0100--IN0020--TM282--X104554--Y064992--Z211839--T2366269957,WE00083---G011--PO01--LO001--CO6--SL001--PX32500--PW0100--IN0020--TM282--X104554--Y064992--Z211839--T2366269957,3446.0,5782.0,372.81832585697947,123.10243932880589,64.29139897658547,0.47622996130458817,0.852786713999373,0.5959875475613975,109.65856099730654,0.349818531468892,0.03995377559607805,0.011981348200703472,0.004753629787882862,2.299669837272494e-05,3.384729995875802e-05,2.7534730402394295e-05,108.0,67.0,1.6119402985074627
WE00083---G011--PO01--LO001--CO6--SL001--PX32500--PW0100--IN0020--TM283--X104554--Y064992--Z210281--T2692561558.png,WE00083---G011--PO01--LO001--CO6--SL001--PX32500--PW0100--IN0020--TM283--X104554--Y064992--Z210281--T2692561558,WE00083---G011--PO01--LO001--CO6--SL001--PX32500--PW0100--IN0020--TM283--X104554--Y064992--Z210281--T2692561558,3937.0,6559.0,525.3391411371508,231.7185757810813,37.88463217569399,0.23857714216458611,0.986544303153383,0.6002439396249428,229.68238939892626,0.8751705568500815,0.6882385255032087,0.6138969112254558,0.537210725892524,0.3084716360495689,0.4431502709429179,0.00465763589235435,223.0,74.0,3.0135135135135136
WE00083---G011--PO01--LO001--CO6--SL001--PX32500--PW0100--IN0020--TM283--X104554--Y064992--Z210861--T2346140909.png,WE00083---G011--PO01--LO001--CO6--SL001--PX32500--PW0100--IN0020--TM283--X104554--Y064992--Z210861--T2346140909,WE00083---G011--PO01--LO001--CO6--SL001--PX32500--PW0100--IN0020--TM283--X104554--Y064992--Z210861--T2346140909,3889.0,4593.0,363.37972567696687,161.0133041465385,34.89306598411049,0.5935592185592186,0.9762361999973992,0.8467232745482256,157.15279189374905,0.43621127163083695,0.1576706392598997,0.017889168726541962,0.01296911912560939,0.0001974569993733726,0.005102620379799831,5.815347849641378e-06,156.0,42.0,3.7142857142857144
WE00083---G011--PO01--LO001--CO6--SL001--PX32500--PW0100--IN0020--TM283--X104554--Y064992--Z213053--T2865018912.png,WE00083---G011--PO01--LO001--CO6--SL001--PX32500--PW0100--IN0020--TM283--X104554--Y064992--Z213053--T2865018912,WE00083---G011--PO01--LO001--CO6--SL001--PX32500--PW0100--IN0020--TM283--X104554--Y064992--Z213053--T2865018912,2911.0,4134.0,315.0782104868019,105.30416006360586,53.808137315143554,0.4785467696860102,0.8595936305621832,0.7041606192549589,93.23625904121208,0.3002465168332805,0.030947850670911246,0.0037591888348751513,0.0012627133282101352,1.5128832842503333e-06,2.0379208684768334e-05,2.297751102370933e-06,79.0,77.0,1.025974025974026
WE00084---G012--PO01--LO001--CO6--SL001--PX32500--PW0100--IN0020--TM254--X113563--Y064992--Z215173--T2930769129.png,WE00084---G012--PO01--LO001--CO6--SL001--PX32500--PW0100--IN0020--TM254--X113563--Y064992--Z215173--T2930769129,WE00084---G012--PO01--LO001--CO6--SL001--PX32500--PW0100--IN0020--TM254--X113563--Y064992--Z215173--T2930769129,3967.0,6284.0,511.4213562373095,251.23012490824092,31.909420688891284,0.47231813311108467,0.9919010887124722,0.6312858052196053,227.2201575564985,1.0104421916768176,0.9571851640268851,0.4727113011253306,0.41892066480775475,0.18639751559034823,0.4041899100207002,0.002981462428273844,227.0,37.0,6.135135135135135
WE00084---G012--PO01--LO001--CO6--SL001--PX32500--PW0100--IN0020--TM258--X113563--Y064992--Z211070--T2942797824.png,WE00084---G012--PO01--LO001--CO6--SL001--PX32500--PW0100--IN0020--TM258--X113563--Y064992--Z211070--T2942797824,WE00084---G012--PO01--LO001--CO6--SL001--PX32500--PW0100--IN0020--TM258--X113563--Y064992--Z211070--T2942797824,4175.0,7601.0,482.2325394193526,221.28019369593835,49.102148570672924,0.22685285807433167,0.9750693526147522,0.5492698329167215,196.02295783912658,0.7691009747959348,0.48569012344422524,0.17820950593689752,0.09295435796554809,0.011674065695708575,0.05354156510870786,0.0026171183386956348,107.0,172.0,0.622093023255814
WE00084---G012--PO01--LO001--CO6--SL001--PX32500--PW0100--IN0020--TM272--X113563--Y064992--Z209383--T2848566832.png,WE00084---G012--PO01--LO001--CO6--SL001--PX32500--PW0100--IN0020--TM272--X113563--Y064992--Z209383--T2848566832,WE00084---G012--PO01--LO001--CO6--SL001--PX32500--PW0100--IN0020--TM272--X113563--Y064992--Z209383--T2848566832,4194.0,5905.0,531.5218613006979,253.38144350686136,29.454030245589877,0.39973313000381244,0.9932207062136758,0.7102455546147333,244.989795705862,0.9696843081087404,0.890810784535613,0.5206262313764825,0.47799639738569194,0.23845138747314298,0.4510846186634314,0.00016521996222948476,244.0,43.0,5.674418604651163
WE00084---G012--PO01--LO001--CO6--SL001--PX32500--PW0100--IN0020--TM281--X113563--Y064992--Z211937--T2355822389.png,WE00084---G012--PO01--LO001--CO6--SL001--PX32500--PW0100--IN0020--TM281--X113563--Y064992--Z211937--T2355822389,WE00084---G012--PO01--LO001--CO6--SL001--PX32500--PW0100--IN0020--TM281--X113563--Y064992--Z211937--T2355822389,3619.0,7322.0,420.8183258569795,138.7897591045973,71.92421747044888,0.34206049149338374,0.8552447817949699,0.494263862332696,124.67958934805648,0.4220034935591422,0.05920716802230787,0.023187599676308537,0.014104456364064755,0.00023290898871552594,0.0009775696817221563,0.00010399528519756346,92.0,115.0,0.8
WE00084---G012--PO01--LO001--CO6--SL001--PX32500--PW0100--IN0020--TM281--X113563--Y064992--Z215475--T2856715134.png,WE00084---G012--PO01--LO001--CO6--SL001--PX32500--PW0100--IN0020--TM281--X113563--Y064992--Z215475--T2856715134,WE00084---G012--PO01--LO001--CO6--SL001--PX32500--PW0100--IN0020--TM281--X113563--Y064992--Z215475--T2856715134,3712.0,4875.0,458.6934341759516,213.90617845640543,26.706707687909766,0.48465857161509335,0.9921753216815226,0.7614358974358975,208.38665984174708,0.782413480222101,0.5751632085873024,0.15631428498159555,0.14093755722611725,0.02091851964875941,0.10656013095171181,-0.00013085279855853948,207.0,37.0,5.594594594594595
WE00084---G012--PO01--LO001--CO6--SL001--PX32500--PW0100--IN0020--TM282--X113563--Y064992--Z210286--T2678632065.png,WE00084---G012--PO01--LO001--CO6--SL001--PX32500--PW0100--IN0020--TM282--X113563--Y064992--Z210286--T2678632065,WE00084---G012--PO01--LO001--CO6--SL001--PX32500--PW0100--IN0020--TM282--X113563--Y064992--Z210286--T2678632065,3281.0,4879.0,364.9360748630709,157.41032372972293,32.49392757449246,0.5373403209957419,0.9784617540061705,0.6724738675958188,142.68847185389575,0.49211111981698685,0.20420004853329846,0.018710818027839093,0.013959538639455897,0.00022512989766285756,0.006109272098333636,-1.4667816326390352e-05,43.0,142.0,0.3028169014084507
WE00084---G012--PO01--LO001--CO6--SL001--PX32500--PW0100--IN0020--TM282--X113563--Y064992--Z210639--T2366350661.png,WE00084---G012--PO01--LO001--CO6--SL001--PX32500--PW0100--IN0020--TM282--X113563--Y064992--Z210639--T2366350661,WE00084---G012--PO01--LO001--CO6--SL001--PX32500--PW0100--IN0020--TM282--X113563--Y064992--Z210639--T2366350661,3125.0,5238.0,362.0904037956217,115.29035958761152,62.38947314772292,0.40468790468790466,0.8409255526758042,0.5966017563955708,105.6882207249228,0.34368626746982417,0.035339643453767916,0.015898711711660584,0.003192942158257712,2.9388816192247215e-06,-0.00030637555669804585,-2.255864464248165e-05,78.0,99.0,0.7878787878787878
WE00084---G012--PO01--LO001--CO6--SL001--PX32500--PW0100--IN0020--TM282--X113563--Y064992--Z211461--T2341291951.png,WE00084---G012--PO01--LO001--CO6--SL001--PX32500--PW0100--IN0020--TM282--X113563--Y064992--Z211461--T2341291951,WE00084---G012--PO01--LO001--CO6--SL001--PX32500--PW0100--IN0020--TM282--X113563--Y064992--Z211461--T2341291951,3827.0,7552.0,461.12593770155434,183.52108314772877,45.88273952630475,0.34502344031734583,0.9682423631413507,0.5067531779661016,188.26576959181932,0.5844201356505474,0.2659030300915325,0.14413529130547034,0.12046518002703498,0.01584477052862154,0.057983212071702164,0.0009574882769617402,188.0,59.0,3.1864406779661016
WE00084---G012--PO01--LO001--CO6--SL001--PX32500--PW0100--IN0020--TM283--X113563--Y064992--Z211281--T2692641611.png,WE00084---G012--PO01--LO001--CO6--SL001--PX32500--PW0100--IN0020--TM283--X113563--Y064992--Z211281--T2692641611,WE00084---G012--PO01--LO001--CO6--SL001--PX32500--PW0100--IN0020--TM283--X113563--Y064992--Z211281--T2692641611,4361.0,5971.0,483.3919189857867,217.70257794507518,33.90149652924853,0.3690758293838863,0.987800619575512,0.7303634232121923,213.41274563624359,0.6957080358698433,0.43925764159648756,0.17132984893951048,0.14675196769040694,0.023269771070197908,0.09724030154291916,-2.7575705357432354e-05,211.0,56.0,3.767857142857143
WE00084---G012--PO01--LO001--CO6--SL001--PX32500--PW0100--IN0020--TM283--X113563--Y064992--Z214253--T2865091235.png,WE00084---G012--PO01--LO001--CO6--SL001--PX32500--PW0100--IN0020--TM283--X113563--Y064992--Z214253--T2865091235,WE00084---G012--PO01--LO001--CO6--SL001--PX32500--PW0100--IN0020--TM283--X113563--Y064992--Z214253--T2865091235,3430.0,5520.0,375.36248173426384,112.42757273675123,64.71124927902218,0.37626151820974113,0.817744305548856,0.6213768115942029,114.0175425099138,0.3066236314637252,0.023721013841745412,0.013687238130716655,0.008025749951168757,7.98817234050484e-05,0.0008779295059881255,2.6356475684146867e-05,86.0,106.0,0.8113207547169812
WE00084---G012--PO01--LO001--CO6--SL001--PX32500--PW0100--IN0020--TM283--X113563--Y064992--Z215337--T2346490721.png,WE00084---G012--PO01--LO001--CO6--SL001--PX32500--PW0100--IN0020--TM283--X113563--Y064992--Z215337--T2346490721,WE00084---G012--PO01--LO001--CO6--SL001--PX32500--PW0100--IN0020--TM283--X113563--Y064992--Z215337--T2346490721,3173.0,4336.0,393.27922061357856,184.66596583548255,31.450669904583407,0.5154320987654321,0.9853903378401581,0.731780442804428,171.10523077919038,0.691196493369813,0.4254029877851775,0.06621435233369075,0.04663208419499479,0.002587490101313621,0.02965536505742785,-0.00013887321862104246,171.0,36.0,4.75
WE00085---H012--PO01--LO001--CO6--SL001--PX32500--PW0100--IN0020--TM253--X113563--Y073964--Z210373--T2930847892.png,WE00085---H012--PO01--LO001--CO6--SL001--PX32500--PW0100--IN0020--TM253--X113563--Y073964--Z210373--T2930847892,WE00085---H012--PO01--LO001--CO6--SL001--PX32500--PW0100--IN0020--TM253--X113563--Y073964--Z210373--T2930847892,4686.0,7668.0,540.5340546095176,252.3448903923814,37.91022896918458,0.4104405710782167,0.988650799852226,0.6111111111111112,234.44615586526473,0.8684796357186162,0.6891364411312061,0.2995316015392738,0.2673135172012366,0.07562940798793875,0.21919876785824943,-0.0012780670240129799,233.0,49.0,4.755102040816326
WE00085---H012--PO01--LO001--CO6--SL001--PX32500--PW0100--IN0020--TM258--X113563--Y073964--Z211270--T2942877708.png,WE00085---H012--PO01--LO001--CO6--SL001--PX32500--PW0100--IN0020--TM258--X113563--Y073964--Z211270--T2942877708,WE00085---H012--PO01--LO001--CO6--SL001--PX32500--PW0100--IN0020--TM258--X113563--Y073964--Z211270--T2942877708,4491.0,9341.0,473.88939366884495,191.34209699917747,68.85751297881426,0.29741721854304637,0.9330040031761538,0.4807836420083503,169.44615663980107,0.57550037822409,0.19672070413657092,0.06646641044155802,0.04421170940323153,0.0023410409657920253,0.012017931527534938,-0.0005133453197901849,151.0,100.0,1.51
WE00085---H012--PO01--LO001--CO6--SL001--PX32500--PW0100--IN0020--TM272--X113563--Y073964--Z209783--T2848646204.png,WE00085---H012--PO01--LO001--CO6--SL001--PX32500--PW0100--IN0020--TM272--X113563--Y073964--Z209783--T2848646204,WE00085---H012--PO01--LO001--CO6--SL001--PX32500--PW0100--IN0020--TM272--X113563--Y073964--Z209783--T2848646204,4145.0,5520.0,501.1787155501902,237.94950797031592,29.331682674161335,0.3542735042735043,0.9923733536434047,0.7509057971014492,227.705950734714,0.8667116398041785,0.7068879640863605,0.29705312552075713,0.26662660117491,0.07503568971985049,0.2237978219043023,0.00033773268439597423,225.0,52.0,4.326923076923077
WE00085---H012--PO01--LO001--CO6--SL001--PX32500--PW0100--IN0020--TM281--X113563--Y073964--Z201275--T2856794958.png,WE00085---H012--PO01--LO001--CO6--SL001--PX32500--PW0100--IN0020--TM281--X113563--Y073964--Z201275--T2856794958,WE00085---H012--PO01--LO001--CO6--SL001--PX32500--PW0100--IN0020--TM281--X113563--Y073964--Z201275--T2856794958,4688.0,6122.0,545.4213562373095,261.14509797926695,29.957036528202437,0.39541160593792174,0.9933985428977141,0.7657628226069911,249.46743274423616,0.9211575596756748,0.8050195274597356,0.29950708203347687,0.2704597889445491,0.07697633315354911,0.24259781274405653,-0.00010263090509888412,247.0,48.0,5.145833333333333
WE00085---H012--PO01--LO001--CO6--SL001--PX32500--PW0100--IN0020--TM281--X113563--Y073964--Z211537--T2355902352.png,WE00085---H012--PO01--LO001--CO6--SL001--PX32500--PW0100--IN0020--TM281--X113563--Y073964--Z211537--T2355902352,WE00085---H012--PO01--LO001--CO6--SL001--PX32500--PW0100--IN0020--TM281--X113563--Y073964--Z211537--T2355902352,4261.0,6744.0,405.9898987322333,157.65598726402894,61.969777809113154,0.408259078279199,0.9195087165406539,0.6318208778173191,148.94629904767692,0.42090565128353835,0.09501720306322425,0.0322749799715278,0.006986095421465506,5.6763630867980447e-05,-0.0002572063202991314,8.821774257023302e-05,147.0,71.0,2.0704225352112675
WE00085---H012--PO01--LO001--CO6--SL001--PX32500--PW0100--IN0020--TM282--X113563--Y073964--Z200061--T2341372284.png,WE00085---H012--PO01--LO001--CO6--SL001--PX32500--PW0100--IN0020--TM282--X113563--Y073964--Z200061--T2341372284,WE00085---H012--PO01--LO001--CO6--SL001--PX32500--PW0100--IN0020--TM282--X113563--Y073964--Z200061--T2341372284,3348.0,4760.0,341.4041122946064,98.55089977707209,63.8250771643815,0.5614623511655207,0.7619501624175755,0.7033613445378152,90.4267659490264,0.257353649975914,0.011079949347690108,0.0017768631635413843,0.0010898720095400302,1.0805522578041614e-06,-8.455724415759332e-06,1.0642770506680452e-06,89.0,67.0,1.328358208955224
WE00085---H012--PO01--LO001--CO6--SL001--PX32500--PW0100--IN0020--TM283--X113563--Y073964--Z209681--T2692721882.png,WE00085---H012--PO01--LO001--CO6--SL001--PX32500--PW0100--IN0020--TM283--X113563--Y073964--Z209681--T2692721882,WE00085---H012--PO01--LO001--CO6--SL001--PX32500--PW0100--IN0020--TM283--X113563--Y073964--Z209681--T2692721882,4853.0,6111.0,511.37972567696687,240.67535678309278,29.58460192867869,0.5925518925518926,0.9924161776324676,0.7941417116674848,234.2584043316269,0.7572619518074823,0.5398104529904567,0.10240182328509946,0.09169861644838934,0.008885782348412516,0.06729540902463195,2.9219493312121004e-05,234.0,35.0,6.685714285714286
WE00085---H012--PO01--LO001--CO6--SL001--PX32500--PW0100--IN0020--TM283--X113563--Y073964--Z211453--T2865163542.png,WE00085---H012--PO01--LO001--CO6--SL001--PX32500--PW0100--IN0020--TM283--X113563--Y073964--Z211453--T2865163542,WE00085---H012--PO01--LO001--CO6--SL001--PX32500--PW0100--IN0020--TM283--X113563--Y073964--Z211453--T2865163542,4787.0,6598.0,524.4507934888323,251.53031253170593,32.728283241432074,0.4469654528478058,0.9914986917470022,0.7255228857229463,239.10876186371758,0.8400177387485517,0.6594214704672953,0.288633920386928,0.25652674871359576,0.06980252595656329,0.20826528048314372,0.00018531904744324354,238.0,45.0,5.288888888888889
WE00086---H011--PO01--LO001--CO6--SL001--PX32500--PW0100--IN0020--TM253--X104554--Y073964--Z209773--T2930926286.png,WE00086---H011--PO01--LO001--CO6--SL001--PX32500--PW0100--IN0020--TM253--X104554--Y073964--Z209773--T2930926286,WE00086---H011--PO01--LO001--CO6--SL001--PX32500--PW0100--IN0020--TM253--X104554--Y073964--Z209773--T2930926286,4516.0,5878.0,525.5218613006979,251.22939927579458,29.54457308222231,0.42944085203499427,0.9930610474688865,0.768288533514801,240.52026941611388,0.885588641207476,0.7420579057593016,0.32917157097897054,0.3011087732099894,0.09479713540335667,0.2593070322644044,-0.00020947636597174954,239.0,44.0,5.431818181818182
WE00086---H011--PO01--LO001--CO6--SL001--PX32500--PW0100--IN0020--TM259--X104554--Y073964--Z210470--T2942957727.png,WE00086---H011--PO01--LO001--CO6--SL001--PX32500--PW0100--IN0020--TM259--X104554--Y073964--Z210470--T2942957727,WE00086---H011--PO01--LO001--CO6--SL001--PX32500--PW0100--IN0020--TM259--X104554--Y073964--Z210470--T2942957727,3691.0,6307.0,418.75335469952387,115.49605192252022,71.8980951211478,0.4456652982371408,0.7826073832513616,0.5852227683526241,103.77379245262264,0.31340886771435766,0.01913886866819524,0.00201600819150034,0.0027317107039420085,6.203985398027425e-06,-2.8822092980047343e-05,1.6143938126608038e-06,101.0,82.0,1.2317073170731707
WE00086---H011--PO01--LO001--CO6--SL001--PX32500--PW0100--IN0020--TM272--X104554--Y073964--Z213783--T2848725901.png,WE00086---H011--PO01--LO001--CO6--SL001--PX32500--PW0100--IN0020--TM272--X104554--Y073964--Z213783--T2848725901,WE00086---H011--PO01--LO001--CO6--SL001--PX32500--PW0100--IN0020--TM272--X104554--Y073964--Z213783--T2848725901,4723.0,6381.0,547.0782104868018,264.13987524030574,28.376567557290926,0.4991545127879941,0.9942126423522027,0.7401661181632972,249.45139807184887,0.9339284257661679,0.8328698526869391,0.2756212531586435,0.25471709123789066,0.06749029889993366,0.23224807263799246,0.00021137006397464742,38.0,249.0,0.15261044176706828
WE00086---H011--PO01--LO001--CO6--SL001--PX32500--PW0100--IN0020--TM281--X104554--Y073964--Z211537--T2355982689.png,WE00086---H011--PO01--LO001--CO6--SL001--PX32500--PW0100--IN0020--TM281--X104554--Y073964--Z211537--T2355982689,WE00086---H011--PO01--LO001--CO6--SL001--PX32500--PW0100--IN0020--TM281--X104554--Y073964--Z211537--T2355982689,2756.0,4914.0,353.50461735799473,96.6799814866054,70.29134751496912,0.4201219512195122,0.6865826870333189,0.5608465608465608,84.86459803710851,0.3240178781685531,0.009984337074038693,0.004547744969420201,0.003465825628967522,3.6812967252100715e-06,-0.00014486910689617735,1.3258078923802575e-05,82.0,80.0,1.025
WE00086---H011--PO01--LO001--CO6--SL001--PX32500--PW0100--IN0020--TM281--X104554--Y073964--Z212075--T2856875673.png,WE00086---H011--PO01--LO001--CO6--SL001--PX32500--PW0100--IN0020--TM281--X104554--Y073964--Z212075--T2856875673,WE00086---H011--PO01--LO001--CO6--SL001--PX32500--PW0100--IN0020--TM281--X104554--Y073964--Z212075--T2856875673,4304.0,5202.0,496.5512985522207,236.5934895413108,27.20423785762054,0.5198067632850242,0.9933674553273844,0.8273740868896579,230.4256930118688,0.8236023154441847,0.6433782552429845,0.15625781675007525,0.14137739838803007,0.021012990677368112,0.11312470042202222,-7.792801915717032e-05,230.0,36.0,6.388888888888889
WE00086---H011--PO01--LO001--CO6--SL001--PX32500--PW0100--IN0020--TM282--X104554--Y073964--Z210461--T2341452153.png,WE00086---H011--PO01--LO001--CO6--SL001--PX32500--PW0100--IN0020--TM282--X104554--Y073964--Z210461--T2341452153,WE00086---H011--PO01--LO001--CO6--SL001--PX32500--PW0100--IN0020--TM282--X104554--Y073964--Z210461--T2341452153,2835.0,4294.0,306.14927829866735,98.60220306922919,58.269485979971655,0.4660529344073648,0.8067043668369793,0.66022356776898,87.8179936004006,0.289191522188616,0.01945619962859552,0.003712082792467777,0.0010784398200526988,-2.8704717115570004e-07,-0.00011470433009712676,-2.13857960931067e-06,79.0,77.0,1.025974025974026
WE00086---H011--PO01--LO001--CO6--SL001--PX32500--PW0100--IN0020--TM283--X104554--Y073964--Z210053--T2865236014.png,WE00086---H011--PO01--LO001--CO6--SL001--PX32500--PW0100--IN0020--TM283--X104554--Y073964--Z210053--T2865236014,WE00086---H011--PO01--LO001--CO6--SL001--PX32500--PW0100--IN0020--TM283--X104554--Y073964--Z210053--T2865236014,5495.0,6986.0,561.1198410471445,265.878304233612,30.783500574306803,0.36032786885245904,0.9932748337463353,0.7865731462925851,253.3396929026322,0.8148191147605722,0.6292655699277613,0.13939379137670524,0.1268016800680777,0.016858071567771492,0.10047491097658359,4.178081952616042e-05,250.0,61.0,4.098360655737705
WE00086---H011--PO01--LO001--CO6--SL001--PX32500--PW0100--IN0020--TM283--X104554--Y073964--Z210681--T2692802320.png,WE00086---H011--PO01--LO001--CO6--SL001--PX32500--PW0100--IN0020--TM283--X104554--Y073964--Z210681--T2692802320,WE00086---H011--PO01--LO001--CO6--SL001--PX32500--PW0100--IN0020--TM283--X104554--Y073964--Z210681--T2692802320,4796.0,6322.0,503.6639969244288,231.01140537823943,31.880341179784537,0.4179520697167756,0.9904317661175722,0.7586206896551724,227.26416347501865,0.7086976851617067,0.4654077583416492,0.10713297554389878,0.09207524477446508,0.009144333455018975,0.062393663030007894,-9.584093269137707e-05,225.0,51.0,4.411764705882353
WE00087---H010--PO01--LO001--CO6--SL001--PX32500--PW0100--IN0020--TM253--X095544--Y073964--Z214773--T2931005315.png,WE00087---H010--PO01--LO001--CO6--SL001--PX32500--PW0100--IN0020--TM253--X095544--Y073964--Z214773--T2931005315,WE00087---H010--PO01--LO001--CO6--SL001--PX32500--PW0100--IN0020--TM253--X095544--Y073964--Z214773--T2931005315,4142.0,5693.0,509.13203435596427,224.9611019316695,31.52863535259184,0.2367398262459991,0.9901300711025975,0.7275601616019673,227.0594635772753,0.7786327895567916,0.5604521901412807,0.29197758977530863,0.26189634121221267,0.0724212620921797,0.19591176083148196,-0.00026086401588722163,216.0,81.0,2.6666666666666665
WE00087---H010--PO01--LO001--CO6--SL001--PX32500--PW0100--IN0020--TM259--X095544--Y073964--Z218070--T2943036984.png,WE00087---H010--PO01--LO001--CO6--SL001--PX32500--PW0100--IN0020--TM259--X095544--Y073964--Z218070--T2943036984,WE00087---H010--PO01--LO001--CO6--SL001--PX32500--PW0100--IN0020--TM259--X095544--Y073964--Z218070--T2943036984,4589.0,5807.0,447.77164466275354,199.12398768767127,33.54157182324819,0.2350922131147541,0.9857109409595916,0.7902531427587395,197.40820651634522,0.5553415710532521,0.27530655455018876,0.03642634085394227,0.03052436134670879,0.0010178075455297398,0.01596581492661136,-7.562065266310646e-06,160.0,122.0,1.3114754098360655
WE00087---H010--PO01--LO001--CO6--SL001--PX32500--PW0100--IN0020--TM272--X095544--Y073964--Z209583--T2848805708.png,WE00087---H010--PO01--LO001--CO6--SL001--PX32500--PW0100--IN0020--TM272--X095544--Y073964--Z209583--T2848805708,WE00087---H010--PO01--LO001--CO6--SL001--PX32500--PW0100--IN0020--TM272--X095544--Y073964--Z209583--T2848805708,4031.0,6224.0,510.8355697996826,242.44071571096686,29.540507452561425,0.38100189035916826,0.9925489790864613,0.6476542416452442,231.69807940507405,0.9248657624503953,0.8060545912681222,0.3998278958065362,0.3620434918862608,0.13774525986173441,0.3249343826002886,0.00029566686773617457,230.0,46.0,5.0
WE00087---H010--PO01--LO001--CO6--SL001--PX32500--PW0100--IN0020--TM281--X095544--Y073964--Z213737--T2356062538.png,WE00087---H010--PO01--LO001--CO6--SL001--PX32500--PW0100--IN0020--TM281--X095544--Y073964--Z213737--T2356062538,WE00087---H010--PO01--LO001--CO6--SL001--PX32500--PW0100--IN0020--TM281--X095544--Y073964--Z213737--T2356062538,3009.0,6131.0,375.7056274847714,129.7769918669211,63.134034788136894,0.35984214302798373,0.873691182034124,0.4907845375958245,117.34138229968147,0.432618269496855,0.07130800437909457,0.03175138178328407,0.016667556217503918,0.00032811645973341875,0.0009045123301969616,0.00019839421627336669,113.0,74.0,1.527027027027027
WE00087---H010--PO01--LO001--CO6--SL001--PX32500--PW0100--IN0020--TM281--X095544--Y073964--Z215475--T2856955985.png,WE00087---H010--PO01--LO001--CO6--SL001--PX32500--PW0100--IN0020--TM281--X095544--Y073964--Z215475--T2856955985,WE00087---H010--PO01--LO001--CO6--SL001--PX32500--PW0100--IN0020--TM281--X095544--Y073964--Z215475--T2856955985,4486.0,5875.0,518.7350647362942,245.4453730125463,28.972202410168432,0.3333828775267539,0.9930089230995095,0.7635744680851064,235.5949914577982,0.8510201132100392,0.6849730713485949,0.23653793739099244,0.21482459045020166,0.048425539401975956,0.17761154724061534,-0.00014416617102559065,232.0,58.0,4.0
WE00087---H010--PO01--LO001--CO6--SL001--PX32500--PW0100--IN0020--TM282--X095544--Y073964--Z213661--T2341532311.png,WE00087---H010--PO01--LO001--CO6--SL001--PX32500--PW0100--IN0020--TM282--X095544--Y073964--Z213661--T2341532311,WE00087---H010--PO01--LO001--CO6--SL001--PX32500--PW0100--IN0020--TM282--X095544--Y073964--Z213661--T2341532311,3565.0,6218.0,399.36857838867365,120.09249098219001,68.87188709279197,0.42209329860288897,0.8192123018288084,0.5733354776455452,105.53672346628922,0.3360018096428764,0.028793220307279696,0.006136929486361643,0.0036180572525680533,1.318286879091216e-05,-7.713572770003189e-05,1.0810491629489965e-05,103.0,82.0,1.2560975609756098
WE00087---H010--PO01--LO001--CO6--SL001--PX32500--PW0100--IN0020--TM283--X095544--Y073964--Z211081--T2692882456.png,WE00087---H010--PO01--LO001--CO6--SL001--PX32500--PW0100--IN0020--TM283--X095544--Y073964--Z211081--T2692882456,WE00087---H010--PO01--LO001--CO6--SL001--PX32500--PW0100--IN0020--TM283--X095544--Y073964--Z211081--T2692882456,4381.0,6692.0,533.8061325481597,251.14987994934955,34.94731653191082,0.40355563743551953,0.9902714209864003,0.6546622833233712,237.0232056149777,0.9172788337616163,0.7786860783652395,0.3819424180898563,0.3332252899969666,0.11886353525316735,0.29146905013256735,0.0019298926435585423,236.0,46.0,5.130434782608695
WE00087---H010--PO01--LO001--CO6--SL001--PX32500--PW0100--IN0020--TM283--X095544--Y073964--Z214253--T2865308164.png,WE00087---H010--PO01--LO001--CO6--SL001--PX32500--PW0100--IN0020--TM283--X095544--Y073964--Z214253--T2865308164,WE00087---H010--PO01--LO001--CO6--SL001--PX32500--PW0100--IN0020--TM283--X095544--Y073964--Z214253--T2865308164,4922.0,6038.0,500.0071426749364,227.8927169436153,31.8700764094159,0.5087338501291989,0.9901731470993679,0.8151705862868499,227.1255159597882,0.6723739359798453,0.41806439105033166,0.08243622897651764,0.07135992158819389,0.005473134428061997,0.046062243166274386,-2.48862941199632e-05,225.0,43.0,5.232558139534884
WE00088---H009--PO01--LO001--CO6--SL001--PX32500--PW0100--IN0020--TM253--X086535--Y073964--Z209973--T2931084462.png,WE00088---H009--PO01--LO001--CO6--SL001--PX32500--PW0100--IN0020--TM253--X086535--Y073964--Z209973--T2931084462,WE00088---H009--PO01--LO001--CO6--SL001--PX32500--PW0100--IN0020--TM253--X086535--Y073964--Z209973--T2931084462,4404.0,5795.0,507.7228714274745,243.41448178497896,28.834666762749936,0.5400367872470877,0.992958929398602,0.7599654874892149,233.36237914453991,0.8526630328957863,0.6873472629172139,0.25030456187496586,0.22880384004670462,0.054755491552090474,0.1896032466410403,0.000151568374068288,233.0,35.0,6.6571428571428575
WE00088---H009--PO01--LO001--CO6--SL001--PX32500--PW0100--IN0020--TM259--X086535--Y073964--Z211070--T2943116707.png,WE00088---H009--PO01--LO001--CO6--SL001--PX32500--PW0100--IN0020--TM259--X086535--Y073964--Z211070--T2943116707,WE00088---H009--PO01--LO001--CO6--SL001--PX32500--PW0100--IN0020--TM259--X086535--Y073964--Z211070--T2943116707,4426.0,7558.0,512.6761902332486,233.94055581429672,44.53080324453837,0.40420091324200913,0.9817161107036719,0.5856046573167505,219.02054698132775,0.800824334787419,0.5547572130790289,0.21294363662647792,0.14086792750686378,0.024265640269733383,0.09615566240530854,-0.002535931280350609,219.0,50.0,4.38
WE00088---H009--PO01--LO001--CO6--SL001--PX32500--PW0100--IN0020--TM272--X086535--Y073964--Z212783--T2848886236.png,WE00088---H009--PO01--LO001--CO6--SL001--PX32500--PW0100--IN0020--TM272--X086535--Y073964--Z212783--T2848886236,WE00088---H009--PO01--LO001--CO6--SL001--PX32500--PW0100--IN0020--TM272--X086535--Y073964--Z212783--T2848886236,3906.0,5820.0,500.20815280171314,238.39888053001607,31.28100650797791,0.40789473684210525,0.9913542137069681,0.6711340206185566,228.3703133071372,0.9250596455151854,0.7987811932923939,0.46969903189247236,0.418748803951075,0.1857109737899539,0.374073613984033,0.0006468802669102325,228.0,42.0,5.428571428571429
WE00088---H009--PO01--LO001--CO6--SL001--PX32500--PW0100--IN0020--TM281--X086535--Y073964--Z213137--T2356142838.png,WE00088---H009--PO01--LO001--CO6--SL001--PX32500--PW0100--IN0020--TM281--X086535--Y073964--Z213137--T2356142838,WE00088---H009--PO01--LO001--CO6--SL001--PX32500--PW0100--IN0020--TM281--X086535--Y073964--Z213137--T2356142838,3584.0,7098.0,410.13203435596427,144.10667321724642,74.63952732362873,0.3584,0.8554130959479082,0.504930966469428,125.57467897629681,0.4592946481730776,0.07022051032781594,0.03792934429324085,0.017340432346625613,0.00038084498634293417,0.0007854070947631634,0.00022961854538610987,125.0,80.0,1.5625
WE00088---H009--PO01--LO001--CO6--SL001--PX32500--PW0100--IN0020--TM281--X086535--Y073964--Z213675--T2857036343.png,WE00088---H009--PO01--LO001--CO6--SL001--PX32500--PW0100--IN0020--TM281--X086535--Y073964--Z213675--T2857036343,WE00088---H009--PO01--LO001--CO6--SL001--PX32500--PW0100--IN0020--TM281--X086535--Y073964--Z213675--T2857036343,4843.0,6821.0,539.7645019878171,259.29432885470726,31.837817605982096,0.46873790166473095,0.9924331209568029,0.7100131945462542,246.13004692641653,0.8807453490363004,0.7303115489814644,0.28397717721538984,0.2532074486011566,0.06789551317758491,0.21529655802269038,0.0005710314871547693,246.0,42.0,5.857142857142857
WE00088---H009--PO01--LO001--CO6--SL001--PX32500--PW0100--IN0020--TM282--X086535--Y073964--Z210261--T2341613046.png,WE00088---H009--PO01--LO001--CO6--SL001--PX32500--PW0100--IN0020--TM282--X086535--Y073964--Z210261--T2341613046,WE00088---H009--PO01--LO001--CO6--SL001--PX32500--PW0100--IN0020--TM282--X086535--Y073964--Z210261--T2341613046,4121.0,7139.0,415.9898987322333,151.8975709850036,50.16297811993442,0.44407327586206896,0.9438962508521169,0.5772517159266004,145.34441853748632,0.3880914287340031,0.09719751600662928,0.017072928550800042,0.011908305423636663,0.0001661217389915384,0.0028692720653861175,3.513472776664562e-05,145.0,64.0,2.265625
WE00088---H009--PO01--LO001--CO6--SL001--PX32500--PW0100--IN0020--TM283--X086535--Y073964--Z211081--T2692962786.png,WE00088---H009--PO01--LO001--CO6--SL001--PX32500--PW0100--IN0020--TM283--X086535--Y073964--Z211081--T2692962786,WE00088---H009--PO01--LO001--CO6--SL001--PX32500--PW0100--IN0020--TM283--X086535--Y073964--Z211081--T2692962786,4086.0,5714.0,488.30865786510145,232.17416741485548,31.792122635250976,0.45299334811529934,0.9905804202270065,0.7150857542877144,220.22715545545242,0.8399960700629614,0.6546027950404807,0.32165594928655505,0.2826490803609232,0.08522499414064656,0.2286819278936991,7.744598658946614e-05,220.0,41.0,5.365853658536586
WE00088---H009--PO01--LO001--CO6--SL001--PX32500--PW0100--IN0020--TM283--X086535--Y073964--Z211453--T2865380705.png,WE00088---H009--PO01--LO001--CO6--SL001--PX32500--PW0100--IN0020--TM283--X086535--Y073964--Z211453--T2865380705,WE00088---H009--PO01--LO001--CO6--SL001--PX32500--PW0100--IN0020--TM283--X086535--Y073964--Z211453--T2865380705,4521.0,5693.0,495.86500705120545,234.35200252988793,28.741865291328526,0.4445427728613569,0.9924507297849104,0.7941331459687335,227.27076362788065,0.7706668313176492,0.5592442376739687,0.11997253455822349,0.10735302132601221,0.012183194210118178,0.08015266799306547,-2.812441978430804e-05,226.0,45.0,5.022222222222222
WE00089---H008--PO01--LO001--CO6--SL001--PX32500--PW0100--IN0020--TM253--X077526--Y073964--Z209373--T2931163406.png,WE00089---H008--PO01--LO001--CO6--SL001--PX32500--PW0100--IN0020--TM253--X077526--Y073964--Z209373--T2931163406,WE00089---H008--PO01--LO001--CO6--SL001--PX32500--PW0100--IN0020--TM253--X077526--Y073964--Z209373--T2931163406,4118.0,6718.0,553.0365799264592,264.2799022849158,32.70096828635413,0.3800295311923219,0.9923151585729346,0.6129800535873772,252.1983346495373,1.076269124553633,1.0895380533152097,0.8913112628544202,0.8092182726647327,0.6872406755093091,0.8437933002970907,0.0030803442891691457,252.0,43.0,5.8604651162790695
WE00089---H008--PO01--LO001--CO6--SL001--PX32500--PW0100--IN0020--TM260--X077526--Y073964--Z210470--T2943196873.png,WE00089---H008--PO01--LO001--CO6--SL001--PX32500--PW0100--IN0020--TM260--X077526--Y073964--Z210470--T2943196873,WE00089---H008--PO01--LO001--CO6--SL001--PX32500--PW0100--IN0020--TM260--X077526--Y073964--Z210470--T2943196873,5684.0,8297.0,515.2619766708755,238.46412528001343,39.588546007705006,0.5112430293218204,0.9861232809581909,0.6850668916475835,219.31712199461307,0.6425095885442264,0.369716603799909,0.060017843566322976,0.0512901852389943,0.002844472054313551,0.03020641385276465,-8.41412436066091e-05,218.0,51.0,4.2745098039215685
WE00089---H008--PO01--LO001--CO6--SL001--PX32500--PW0100--IN0020--TM272--X077526--Y073964--Z210783--T2848965271.png,WE00089---H008--PO01--LO001--CO6--SL001--PX32500--PW0100--IN0020--TM272--X077526--Y073964--Z210783--T2848965271,WE00089---H008--PO01--LO001--CO6--SL001--PX32500--PW0100--IN0020--TM272--X077526--Y073964--Z210783--T2848965271,4122.0,5553.0,492.651803615609,237.84475201725004,29.267808242271258,0.49077271103702824,0.9923999450158353,0.7423014586709886,227.43130831088317,0.8707352417129661,0.7136171505699083,0.30199015940130314,0.27157544522194293,0.07777348060991394,0.22941367192874917,0.00013040774814022417,227.0,37.0,6.135135135135135
WE00089---H008--PO01--LO001--CO6--SL001--PX32500--PW0100--IN0020--TM281--X077526--Y073964--Z210475--T2857116658.png,WE00089---H008--PO01--LO001--CO6--SL001--PX32500--PW0100--IN0020--TM281--X077526--Y073964--Z210475--T2857116658,WE00089---H008--PO01--LO001--CO6--SL001--PX32500--PW0100--IN0020--TM281--X077526--Y073964--Z210475--T2857116658,4198.0,5450.0,497.9898987322333,227.0131029476033,28.749693496354286,0.29447250280583614,0.9919483197178591,0.7702752293577981,222.40728405337808,0.7795601147277491,0.5699477588546789,0.16221620675951814,0.14703819306422816,0.022708229199989473,0.11073192746942616,-0.00014690333302833265,216.0,66.0,3.272727272727273
WE00089---H008--PO01--LO001--CO6--SL001--PX32500--PW0100--IN0020--TM281--X077526--Y073964--Z213937--T2356223034.png,WE00089---H008--PO01--LO001--CO6--SL001--PX32500--PW0100--IN0020--TM281--X077526--Y073964--Z213937--T2356223034,WE00089---H008--PO01--LO001--CO6--SL001--PX32500--PW0100--IN0020--TM281--X077526--Y073964--Z213937--T2356223034,3790.0,6588.0,397.1614716074871,117.34682532396567,69.9692691710052,0.42083055740617364,0.802791064393218,0.5752884031572556,114.28035701729323,0.30781622760451666,0.021417911183604237,0.011643379687492076,0.0050482688958496235,2.924094987018702e-05,-5.888948191341045e-05,2.535642952835093e-05,114.0,79.0,1.4430379746835442
WE00089---H008--PO01--LO001--CO6--SL001--PX32500--PW0100--IN0020--TM282--X077526--Y073964--Z214061--T2341693942.png,WE00089---H008--PO01--LO001--CO6--SL001--PX32500--PW0100--IN0020--TM282--X077526--Y073964--Z214061--T2341693942,WE00089---H008--PO01--LO001--CO6--SL001--PX32500--PW0100--IN0020--TM282--X077526--Y073964--Z214061--T2341693942,3429.0,5618.0,368.0904037956217,133.28147326842293,54.62064032456662,0.39197530864197533,0.9121690202958753,0.6103595585617657,117.61802582937702,0.37815991298605656,0.07257808026487242,0.012415344746017912,0.003810155573832867,1.544044476544578e-05,4.020052790210441e-06,-2.1173664602465935e-05,108.0,81.0,1.3333333333333333
WE00089---H008--PO01--LO001--CO6--SL001--PX32500--PW0100--IN0020--TM283--X077526--Y073964--Z209453--T2865452801.png,WE00089---H008--PO01--LO001--CO6--SL001--PX32500--PW0100--IN0020--TM283--X077526--Y073964--Z209453--T2865452801,WE00089---H008--PO01--LO001--CO6--SL001--PX32500--PW0100--IN0020--TM283--X077526--Y073964--Z209453--T2865452801,2917.0,4944.0,335.1787155501902,127.8841786188442,54.6727906567944,0.41247171945701355,0.9040068272694334,0.5900080906148867,109.59014554237986,0.4144557160442688,0.08200518102134287,0.014152685221774524,0.008141005675706496,8.317135279206934e-05,0.0010289634198841185,-2.680766524128421e-05,104.0,68.0,1.5294117647058822
WE00089---H008--PO01--LO001--CO6--SL001--PX32500--PW0100--IN0020--TM283--X077526--Y073964--Z211281--T2693042490.png,WE00089---H008--PO01--LO001--CO6--SL001--PX32500--PW0100--IN0020--TM283--X077526--Y073964--Z211281--T2693042490,WE00089---H008--PO01--LO001--CO6--SL001--PX32500--PW0100--IN0020--TM283--X077526--Y073964--Z211281--T2693042490,4337.0,6048.0,517.9655121145938,250.35938274897396,32.426767491393825,0.43941236068895645,0.9915766948276157,0.7170965608465608,235.2126697267815,0.9184245414512933,0.7887546320339442,0.39715829074740644,0.3517250769322334,0.13145609550931975,0.31196334583766266,0.0006960353977979311,235.0,42.0,5.595238095238095
WE00090---H007--PO01--LO001--CO6--SL001--PX32500--PW0100--IN0020--TM253--X068517--Y073964--Z208773--T2931242385.png,WE00090---H007--PO01--LO001--CO6--SL001--PX32500--PW0100--IN0020--TM253--X068517--Y073964--Z208773--T2931242385,WE00090---H007--PO01--LO001--CO6--SL001--PX32500--PW0100--IN0020--TM253--X068517--Y073964--Z208773--T2931242385,4643.0,6330.0,554.6345596729059,272.60186469223504,27.103980564560317,0.3258245614035088,0.9950448609709696,0.7334913112164297,252.7231687044146,1.010208948903291,0.9809539055547914,0.2561578178869779,0.23462894750638402,0.05751987514673657,0.23102367073490798,-0.000354792484074995,250.0,57.0,4.385964912280702
WE00090---H007--PO01--LO001--CO6--SL001--PX32500--PW0100--IN0020--TM260--X068517--Y073964--Z209270--T2943276534.png,WE00090---H007--PO01--LO001--CO6--SL001--PX32500--PW0100--IN0020--TM260--X068517--Y073964--Z209270--T2943276534,WE00090---H007--PO01--LO001--CO6--SL001--PX32500--PW0100--IN0020--TM260--X068517--Y073964--Z209270--T2943276534,4445.0,6144.0,471.07821048680194,209.87119556081538,36.533975460371835,0.4963707426018984,0.9847318522923559,0.7234700520833334,199.42417105255822,0.6380856311735805,0.3606615077080352,0.09476389816664027,0.0767335259446701,0.006543228351258102,0.04606607802560273,3.74515177323227e-05,199.0,45.0,4.4222222222222225
WE00090---H007--PO01--LO001--CO6--SL001--PX32500--PW0100--IN0020--TM272--X068517--Y073964--Z213783--T2849044370.png,WE00090---H007--PO01--LO001--CO6--SL001--PX32500--PW0100--IN0020--TM272--X068517--Y073964--Z213783--T2849044370,WE00090---H007--PO01--LO001--CO6--SL001--PX32500--PW0100--IN0020--TM272--X068517--Y073964--Z213783--T2849044370,3756.0,5387.0,498.6589462905455,230.50910352447536,29.938721022931322,0.18981200727713765,0.9915296070885128,0.6972340820493781,220.61731573020282,0.8990743780642009,0.7555860678703864,0.40202594423804133,0.3581464754362415,0.13589953662316828,0.3113128298555908,8.589779597787534e-05,204.0,97.0,2.1030927835051547
WE00090---H007--PO01--LO001--CO6--SL001--PX32500--PW0100--IN0020--TM281--X068517--Y073964--Z209875--T2857196925.png,WE00090---H007--PO01--LO001--CO6--SL001--PX32500--PW0100--IN0020--TM281--X068517--Y073964--Z209875--T2857196925,WE00090---H007--PO01--LO001--CO6--SL001--PX32500--PW0100--IN0020--TM281--X068517--Y073964--Z209875--T2857196925,3899.0,6100.0,507.37972567696687,226.363738765029,35.32808935269096,0.3591231463571889,0.9877463458161512,0.6391803278688525,231.10603626906848,0.8413794582744617,0.6421887964208032,0.5265988733031967,0.460675163544016,0.22688799310008786,0.36823588693921144,-0.002212457579770854,231.0,47.0,4.914893617021277
WE00090---H007--PO01--LO001--CO6--SL001--PX32500--PW0100--IN0020--TM281--X068517--Y073964--Z211537--T2356303280.png,WE00090---H007--PO01--LO001--CO6--SL001--PX32500--PW0100--IN0020--TM281--X068517--Y073964--Z211537--T2356303280,WE00090---H007--PO01--LO001--CO6--SL001--PX32500--PW0100--IN0020--TM281--X068517--Y073964--Z211537--T2356303280,2407.0,2873.0,240.0071426749364,95.84912627601116,35.84564346414108,0.43416305916305914,0.9274368222867116,0.8378002088409329,88.86506625215557,0.27191434262653336,0.042101524977873166,0.002518974012121274,0.0008498699023335298,1.2399062978322794e-06,0.00017355150830933706,-9.427130715938692e-08,77.0,72.0,1.0694444444444444
WE00090---H007--PO01--LO001--CO6--SL001--PX32500--PW0100--IN0020--TM282--X068517--Y073964--Z212461--T2341774571.png,WE00090---H007--PO01--LO001--CO6--SL001--PX32500--PW0100--IN0020--TM282--X068517--Y073964--Z212461--T2341774571,WE00090---H007--PO01--LO001--CO6--SL001--PX32500--PW0100--IN0020--TM282--X068517--Y073964--Z212461--T2341774571,3229.0,5597.0,409.48127676088177,119.43882728486025,70.29010016182839,0.41397435897435897,0.8084950822008465,0.5769162051098803,102.1077861869505,0.3717546385092627,0.03257733826873346,0.0037298140489334477,0.0020659396710459963,5.415663594962751e-06,-0.00010278260408348593,1.8864745990314888e-06,100.0,78.0,1.2820512820512822
WE00090---H007--PO01--LO001--CO6--SL001--PX32500--PW0100--IN0020--TM283--X068517--Y073964--Z210653--T2865525656.png,WE00090---H007--PO01--LO001--CO6--SL001--PX32500--PW0100--IN0020--TM283--X068517--Y073964--Z210653--T2865525656,WE00090---H007--PO01--LO001--CO6--SL001--PX32500--PW0100--IN0020--TM283--X068517--Y073964--Z210653--T2865525656,3088.0,5063.0,370.97770542341357,149.1144474411257,37.091474415087255,0.37704517704517704,0.9685690068430867,0.6099150701165317,134.892549831338,0.4778759696801594,0.17824059260584948,0.016694807146946093,0.015069145049659694,0.000238455587120526,0.005863176505536719,1.6330941506451335e-05,130.0,63.0,2.0634920634920637
WE00090---H007--PO01--LO001--CO6--SL001--PX32500--PW0100--IN0020--TM283--X068517--Y073964--Z210881--T2693122347.png,WE00090---H007--PO01--LO001--CO6--SL001--PX32500--PW0100--IN0020--TM283--X068517--Y073964--Z210881--T2693122347,WE00090---H007--PO01--LO001--CO6--SL001--PX32500--PW0100--IN0020--TM283--X068517--Y073964--Z210881--T2693122347,5328.0,6769.0,527.1787155501902,245.88933269477337,33.10134779599382,0.5307830245068739,0.9908974496922376,0.7871177426503176,239.35329536064467,0.7220962739183594,0.48495919527017695,0.09856816863490551,0.08425784170201349,0.007678005987232723,0.05801296194093352,-9.802718032894198e-05,239.0,42.0,5.690476190476191
WE00091---H006--PO01--LO001--CO6--SL001--PX32500--PW0100--IN0020--TM253--X059508--Y073964--Z210373--T2931321553.png,WE00091---H006--PO01--LO001--CO6--SL001--PX32500--PW0100--IN0020--TM253--X059508--Y073964--Z210373--T2931321553,WE00091---H006--PO01--LO001--CO6--SL001--PX32500--PW0100--IN0020--TM253--X059508--Y073964--Z210373--T2931321553,4097.0,5549.0,517.6223663640862,253.70543706191836,26.91808077704831,0.4672140494925305,0.9943554924081107,0.7383312308524058,238.3149177034455,0.9929679013225946,0.9425706503358787,0.3936575780504068,0.36548558020281263,0.1386319932756339,0.35462743215540926,-0.0003273902026747176,237.0,37.0,6.405405405405405
WE00091---H006--PO01--LO001--CO6--SL001--PX32500--PW0100--IN0020--TM260--X059508--Y073964--Z211670--T2943355674.png,WE00091---H006--PO01--LO001--CO6--SL001--PX32500--PW0100--IN0020--TM260--X059508--Y073964--Z211670--T2943355674,WE00091---H006--PO01--LO001--CO6--SL001--PX32500--PW0100--IN0020--TM260--X059508--Y073964--Z211670--T2943355674,4193.0,7320.0,407.26197667087547,143.0365956798211,61.875822122386495,0.4076018275493341,0.901592026995977,0.5728142076502732,139.54210834009928,0.36203322601648313,0.06145245262508753,0.016663037135064958,0.010838843472332445,0.00013780707863262666,0.0015730927700461036,-4.719256584802525e-05,127.0,81.0,1.5679012345679013
WE00091---H006--PO01--LO001--CO6--SL001--PX32500--PW0100--IN0020--TM272--X059508--Y073964--Z209983--T2849123309.png,WE00091---H006--PO01--LO001--CO6--SL001--PX32500--PW0100--IN0020--TM272--X059508--Y073964--Z209983--T2849123309,WE00091---H006--PO01--LO001--CO6--SL001--PX32500--PW0100--IN0020--TM272--X059508--Y073964--Z209983--T2849123309,3984.0,5464.0,486.06601717798213,239.01547756428093,27.876847084888535,0.46596491228070175,0.9931752023302522,0.7291361639824304,225.31977276750482,0.9084073343165717,0.7814999319084673,0.3170401318018614,0.2867174176301344,0.08644438306470209,0.25336148945037174,0.00022379820758929372,225.0,38.0,5.921052631578948
WE00091---H006--PO01--LO001--CO6--SL001--PX32500--PW0100--IN0020--TM281--X059508--Y073964--Z210875--T2857277276.png,WE00091---H006--PO01--LO001--CO6--SL001--PX32500--PW0100--IN0020--TM281--X059508--Y073964--Z210875--T2857277276,WE00091---H006--PO01--LO001--CO6--SL001--PX32500--PW0100--IN0020--TM281--X059508--Y073964--Z210875--T2857277276,3687.0,4334.0,389.0782104868019,174.3402879571346,29.352173999713827,0.43032212885154064,0.9857253374235112,0.8507152745731426,173.17043627594174,0.5298360137558666,0.25062735752818804,0.018524125970633628,0.014753009685747661,0.00024387480029795303,0.007329545956787779,-2.5032508581483676e-06,168.0,51.0,3.2941176470588234
WE00091---H006--PO01--LO001--CO6--SL001--PX32500--PW0100--IN0020--TM281--X059508--Y073964--Z213537--T2356383933.png,WE00091---H006--PO01--LO001--CO6--SL001--PX32500--PW0100--IN0020--TM281--X059508--Y073964--Z213537--T2356383933,WE00091---H006--PO01--LO001--CO6--SL001--PX32500--PW0100--IN0020--TM281--X059508--Y073964--Z213537--T2356383933,4497.0,7103.0,412.8599564173221,131.033133863409,75.46389692318346,0.39537541761913136,0.8175098504046526,0.6331127692524285,124.19742348374221,0.3177740981334629,0.02543377053108181,0.013741320075971005,0.003277996694572922,1.2997000936617182e-05,-0.0001737858221339719,1.7750706527997428e-05,94.0,121.0,0.7768595041322314
WE00091---H006--PO01--LO001--CO6--SL001--PX32500--PW0100--IN0020--TM282--X059508--Y073964--Z201461--T2341856052.png,WE00091---H006--PO01--LO001--CO6--SL001--PX32500--PW0100--IN0020--TM282--X059508--Y073964--Z201461--T2341856052,WE00091---H006--PO01--LO001--CO6--SL001--PX32500--PW0100--IN0020--TM282--X059508--Y073964--Z201461--T2341856052,3072.0,4941.0,330.0071426749364,108.16368685514772,63.69394170858302,0.44755244755244755,0.8082305189714966,0.6217364905889496,95.71833680126291,0.3205627719009364,0.024176004204493833,0.010409540181964556,0.0020628687920061796,-2.4650323072308225e-06,-0.00024064964088003896,9.235941085425029e-06,88.0,78.0,1.1282051282051282
WE00091---H006--PO01--LO001--CO6--SL001--PX32500--PW0100--IN0020--TM283--X059508--Y073964--Z209053--T2865598085.png,WE00091---H006--PO01--LO001--CO6--SL001--PX32500--PW0100--IN0020--TM283--X059508--Y073964--Z209053--T2865598085,WE00091---H006--PO01--LO001--CO6--SL001--PX32500--PW0100--IN0020--TM283--X059508--Y073964--Z209053--T2865598085,3064.0,4643.0,334.2497833620557,138.81166488188296,41.07018998551213,0.4226206896551724,0.9552282538018327,0.6599181563644195,128.16005617976296,0.42745265202199406,0.12862192450553345,0.02534947113967193,0.014618840617343518,0.0002754209558154714,0.004298101751894013,-5.779367225970826e-05,125.0,58.0,2.1551724137931036
WE00091---H006--PO01--LO001--CO6--SL001--PX32500--PW0100--IN0020--TM283--X059508--Y073964--Z211881--T2693202549.png,WE00091---H006--PO01--LO001--CO6--SL001--PX32500--PW0100--IN0020--TM283--X059508--Y073964--Z211881--T2693202549,WE00091---H006--PO01--LO001--CO6--SL001--PX32500--PW0100--IN0020--TM283--X059508--Y073964--Z211881--T2693202549,5491.0,7774.0,535.5046173579947,245.99556742241964,37.78471385501697,0.3586076280041797,0.9881332381718011,0.7063287882685876,237.9768896342668,0.705034417599068,0.4523017895734346,0.10114019649197686,0.08081461944309512,0.00730061885113503,0.051888377067638505,0.0002877682632068748,232.0,66.0,3.515151515151515
WE00092---H005--PO01--LO001--CO6--SL001--PX32500--PW0100--IN0020--TM253--X050499--Y073964--Z210373--T2931400655.png,WE00092---H005--PO01--LO001--CO6--SL001--PX32500--PW0100--IN0020--TM253--X050499--Y073964--Z210373--T2931400655,WE00092---H005--PO01--LO001--CO6--SL001--PX32500--PW0100--IN0020--TM253--X050499--Y073964--Z210373--T2931400655,4606.0,6149.0,550.350288425444,273.71770673514703,26.542544497338465,0.5397234591047574,0.9952872555119328,0.7490648885997723,251.7180962902747,1.0261871695714981,1.0141857648731774,0.2494697355500596,0.2331983758284057,0.0562465306189144,0.23443639661873591,-0.00014663104892418798,251.0,34.0,7.382352941176471
WE00092---H005--PO01--LO001--CO6--SL001--PX32500--PW0100--IN0020--TM261--X050499--Y073964--Z210870--T2943435050.png,WE00092---H005--PO01--LO001--CO6--SL001--PX32500--PW0100--IN0020--TM261--X050499--Y073964--Z210870--T2943435050,WE00092---H005--PO01--LO001--CO6--SL001--PX32500--PW0100--IN0020--TM261--X050499--Y073964--Z210870--T2943435050,4164.0,7095.0,459.32085117392114,196.12024884165183,52.53997899381516,0.3279773156899811,0.9634476252711448,0.586892177589852,188.73261509341728,0.6187500209891627,0.2871711305437292,0.13978720665424574,0.07491260564347346,0.007524106519133264,0.034692448687303465,0.0014678670521872943,184.0,69.0,2.6666666666666665
WE00092---H005--PO01--LO001--CO6--SL001--PX32500--PW0100--IN0020--TM272--X050499--Y073964--Z213783--T2849202529.png,WE00092---H005--PO01--LO001--CO6--SL001--PX32500--PW0100--IN0020--TM272--X050499--Y073964--Z213783--T2849202529,WE00092---H005--PO01--LO001--CO6--SL001--PX32500--PW0100--IN0020--TM272--X050499--Y073964--Z213783--T2849202529,4338.0,5370.0,481.9655121145938,229.01825737985217,29.03897497650559,0.5477272727272727,0.9919286053043938,0.8078212290502793,220.22715545545242,0.7678167398713451,0.5528190763474422,0.14644549494651318,0.13053530240600925,0.01804803702687903,0.09705343754003436,2.5163115286522004e-06,220.0,36.0,6.111111111111111
WE00092---H005--PO01--LO001--CO6--SL001--PX32500--PW0100--IN0020--TM281--X050499--Y073964--Z212675--T2857357975.png,WE00092---H005--PO01--LO001--CO6--SL001--PX32500--PW0100--IN0020--TM281--X050499--Y073964--Z212675--T2857357975,WE00092---H005--PO01--LO001--CO6--SL001--PX32500--PW0100--IN0020--TM281--X050499--Y073964--Z212675--T2857357975,3653.0,6161.0,509.5218613006978,233.5733952492926,33.554247974126774,0.3204385964912281,0.9896276667743983,0.5929232267489044,230.37577997697588,0.9526830434812389,0.8356828665953179,0.6501656331337402,0.5814794204239473,0.3575076556284656,0.5288686194840335,0.004072937840888011,228.0,50.0,4.56
WE00092---H005--PO01--LO001--CO6--SL001--PX32500--PW0100--IN0020--TM281--X050499--Y073964--Z215537--T2356464336.png,WE00092---H005--PO01--LO001--CO6--SL001--PX32500--PW0100--IN0020--TM281--X050499--Y073964--Z215537--T2356464336,WE00092---H005--PO01--LO001--CO6--SL001--PX32500--PW0100--IN0020--TM281--X050499--Y073964--Z215537--T2356464336,4450.0,7280.0,457.2447327281724,188.99016127710027,53.190762630907464,0.3131156768927667,0.9595766989208024,0.6112637362637363,192.1067411623028,0.541383964730364,0.2133612610981715,0.06650505872341188,0.02913137118064884,0.0012150460850716058,0.008074755766697696,-0.00040963149640926117,187.0,76.0,2.460526315789474
WE00092---H005--PO01--LO001--CO6--SL001--PX32500--PW0100--IN0020--TM282--X050499--Y073964--Z210061--T2341937949.png,WE00092---H005--PO01--LO001--CO6--SL001--PX32500--PW0100--IN0020--TM282--X050499--Y073964--Z210061--T2341937949,WE00092---H005--PO01--LO001--CO6--SL001--PX32500--PW0100--IN0020--TM282--X050499--Y073964--Z210061--T2341937949,3457.0,6180.0,393.9898987322333,129.10386906106785,66.70677068479014,0.4251106738809641,0.8561721222211987,0.5593851132686084,108.78419002777932,0.38179061074867165,0.048793574761173325,0.013925706701077496,0.004439461654206721,1.390271191556136e-05,-0.00039459231437071623,-3.2018211838025024e-05,107.0,76.0,1.4078947368421053
WE00092---H005--PO01--LO001--CO6--SL001--PX32500--PW0100--IN0020--TM283--X050499--Y073964--Z209653--T2865670296.png,WE00092---H005--PO01--LO001--CO6--SL001--PX32500--PW0100--IN0020--TM283--X050499--Y073964--Z209653--T2865670296,WE00092---H005--PO01--LO001--CO6--SL001--PX32500--PW0100--IN0020--TM283--X050499--Y073964--Z209653--T2865670296,3921.0,5419.0,369.1614716074871,134.41461407972375,49.72061954750064,0.4322089947089947,0.9290696376225581,0.7235652334379037,120.83045973594572,0.32739461372080425,0.06179386752982965,0.0037330861985274957,0.0017915461046092483,4.19334069057839e-06,0.00018810027070030456,-1.970263019286057e-06,81.0,112.0,0.7232142857142857
WE00092---H005--PO01--LO001--CO6--SL001--PX32500--PW0100--IN0020--TM283--X050499--Y073964--Z210681--T2693282296.png,WE00092---H005--PO01--LO001--CO6--SL001--PX32500--PW0100--IN0020--TM283--X050499--Y073964--Z210681--T2693282296,WE00092---H005--PO01--LO001--CO6--SL001--PX32500--PW0100--IN0020--TM283--X050499--Y073964--Z210681--T2693282296,5308.0,6461.0,538.8355697996826,252.84513308670057,30.649382040021454,0.4874196510560147,0.9926259092967489,0.8215446525305681,244.37675830569486,0.7638240149899505,0.5501220183735526,0.09543003532825646,0.08506787357159827,0.0076645633078793185,0.06294898715826254,3.073596422646565e-05,242.0,45.0,5.377777777777778
WE00093---H004--PO01--LO001--CO6--SL001--PX32500--PW0100--IN0020--TM253--X041490--Y073964--Z210973--T2931480094.png,WE00093---H004--PO01--LO001--CO6--SL001--PX32500--PW0100--IN0020--TM253--X041490--Y073964--Z210973--T2931480094,WE00093---H004--PO01--LO001--CO6--SL001--PX32500--PW0100--IN0020--TM253--X041490--Y073964--Z210973--T2931480094,4478.0,6084.0,536.5929291125633,266.26119341254366,27.59439790401401,0.359852137576342,0.9946152323921601,0.7360289283366206,246.64144015148793,1.0001182714542909,0.958172666144059,0.31727799159346204,0.2901778474392959,0.08804605818445899,0.2830407483925286,0.00047943676555056366,244.0,51.0,4.784313725490196
WE00093---H004--PO01--LO001--CO6--SL001--PX32500--PW0100--IN0020--TM261--X041490--Y073964--Z214270--T2943514874.png,WE00093---H004--PO01--LO001--CO6--SL001--PX32500--PW0100--IN0020--TM261--X041490--Y073964--Z214270--T2943514874,WE00093---H004--PO01--LO001--CO6--SL001--PX32500--PW0100--IN0020--TM261--X041490--Y073964--Z214270--T2943514874,4313.0,5612.0,456.69343417595167,211.40531460540936,31.499051112454257,0.5421065862242332,0.9888374387850272,0.7685317177476836,204.35263639111682,0.6620159585033201,0.4010184247583071,0.06117758944114916,0.051463189464757995,0.002887603408699124,0.03258619333355339,1.18907664485573e-05,204.0,39.0,5.230769230769231
WE00093---H004--PO01--LO001--CO6--SL001--PX32500--PW0100--IN0020--TM273--X041490--Y073964--Z215183--T2849281826.png,WE00093---H004--PO01--LO001--CO6--SL001--PX32500--PW0100--IN0020--TM273--X041490--Y073964--Z215183--T2849281826,WE00093---H004--PO01--LO001--CO6--SL001--PX32500--PW0100--IN0020--TM273--X041490--Y073964--Z215183--T2849281826,4517.0,5662.0,499.5117600329312,230.62382003990254,31.61243116862136,0.1820196647324307,0.9905608691152431,0.7977746379371247,225.21101216414795,0.7497605182392652,0.5214361906566558,0.16880999608098385,0.1476344372553807,0.023306689423156245,0.1066056119102155,1.0055162119179326e-06,188.0,132.0,1.4242424242424243
WE00093---H004--PO01--LO001--CO6--SL001--PX32500--PW0100--IN0020--TM281--X041490--Y073964--Z210075--T2857437715.png,WE00093---H004--PO01--LO001--CO6--SL001--PX32500--PW0100--IN0020--TM281--X041490--Y073964--Z210075--T2857437715,WE00093---H004--PO01--LO001--CO6--SL001--PX32500--PW0100--IN0020--TM281--X041490--Y073964--Z210075--T2857437715,3577.0,4294.0,436.45079348883235,200.36375819100516,27.110461173899104,0.5340400119438639,0.9908038297021038,0.8330228225430834,197.7321420508057,0.7142964198610057,0.47418688377526946,0.0864344590082271,0.07370887366828285,0.005882533329911108,0.050029394687243094,-9.674477206041924e-05,197.0,34.0,5.794117647058823
WE00093---H004--PO01--LO001--CO6--SL001--PX32500--PW0100--IN0020--TM281--X041490--Y073964--Z214337--T2356545267.png,WE00093---H004--PO01--LO001--CO6--SL001--PX32500--PW0100--IN0020--TM281--X041490--Y073964--Z214337--T2356545267,WE00093---H004--PO01--LO001--CO6--SL001--PX32500--PW0100--IN0020--TM281--X041490--Y073964--Z214337--T2356545267,4382.0,5961.0,483.1614716074871,224.39327093602247,33.321035784789636,0.2789661319073084,0.9889133210588267,0.7351115584633451,212.08488866489287,0.7340060398667622,0.4932731919575311,0.178319454768193,0.15164412814630104,0.02493609886632772,0.1063950352880433,-0.00016275600114378994,204.0,77.0,2.6493506493506493
WE00093---H004--PO01--LO001--CO6--SL001--PX32500--PW0100--IN0020--TM282--X041490--Y073964--Z212861--T2342019362.png,WE00093---H004--PO01--LO001--CO6--SL001--PX32500--PW0100--IN0020--TM282--X041490--Y073964--Z212861--T2342019362,WE00093---H004--PO01--LO001--CO6--SL001--PX32500--PW0100--IN0020--TM282--X041490--Y073964--Z212861--T2342019362,3027.0,4774.0,370.6761902332486,94.98416355939489,74.79166824700208,0.47296875,0.616427104028172,0.6340594888981986,82.46211251235322,0.30177950458885655,0.0050103366564646055,0.0023292191090292665,0.0011128684884659534,1.4245218981116933e-06,-2.9484703335590236e-05,1.086742714198457e-06,80.0,80.0,1.0
WE00093---H004--PO01--LO001--CO6--SL001--PX32500--PW0100--IN0020--TM283--X041490--Y073964--Z210453--T2865742627.png,WE00093---H004--PO01--LO001--CO6--SL001--PX32500--PW0100--IN0020--TM283--X041490--Y073964--Z210453--T2865742627,WE00093---H004--PO01--LO001--CO6--SL001--PX32500--PW0100--IN0020--TM283--X041490--Y073964--Z210453--T2865742627,4036.0,5581.0,404.9188309203678,123.47564462668095,52.01780397672981,0.422794887911167,0.9069306853295229,0.72316789105895,124.82387592123551,0.277999361164146,0.03771197809149993,0.0012171992426629264,0.0005440559461189822,4.4176267999379605e-07,6.081356767676015e-05,-2.9361730107258096e-08,111.0,86.0,1.2906976744186047
WE00093---H004--PO01--LO001--CO6--SL001--PX32500--PW0100--IN0020--TM283--X041490--Y073964--Z210481--T2693362656.png,WE00093---H004--PO01--LO001--CO6--SL001--PX32500--PW0100--IN0020--TM283--X041490--Y073964--Z210481--T2693362656,WE00093---H004--PO01--LO001--CO6--SL001--PX32500--PW0100--IN0020--TM283--X041490--Y073964--Z210481--T2693362656,5708.0,6988.0,552.9777054234136,265.8061053290053,32.1276213415273,0.3836021505376344,0.992668511073575,0.8168288494562106,251.3662666309861,0.7849188604068719,0.5811241134351788,0.11633394083549871,0.10419404298986798,0.011471375573498869,0.07941490541614361,3.530117625444654e-05,248.0,60.0,4.133333333333334
WE00094---H003--PO01--LO001--CO6--SL001--PX32500--PW0100--IN0020--TM253--X032481--Y073964--Z210573--T2931559316.png,WE00094---H003--PO01--LO001--CO6--SL001--PX32500--PW0100--IN0020--TM253--X032481--Y073964--Z210573--T2931559316,WE00094---H003--PO01--LO001--CO6--SL001--PX32500--PW0100--IN0020--TM253--X032481--Y073964--Z210573--T2931559316,4303.0,6404.0,493.1198410471445,230.51838460552855,31.527680152546896,0.3466806316467934,0.9906030213969702,0.6719237976264835,219.76350925483513,0.7862642379872136,0.5736383867178483,0.15147313931764342,0.13368691830881113,0.019020944874728305,0.09917433130307225,0.0003393216630953712,214.0,58.0,3.689655172413793
WE00094---H003--PO01--LO001--CO6--SL001--PX32500--PW0100--IN0020--TM261--X032481--Y073964--Z209870--T2943594419.png,WE00094---H003--PO01--LO001--CO6--SL001--PX32500--PW0100--IN0020--TM261--X032481--Y073964--Z209870--T2943594419,WE00094---H003--PO01--LO001--CO6--SL001--PX32500--PW0100--IN0020--TM261--X032481--Y073964--Z209870--T2943594419,4767.0,7876.0,507.11984104714446,242.01500048595665,44.359361979281026,0.40494393476044854,0.9830585540690678,0.6052564753682073,218.66183937761065,0.7937252655683144,0.5507524242117956,0.2024726033230339,0.14968801182790822,0.0259989350047982,0.10310994705396037,0.0017735179466696338,218.0,54.0,4.037037037037037
WE00094---H003--PO01--LO001--CO6--SL001--PX32500--PW0100--IN0020--TM273--X032481--Y073964--Z215183--T2849361397.png,WE00094---H003--PO01--LO001--CO6--SL001--PX32500--PW0100--IN0020--TM273--X032481--Y073964--Z215183--T2849361397,WE00094---H003--PO01--LO001--CO6--SL001--PX32500--PW0100--IN0020--TM273--X032481--Y073964--Z215183--T2849361397,4177.0,5284.0,500.541197284454,235.90152678033604,27.729491897598617,0.17648301504140612,0.9930673328514547,0.7904996214988645,226.03539545832197,0.8441832514093934,0.6743243999962338,0.20693288792869657,0.1874580141915048,0.03692070582132143,0.15390219051420787,7.008934002247129e-05,122.0,194.0,0.6288659793814433
WE00094---H003--PO01--LO001--CO6--SL001--PX32500--PW0100--IN0020--TM281--X032481--Y073964--Z214737--T2356626017.png,WE00094---H003--PO01--LO001--CO6--SL001--PX32500--PW0100--IN0020--TM281--X032481--Y073964--Z214737--T2356626017,WE00094---H003--PO01--LO001--CO6--SL001--PX32500--PW0100--IN0020--TM281--X032481--Y073964--Z214737--T2356626017,2829.0,5327.0,372.91273426595797,107.88762029297668,69.90709803434702,0.3970526315789474,0.7616725074160312,0.5310681434203116,95.88013350011565,0.36511887964089157,0.022256338359526052,0.012604489504891996,0.008503005870976328,8.340186917308504e-05,0.0003679965721512786,-2.81615935091883e-05,95.0,75.0,1.2666666666666666
WE00094---H003--PO01--LO001--CO6--SL001--PX32500--PW0100--IN0020--TM281--X032481--Y073964--Z216275--T2857517752.png,WE00094---H003--PO01--LO001--CO6--SL001--PX32500--PW0100--IN0020--TM281--X032481--Y073964--Z216275--T2857517752,WE00094---H003--PO01--LO001--CO6--SL001--PX32500--PW0100--IN0020--TM281--X032481--Y073964--Z216275--T2857517752,3555.0,5385.0,491.8010819142764,215.20589092869355,33.825684363251575,0.1752008279532798,0.9875702502268117,0.6601671309192201,214.44113411377026,0.8343486711155954,0.6306224688780548,0.4622758459087301,0.40128788202982996,0.17282816081011182,0.31797218233860647,0.0016653222043101976,197.0,103.0,1.912621359223301
WE00094---H003--PO01--LO001--CO6--SL001--PX32500--PW0100--IN0020--TM282--X032481--Y073964--Z210061--T2342100779.png,WE00094---H003--PO01--LO001--CO6--SL001--PX32500--PW0100--IN0020--TM282--X032481--Y073964--Z210061--T2342100779,WE00094---H003--PO01--LO001--CO6--SL001--PX32500--PW0100--IN0020--TM282--X032481--Y073964--Z210061--T2342100779,3714.0,5992.0,406.6761902332486,109.89420472370138,73.65808607708264,0.46483103879849813,0.7421231008116829,0.619826435246996,100.72239075796404,0.2945316686253653,0.012527926590721949,0.0024404339126930454,0.0019126452441326099,3.5039632911289376e-06,-5.367601276601166e-05,2.1903468310165063e-06,94.0,85.0,1.1058823529411765
WE00094---H003--PO01--LO001--CO6--SL001--PX32500--PW0100--IN0020--TM283--X032481--Y073964--Z213281--T2693442627.png,WE00094---H003--PO01--LO001--CO6--SL001--PX32500--PW0100--IN0020--TM283--X032481--Y073964--Z213281--T2693442627,WE00094---H003--PO01--LO001--CO6--SL001--PX32500--PW0100--IN0020--TM283--X032481--Y073964--Z213281--T2693442627,4636.0,5909.0,459.1787155501902,204.1391145804683,37.30200315709214,0.5064452698273979,0.983163440562836,0.7845659163987139,199.12307751739877,0.5805680751352092,0.2949042082990447,0.06555705563886002,0.049066411422009855,0.002780612424139471,0.026165780972007707,-0.00011099134079837168,199.0,46.0,4.326086956521739
WE00094---H003--PO01--LO001--CO6--SL001--PX32500--PW0100--IN0020--TM284--X032481--Y073964--Z213253--T2865815113.png,WE00094---H003--PO01--LO001--CO6--SL001--PX32500--PW0100--IN0020--TM284--X032481--Y073964--Z213253--T2865815113,WE00094---H003--PO01--LO001--CO6--SL001--PX32500--PW0100--IN0020--TM284--X032481--Y073964--Z213253--T2865815113,2568.0,4032.0,302.5929291125633,104.36824907969986,55.96296139402353,0.43429731100963975,0.8440866680940526,0.6369047619047619,88.86506625215557,0.34133042406423386,0.03567728108110058,0.008662828573290362,0.0019334101859177183,-7.391916762499026e-07,-0.00021907144015918673,7.877935585260644e-06,73.0,81.0,0.9012345679012346
WE00095---H002--PO01--LO001--CO6--SL001--PX32500--PW0100--IN0020--TM253--X023472--Y073964--Z220173--T2931638682.png,WE00095---H002--PO01--LO001--CO6--SL001--PX32500--PW0100--IN0020--TM253--X023472--Y073964--Z220173--T2931638682,WE00095---H002--PO01--LO001--CO6--SL001--PX32500--PW0100--IN0020--TM253--X023472--Y073964--Z220173--T2931638682,4441.0,6602.0,535.2518754031088,255.2762108110151,32.39730864962669,0.1462779973649539,0.9919141335476879,0.6726749469857619,238.6734170367534,0.9318780878992482,0.8142095300669175,0.32404240457516287,0.2805651801439655,0.08458238972487155,0.24904177353378942,0.0015363254603072418,184.0,165.0,1.1151515151515152
WE00095---H002--PO01--LO001--CO6--SL001--PX32500--PW0100--IN0020--TM261--X023472--Y073964--Z213670--T2943674491.png,WE00095---H002--PO01--LO001--CO6--SL001--PX32500--PW0100--IN0020--TM261--X023472--Y073964--Z213670--T2943674491,WE00095---H002--PO01--LO001--CO6--SL001--PX32500--PW0100--IN0020--TM261--X023472--Y073964--Z213670--T2943674491,3227.0,3952.0,346.5756851698602,79.99036697858423,65.63148327207662,0.5987012987012987,0.5716575217816601,0.8165485829959515,77.92945527847606,0.207351069217955,0.0016400479656834804,0.0003118327924057226,0.0001176135934225811,2.2488774235539327e-08,-3.8088023347063214e-06,-1.2607413069857007e-09,77.0,70.0,1.1
WE00095---H002--PO01--LO001--CO6--SL001--PX32500--PW0100--IN0020--TM273--X023472--Y073964--Z214983--T2849440385.png,WE00095---H002--PO01--LO001--CO6--SL001--PX32500--PW0100--IN0020--TM273--X023472--Y073964--Z214983--T2849440385,WE00095---H002--PO01--LO001--CO6--SL001--PX32500--PW0100--IN0020--TM273--X023472--Y073964--Z214983--T2849440385,4496.0,5884.0,511.1787155501902,246.09265264116678,28.64598696805983,0.42680842984621226,0.9932020343915311,0.7641060503059144,231.96982562393757,0.8532888436018158,0.689687606132587,0.19090104425076748,0.17183742473136843,0.03112294006759566,0.14262867279819416,-2.7437110781798613e-05,229.0,46.0,4.978260869565218
WE00095---H002--PO01--LO001--CO6--SL001--PX32500--PW0100--IN0020--TM281--X023472--Y073964--Z210875--T2857598254.png,WE00095---H002--PO01--LO001--CO6--SL001--PX32500--PW0100--IN0020--TM281--X023472--Y073964--Z210875--T2857598254,WE00095---H002--PO01--LO001--CO6--SL001--PX32500--PW0100--IN0020--TM281--X023472--Y073964--Z210875--T2857598254,4228.0,5834.0,493.7645019878171,237.66318316724676,28.372085883905996,0.434800493624023,0.9928487101220642,0.7247171751799795,222.52415599210798,0.8468655967743616,0.677438725832747,0.22765254413371303,0.20634671956886955,0.04472316738316015,0.1698179645802867,2.2303557181265962e-05,221.0,44.0,5.0227272727272725
WE00095---H002--PO01--LO001--CO6--SL001--PX32500--PW0100--IN0020--TM281--X023472--Y073964--Z214537--T2356706598.png,WE00095---H002--PO01--LO001--CO6--SL001--PX32500--PW0100--IN0020--TM281--X023472--Y073964--Z214537--T2356706598,WE00095---H002--PO01--LO001--CO6--SL001--PX32500--PW0100--IN0020--TM281--X023472--Y073964--Z214537--T2356706598,3921.0,6730.0,415.50461735799473,161.9432835772293,48.61900815719628,0.263437248051599,0.9538692179555257,0.5826151560178306,163.52675622050356,0.4557101990876757,0.14466832377533378,0.03616337667417245,0.027027848273833966,0.0008391195114415328,0.008220623392407476,9.943320215954855e-05,122.0,122.0,1.0
WE00095---H002--PO01--LO001--CO6--SL001--PX32500--PW0100--IN0020--TM282--X023472--Y073964--Z213661--T2342182412.png,WE00095---H002--PO01--LO001--CO6--SL001--PX32500--PW0100--IN0020--TM282--X023472--Y073964--Z213661--T2342182412,WE00095---H002--PO01--LO001--CO6--SL001--PX32500--PW0100--IN0020--TM282--X023472--Y073964--Z213661--T2342182412,3667.0,6745.0,397.60512242138304,129.50954348735735,74.5296965604394,0.36973180076628354,0.8178183281602145,0.543661971830986,119.87076374162301,0.3805460445134796,0.036557177895045596,0.023246560271409946,0.014402108212082309,0.0002407956618729405,0.0014484587965227689,0.00010705978718215916,87.0,114.0,0.7631578947368421
WE00095---H002--PO01--LO001--CO6--SL001--PX32500--PW0100--IN0020--TM283--X023472--Y073964--Z211681--T2693522995.png,WE00095---H002--PO01--LO001--CO6--SL001--PX32500--PW0100--IN0020--TM283--X023472--Y073964--Z211681--T2693522995,WE00095---H002--PO01--LO001--CO6--SL001--PX32500--PW0100--IN0020--TM283--X023472--Y073964--Z211681--T2693522995,4945.0,6569.0,482.1492782986674,210.70638859646112,38.208874136581564,0.47320574162679424,0.9834210063106398,0.7527782006393667,210.48990474604713,0.5795892348097575,0.29450737868684396,0.08703619965931256,0.07150599367189082,0.005640530568266376,0.03854312471147321,7.999552369764842e-05,209.0,50.0,4.18
WE00095---H002--PO01--LO001--CO6--SL001--PX32500--PW0100--IN0020--TM284--X023472--Y073964--Z209653--T2865887112.png,WE00095---H002--PO01--LO001--CO6--SL001--PX32500--PW0100--IN0020--TM284--X023472--Y073964--Z209653--T2865887112,WE00095---H002--PO01--LO001--CO6--SL001--PX32500--PW0100--IN0020--TM284--X023472--Y073964--Z209653--T2865887112,3099.0,4832.0,323.4213562373095,117.2469820260929,58.13037764563146,0.402729044834308,0.8684400252782857,0.6413493377483444,107.42439201596628,0.3453935866297732,0.0437202763185952,0.011750862587136063,0.0033477827565880766,1.2519480764272944e-05,4.992571206442692e-05,-1.6857166925106287e-05,95.0,81.0,1.1728395061728396
WE00096---H001--PO01--LO001--CO6--SL001--PX32500--PW0100--IN0020--TM253--X014463--Y073964--Z211573--T2931717595.png,WE00096---H001--PO01--LO001--CO6--SL001--PX32500--PW0100--IN0020--TM253--X014463--Y073964--Z211573--T2931717595,WE00096---H001--PO01--LO001--CO6--SL001--PX32500--PW0100--IN0020--TM253--X014463--Y073964--Z211573--T2931717595,4269.0,5884.0,503.4213562373095,243.33247338469906,30.293316197020978,0.4001312212953416,0.9922204207844529,0.7255268524813052,229.10696191953662,0.8803053643963452,0.7283508833354929,0.2376432241014144,0.2088139485926365,0.046512406140690424,0.1768245753586863,0.0005748845785097569,227.0,47.0,4.829787234042553
WE00096---H001--PO01--LO001--CO6--SL001--PX32500--PW0100--IN0020--TM261--X014463--Y073964--Z213070--T2943753570.png,WE00096---H001--PO01--LO001--CO6--SL001--PX32500--PW0100--IN0020--TM261--X014463--Y073964--Z213070--T2943753570,WE00096---H001--PO01--LO001--CO6--SL001--PX32500--PW0100--IN0020--TM261--X014463--Y073964--Z213070--T2943753570,3187.0,5387.0,398.3330444827409,102.92375559394821,75.5241938064314,0.4590895995390377,0.6793787592257643,0.5916094301095229,91.54780172128658,0.31960314001557494,0.009194037381960956,0.0019060429575541323,0.0018519612918795295,3.3764946108596193e-06,-8.411499110930656e-05,-8.402720709374714e-07,89.0,78.0,1.141025641025641
WE00096---H001--PO01--LO001--CO6--SL001--PX32500--PW0100--IN0020--TM274--X014463--Y073964--Z211983--T2849520203.png,WE00096---H001--PO01--LO001--CO6--SL001--PX32500--PW0100--IN0020--TM274--X014463--Y073964--Z211983--T2849520203,WE00096---H001--PO01--LO001--CO6--SL001--PX32500--PW0100--IN0020--TM274--X014463--Y073964--Z211983--T2849520203,4160.0,6300.0,527.3797256769669,250.07576808209785,33.392282052791565,0.3923047906450396,0.9910449521222504,0.6603174603174603,241.67126432408136,0.9563241328507269,0.8515952572869014,0.6349308154064114,0.5737313860215412,0.346272549297578,0.5284279406138443,0.002108532721918438,241.0,44.0,5.4772727272727275
WE00096---H001--PO01--LO001--CO6--SL001--PX32500--PW0100--IN0020--TM281--X014463--Y073964--Z210875--T2857678965.png,WE00096---H001--PO01--LO001--CO6--SL001--PX32500--PW0100--IN0020--TM281--X014463--Y073964--Z210875--T2857678965,WE00096---H001--PO01--LO001--CO6--SL001--PX32500--PW0100--IN0020--TM281--X014463--Y073964--Z210875--T2857678965,3388.0,5960.0,480.03657992645924,216.54077812833862,34.032578679569625,0.32829457364341086,0.9875723969896322,0.5684563758389262,216.6887168266959,0.8863659423702678,0.711717713052958,0.555778938694676,0.49170475896155796,0.2570156678727061,0.41184938793800724,0.0038238652226555286,215.0,48.0,4.479166666666667
WE00096---H001--PO01--LO001--CO6--SL001--PX32500--PW0100--IN0020--TM282--X014463--Y073964--Z203039--T2366432383.png,WE00096---H001--PO01--LO001--CO6--SL001--PX32500--PW0100--IN0020--TM282--X014463--Y073964--Z203039--T2366432383,WE00096---H001--PO01--LO001--CO6--SL001--PX32500--PW0100--IN0020--TM282--X014463--Y073964--Z203039--T2366432383,3436.0,5016.0,342.3330444827409,131.42058307618484,51.240997794093644,0.44879832810867293,0.920856841614141,0.6850079744816587,125.23977004130916,0.36192173877726125,0.0709701559475,0.015190318477104628,0.006211663463099806,5.390882388199601e-05,0.0011827865995382941,-2.710326238883268e-05,116.0,66.0,1.7575757575757576
WE00096---H001--PO01--LO001--CO6--SL001--PX32500--PW0100--IN0020--TM282--X014463--Y073964--Z210337--T2356787357.png,WE00096---H001--PO01--LO001--CO6--SL001--PX32500--PW0100--IN0020--TM282--X014463--Y073964--Z210337--T2356787357,WE00096---H001--PO01--LO001--CO6--SL001--PX32500--PW0100--IN0020--TM282--X014463--Y073964--Z210337--T2356787357,4453.0,5524.0,462.5512985522207,208.2726798552954,32.60913918112025,0.5411350103293231,0.9876669514348493,0.806118754525706,211.53250341259616,0.6237489491949254,0.3527166434407784,0.0936109502048605,0.0820216289386002,0.007187036754841691,0.048690005006424605,3.792374157257725e-05,211.0,39.0,5.410256410256411
WE00096---H001--PO01--LO001--CO6--SL001--PX32500--PW0100--IN0020--TM282--X014463--Y073964--Z224461--T2342263555.png,WE00096---H001--PO01--LO001--CO6--SL001--PX32500--PW0100--IN0020--TM282--X014463--Y073964--Z224461--T2342263555,WE00096---H001--PO01--LO001--CO6--SL001--PX32500--PW0100--IN0020--TM282--X014463--Y073964--Z224461--T2342263555,3653.0,5652.0,385.13203435596427,153.71565257291402,44.347841719578234,0.2668760958503799,0.9574781782992966,0.6463198867657466,157.76247969653622,0.4379146063355731,0.13735630585443614,0.04517078085139158,0.027103686523789035,0.0009404544550137749,0.009040382988741205,0.00012216513229066235,118.0,116.0,1.0172413793103448
WE00096---H001--PO01--LO001--CO6--SL001--PX32500--PW0100--IN0020--TM283--X014463--Y073964--Z212081--T2693603019.png,WE00096---H001--PO01--LO001--CO6--SL001--PX32500--PW0100--IN0020--TM283--X014463--Y073964--Z212081--T2693603019,WE00096---H001--PO01--LO001--CO6--SL001--PX32500--PW0100--IN0020--TM283--X014463--Y073964--Z212081--T2693603019,4403.0,9249.0,509.48737341529164,216.38260710380163,52.79784443063145,0.22096758004617084,0.9697746639067039,0.47605146502324575,182.00274723201295,0.7041938029973789,0.39069278840866856,0.08255573800881263,0.09245099228031403,0.00807467000308322,0.052523035623721,-0.00018682559113560775,162.0,123.0,1.3170731707317074
WE00096---H001--PO01--LO001--CO6--SL001--PX32500--PW0100--IN0020--TM284--X014463--Y073964--Z212053--T2865959803.png,WE00096---H001--PO01--LO001--CO6--SL001--PX32500--PW0100--IN0020--TM284--X014463--Y073964--Z212053--T2865959803,WE00096---H001--PO01--LO001--CO6--SL001--PX32500--PW0100--IN0020--TM284--X014463--Y073964--Z212053--T2865959803,3411.0,5030.0,349.84776310850236,143.60546391648407,43.88146894556263,0.4478728991596639,0.9521697323580685,0.6781312127236581,136.36715146984628,0.4131506996388336,0.11736482106712212,0.015238004641461137,0.008372496518526139,9.247161761671168e-05,0.002015614148690147,-1.9804082678836693e-05,136.0,56.0,2.4285714285714284
WE00096---H001--PO01--LO001--CO6--SL003--PX32500--PW0100--IN0020--TM280--X014463--Y073964--Z211539--T2369086275.png,WE00096---H001--PO01--LO001--CO6--SL003--PX32500--PW0100--IN0020--TM280--X014463--Y073964--Z211539--T2369086275,WE00096---H001--PO01--LO001--CO6--SL003--PX32500--PW0100--IN0020--TM280--X014463--Y073964--Z211539--T2369086275,3734.0,5456.0,352.6761902332486,136.3499523438938,52.7954242311759,0.47337728194726164,0.9219935224761205,0.6843841642228738,128.37834708392222,0.35783788035504727,0.0699749906341861,0.014025269081765082,0.005632805074010733,4.4701277430844666e-05,0.001117820894089431,-2.2547676733150555e-05,116.0,68.0,1.7058823529411764
