mask,stem,CO6,area,convex_area,perimeter,axis_major_length,axis_minor_length,extent,eccentricity,solidity,feret_diameter_max,hu_moment_0,hu_moment_1,hu_moment_2,hu_moment_3,hu_moment_4,hu_moment_5,hu_moment_6,bbox_width,bbox_height,bbox_aspect_ratio
WE00001---A001--PO01--LO001--CO6--SL001--PX32500--PW0100--IN0020--TM250--X014463--Y011163--Z211270--T2936162510.png,WE00001---A001--PO01--LO001--CO6--SL001--PX32500--PW0100--IN0020--TM250--X014463--Y011163--Z211270--T2936162510,WE00001---A001--PO01--LO001--CO6--SL001--PX32500--PW0100--IN0020--TM250--X014463--Y011163--Z211270--T2936162510,3240.0,4890.0,358.8122292025696,142.3773965137383,45.8702082156846,0.38895558223289317,0.9466806790234963,0.6625766871165644,128.15615474880636,0.4316242098723093,0.12281410783671098,0.015333351721925478,0.0030945106146746076,4.734682956259445e-06,-0.0002936426306192128,2.0783558702714566e-05,119.0,70.0,1.7
WE00001---A001--PO01--LO001--CO6--SL001--PX32500--PW0100--IN0020--TM257--X014463--Y011163--Z209973--T2924162000.png,WE00001---A001--PO01--LO001--CO6--SL001--PX32500--PW0100--IN0020--TM257--X014463--Y011163--Z209973--T2924162000,WE00001---A001--PO01--LO001--CO6--SL001--PX32500--PW0100--IN0020--TM257--X014463--Y011163--Z209973--T2924162000,5749.0,7372.0,550.936074863071,270.06914779354304,32.07833470061058,0.5326600574446401,0.9929208088520958,0.7798426478567553,251.9622987670973,0.8041220663060422,0.6111302244741805,0.13139850391053945,0.11831547324283608,0.014752047021476894,0.09229685621843245,7.246727817029159e-05,251.0,43.0,5.837209302325581
WE00001---A001--PO01--LO001--CO6--SL001--PX32500--PW0100--IN0020--TM262--X014463--Y011163--Z214771--T2944093717.png,WE00001---A001--PO01--LO001--CO6--SL001--PX32500--PW0100--IN0020--TM262--X014463--Y011163--Z214771--T2944093717,WE00001---A001--PO01--LO001--CO6--SL001--PX32500--PW0100--IN0020--TM262--X014463--Y011163--Z214771--T2944093717,3368.0,5945.0,408.6761902332485,112.71934215811208,80.14681231202285,0.4376868096166342,0.7031618667709284,0.5665264928511354,96.76776322722355,0.35497998850089374,0.013590357866564387,0.004715024984655964,0.003275341510483673,1.0562080049285422e-05,-8.240332631992483e-05,7.356374064854737e-06,81.0,95.0,0.8526315789473684
WE00001---A001--PO01--LO001--CO6--SL001--PX32500--PW0100--IN0020--TM264--X014463--Y011163--Z215183--T2841906030.png,WE00001---A001--PO01--LO001--CO6--SL001--PX32500--PW0100--IN0020--TM264--X014463--Y011163--Z215183--T2841906030,WE00001---A001--PO01--LO001--CO6--SL001--PX32500--PW0100--IN0020--TM264--X014463--Y011163--Z215183--T2841906030,2458.0,3616.0,316.2558800164656,78.64479417744812,59.887201629654335,0.5017350479689733,0.6481769968689953,0.6797566371681416,75.76938695805846,0.24846116177390287,0.004365667498108041,0.0009067169729177387,0.000793508935053905,4.186552799598843e-07,-2.153959115278929e-05,5.270275271773823e-07,71.0,69.0,1.0289855072463767
WE00001---A001--PO01--LO001--CO6--SL001--PX32500--PW0100--IN0020--TM280--X014463--Y011163--Z211486--T2671858312.png,WE00001---A001--PO01--LO001--CO6--SL001--PX32500--PW0100--IN0020--TM280--X014463--Y011163--Z211486--T2671858312,WE00001---A001--PO01--LO001--CO6--SL001--PX32500--PW0100--IN0020--TM280--X014463--Y011163--Z211486--T2671858312,3250.0,5763.0,382.7766952966369,123.21037448985055,65.84196952907185,0.4425381263616558,0.8452401982800601,0.5639423911157383,105.65036677645753,0.3753069487191623,0.04350137615585241,0.011662693458925956,0.005144487791454926,2.332536270346148e-05,-0.00014554938655790572,-3.230843946201561e-05,102.0,72.0,1.4166666666666667
WE00001---A001--PO01--LO001--CO6--SL001--PX32500--PW0100--IN0020--TM280--X014463--Y011163--Z211881--T2685934452.png,WE00001---A001--PO01--LO001--CO6--SL001--PX32500--PW0100--IN0020--TM280--X014463--Y011163--Z211881--T2685934452,WE00001---A001--PO01--LO001--CO6--SL001--PX32500--PW0100--IN0020--TM280--X014463--Y011163--Z211881--T2685934452,5083.0,6372.0,486.1076477383247,227.47324181979982,34.72350670778447,0.5609756097560976,0.9882805058298739,0.7977087256748274,221.11083193728885,0.6510647951762575,0.38615529878771443,0.07111631591449269,0.057459776983847646,0.0036717600050980015,0.035049746116933345,-9.850872116509029e-05,221.0,41.0,5.390243902439025
WE00001---A001--PO01--LO001--CO6--SL001--PX32500--PW0100--IN0020--TM280--X014463--Y011163--Z212839--T2359620775.png,WE00001---A001--PO01--LO001--CO6--SL001--PX32500--PW0100--IN0020--TM280--X014463--Y011163--Z212839--T2359620775,WE00001---A001--PO01--LO001--CO6--SL001--PX32500--PW0100--IN0020--TM280--X014463--Y011163--Z212839--T2359620775,3179.0,5082.0,365.94826817189073,100.39513635900913,75.22271966480541,0.5039632213062778,0.6622685286868685,0.6255411255411255,88.68483523128404,0.3094062786708466,0.007553811536346301,0.00367167390398424,0.0014259577421293908,1.5608398725461115e-06,-6.131789911675751e-05,-2.8652609382633695e-06,83.0,76.0,1.0921052631578947
WE00001---A001--PO01--LO001--CO6--SL001--PX32500--PW0100--IN0020--TM283--X014463--Y011163--Z213337--T2349132326.png,WE00001---A001--PO01--LO001--CO6--SL001--PX32500--PW0100--IN0020--TM283--X014463--Y011163--Z213337--T2349132326,WE00001---A001--PO01--LO001--CO6--SL001--PX32500--PW0100--IN0020--TM283--X014463--Y011163--Z213337--T2349132326,2862.0,4128.0,322.8355697996826,87.7818429332537,60.16256145598994,0.5489067894131185,0.7282001524906556,0.6933139534883721,81.49233092751734,0.24731799767872525,0.007962374781436174,0.0011978081296883606,0.0007058494684527431,-1.9190260031125523e-07,-3.940250907406022e-05,6.200060506339677e-07,79.0,66.0,1.196969696969697
WE00001---A001--PO01--LO001--CO6--SL001--PX32500--PW0100--IN0020--TM283--X014463--Y011163--Z215577--T2858337118.png,WE00001---A001--PO01--LO001--CO6--SL001--PX32500--PW0100--IN0020--TM283--X014463--Y011163--Z215577--T2858337118,WE00001---A001--PO01--LO001--CO6--SL001--PX32500--PW0100--IN0020--TM283--X014463--Y011163--Z215577--T2858337118,3531.0,7621.0,434.13203435596427,141.2419919056494,75.48921248699507,0.29454454454454454,0.8451892142922495,0.46332502296286576,119.57006314291216,0.45397765292024617,0.06362616089640914,0.028880755493701643,0.01389829977965231,0.00024264645588317822,8.896756744954126e-05,-0.00013659042671162493,111.0,108.0,1.0277777777777777
WE00002---A002--PO01--LO001--CO6--SL001--PX32500--PW0100--IN0020--TM250--X023472--Y011163--Z209870--T2936243413.png,WE00002---A002--PO01--LO001--CO6--SL001--PX32500--PW0100--IN0020--TM250--X023472--Y011163--Z209870--T2936243413,WE00002---A002--PO01--LO001--CO6--SL001--PX32500--PW0100--IN0020--TM250--X023472--Y011163--Z209870--T2936243413,2406.0,2873.0,234.20815280171308,92.47513052852541,37.90517366491974,0.4773809523809524,0.9121323256242084,0.8374521406195614,91.0659101969557,0.25946726820541194,0.03415859424924046,0.003053034275682739,0.0005986400904647573,4.5045694957131924e-07,1.5339498125945843e-05,-6.723615820740634e-07,63.0,80.0,0.7875
WE00002---A002--PO01--LO001--CO6--SL001--PX32500--PW0100--IN0020--TM257--X023472--Y011163--Z211373--T2924245561.png,WE00002---A002--PO01--LO001--CO6--SL001--PX32500--PW0100--IN0020--TM257--X023472--Y011163--Z211373--T2924245561,WE00002---A002--PO01--LO001--CO6--SL001--PX32500--PW0100--IN0020--TM257--X023472--Y011163--Z211373--T2924245561,4289.0,6497.0,545.7056274847714,259.9530634795716,33.071284605989874,0.3122224648758827,0.9918744965542384,0.6601508388486994,243.67396249907375,1.000660192904881,0.9385439105499346,0.6907085488237108,0.6263880160235796,0.412006994178938,0.6056432368112504,0.00249881462757115,241.0,57.0,4.228070175438597
WE00002---A002--PO01--LO001--CO6--SL001--PX32500--PW0100--IN0020--TM258--X023472--Y011163--Z215069--T2923185861.png,WE00002---A002--PO01--LO001--CO6--SL001--PX32500--PW0100--IN0020--TM258--X023472--Y011163--Z215069--T2923185861,WE00002---A002--PO01--LO001--CO6--SL001--PX32500--PW0100--IN0020--TM258--X023472--Y011163--Z215069--T2923185861,4441.0,7039.0,543.6883835420683,274.16632367949694,30.89142214685201,0.24655785032200755,0.9936320068128065,0.6309134820286972,236.54386485385749,1.0712881811836537,1.090830350162676,0.2659726815205061,0.2386569405330511,0.06011927664974298,0.24453506613871012,0.0010471821108023402,228.0,79.0,2.8860759493670884
WE00002---A002--PO01--LO001--CO6--SL001--PX32500--PW0100--IN0020--TM262--X023472--Y011163--Z213971--T2944175794.png,WE00002---A002--PO01--LO001--CO6--SL001--PX32500--PW0100--IN0020--TM262--X023472--Y011163--Z213971--T2944175794,WE00002---A002--PO01--LO001--CO6--SL001--PX32500--PW0100--IN0020--TM262--X023472--Y011163--Z213971--T2944175794,3926.0,5839.0,435.3624817342638,186.16589331168666,38.06311509581592,0.39386035313001605,0.9788753274695137,0.6723754067477308,181.0331461362808,0.5747984679593675,0.2794920426549397,0.09086502250619483,0.07029499269059487,0.005613478858298266,0.03642291804251519,-0.0002263781463254476,178.0,56.0,3.1785714285714284
WE00002---A002--PO01--LO001--CO6--SL001--PX32500--PW0100--IN0020--TM280--X023472--Y011163--Z210886--T2671942769.png,WE00002---A002--PO01--LO001--CO6--SL001--PX32500--PW0100--IN0020--TM280--X023472--Y011163--Z210886--T2671942769,WE00002---A002--PO01--LO001--CO6--SL001--PX32500--PW0100--IN0020--TM280--X023472--Y011163--Z210886--T2671942769,3224.0,5196.0,374.95436482630055,108.38990059518638,65.89045713280389,0.4797619047619048,0.7940119246657303,0.6204772902232486,97.32420048477151,0.31191692951698685,0.020617373551447167,0.004029457360980557,0.002760021230802314,8.14350748272477e-06,-3.251949012396457e-05,-4.289857042358759e-06,96.0,70.0,1.3714285714285714
WE00002---A002--PO01--LO001--CO6--SL001--PX32500--PW0100--IN0020--TM280--X023472--Y011163--Z211039--T2359703072.png,WE00002---A002--PO01--LO001--CO6--SL001--PX32500--PW0100--IN0020--TM280--X023472--Y011163--Z211039--T2359703072,WE00002---A002--PO01--LO001--CO6--SL001--PX32500--PW0100--IN0020--TM280--X023472--Y011163--Z211039--T2359703072,2842.0,3776.0,300.63455967290594,83.56397657729555,56.24148650282633,0.5710267229254571,0.7396105730332867,0.7526483050847458,79.63039620647382,0.22312726481039757,0.007056684908355761,0.0016557205216344696,0.0004285077951954542,9.084361616277116e-08,-9.517453172177227e-06,-3.493180161279649e-07,79.0,63.0,1.253968253968254
WE00002---A002--PO01--LO001--CO6--SL003--PX32500--PW0100--IN0020--TM278--X023472--Y011163--Z215561--T2334557173.png,WE00002---A002--PO01--LO001--CO6--SL003--PX32500--PW0100--IN0020--TM278--X023472--Y011163--Z215561--T2334557173,WE00002---A002--PO01--LO001--CO6--SL003--PX32500--PW0100--IN0020--TM278--X023472--Y011163--Z215561--T2334557173,4087.0,6959.0,412.13203435596427,129.51305338455938,80.6660624769896,0.4851614434947768,0.782348304454471,0.5872970254346889,110.21796586763884,0.3560167089633795,0.024649352269048876,0.012952485124532022,0.004202075210797739,1.3332958942717788e-05,-4.931702641611045e-05,-2.7987123300005627e-05,108.0,78.0,1.3846153846153846
WE00003---A003--PO01--LO001--CO6--SL001--PX32500--PW0100--IN0020--TM263--X032481--Y011163--Z215183--T2842072615.png,WE00003---A003--PO01--LO001--CO6--SL001--PX32500--PW0100--IN0020--TM263--X032481--Y011163--Z215183--T2842072615,WE00003---A003--PO01--LO001--CO6--SL001--PX32500--PW0100--IN0020--TM263--X032481--Y011163--Z215183--T2842072615,2978.0,4960.0,366.63455967290594,97.12738851605873,67.70662236621342,0.4960026648900733,0.7169827223562414,0.6004032258064517,88.60022573334675,0.2941973705547022,0.010358866991336165,0.002164203007657364,0.0017649540559968719,2.4498792778016952e-06,-0.00012381772850309986,-2.428323655935325e-06,76.0,79.0,0.9620253164556962
WE00003---A003--PO01--LO001--CO6--SL001--PX32500--PW0100--IN0020--TM280--X032481--Y011163--Z209086--T2672027112.png,WE00003---A003--PO01--LO001--CO6--SL001--PX32500--PW0100--IN0020--TM280--X032481--Y011163--Z209086--T2672027112,WE00003---A003--PO01--LO001--CO6--SL001--PX32500--PW0100--IN0020--TM280--X032481--Y011163--Z209086--T2672027112,3298.0,3798.0,275.1370849898476,111.97183339453215,41.34432031125439,0.7005097706032285,0.9293346404908505,0.8683517640863613,107.56393447619885,0.26999401712652493,0.042109723662212634,0.0028856547454601846,0.0010611770633667153,1.7899893940620584e-06,0.00019257327817509282,4.942275933585412e-07,107.0,44.0,2.4318181818181817
WE00003---A003--PO01--LO001--CO6--SL001--PX32500--PW0100--IN0020--TM280--X032481--Y011163--Z211681--T2686102348.png,WE00003---A003--PO01--LO001--CO6--SL001--PX32500--PW0100--IN0020--TM280--X032481--Y011163--Z211681--T2686102348,WE00003---A003--PO01--LO001--CO6--SL001--PX32500--PW0100--IN0020--TM280--X032481--Y011163--Z211681--T2686102348,4512.0,6601.0,538.3086578651014,246.2007144460233,34.59089949071788,0.4202682563338301,0.9900808519594038,0.6835327980608998,244.07375934335914,0.8562073653771785,0.6774258014040204,0.4403565443101119,0.39166919943502515,0.1626556515161589,0.3216241032583928,-0.0012192270435775398,244.0,44.0,5.545454545454546
WE00003---A003--PO01--LO001--CO6--SL001--PX32500--PW0100--IN0020--TM280--X032481--Y011163--Z212839--T2359785961.png,WE00003---A003--PO01--LO001--CO6--SL001--PX32500--PW0100--IN0020--TM280--X032481--Y011163--Z212839--T2359785961,WE00003---A003--PO01--LO001--CO6--SL001--PX32500--PW0100--IN0020--TM280--X032481--Y011163--Z212839--T2359785961,3076.0,5086.0,404.43964620053913,102.45161269764849,74.01770052721632,0.45235294117647057,0.691407533903183,0.6047974832874558,89.02246907382428,0.3245886080885413,0.010394389785587738,0.0009851238566772897,0.0015278422104052314,1.3291862219858013e-06,-6.455496897645148e-05,1.3216103415042882e-06,85.0,80.0,1.0625
WE00003---A003--PO01--LO001--CO6--SL001--PX32500--PW0100--IN0020--TM283--X032481--Y011163--Z211577--T2858504317.png,WE00003---A003--PO01--LO001--CO6--SL001--PX32500--PW0100--IN0020--TM283--X032481--Y011163--Z211577--T2858504317,WE00003---A003--PO01--LO001--CO6--SL001--PX32500--PW0100--IN0020--TM283--X032481--Y011163--Z211577--T2858504317,3491.0,4504.0,386.2914139223983,88.82483902454003,69.60166509068137,0.6245080500894454,0.6212866735238278,0.775088809946714,87.13208364316786,0.22798345408068646,0.0029728035175167994,0.0001376539277193745,0.00014153466619145513,7.406795515175474e-10,-3.534959688194008e-06,-1.974163368195942e-08,86.0,65.0,1.323076923076923
WE00003---A003--PO01--LO001--CO6--SL001--PX32500--PW0100--IN0020--TM283--X032481--Y011163--Z213337--T2349297317.png,WE00003---A003--PO01--LO001--CO6--SL001--PX32500--PW0100--IN0020--TM283--X032481--Y011163--Z213337--T2349297317,WE00003---A003--PO01--LO001--CO6--SL001--PX32500--PW0100--IN0020--TM283--X032481--Y011163--Z213337--T2349297317,3190.0,4326.0,316.97770542341357,90.16332812350765,64.45698054224023,0.5519031141868512,0.6992355843500018,0.7374017568192326,86.02325267042627,0.24067649057464816,0.006064464962671873,0.00440346483580559,0.0005177837979416008,-6.6514680285563e-07,-3.847772263719354e-05,-4.1092497013870514e-07,85.0,68.0,1.25
WE00004---A004--PO01--LO001--CO6--SL001--PX32500--PW0100--IN0020--TM263--X041490--Y011163--Z211971--T2944340207.png,WE00004---A004--PO01--LO001--CO6--SL001--PX32500--PW0100--IN0020--TM263--X041490--Y011163--Z211971--T2944340207,WE00004---A004--PO01--LO001--CO6--SL001--PX32500--PW0100--IN0020--TM263--X041490--Y011163--Z211971--T2944340207,3553.0,6529.0,384.6406563273158,124.40595864820568,68.73324119204635,0.360930516050386,0.8335184969675122,0.5441874712819728,113.46365056704283,0.35535288826243816,0.035776291128579406,0.019777975890646327,0.007669052816762742,6.770384584808423e-05,0.00028001289684305707,-6.585632494859763e-05,92.0,107.0,0.8598130841121495
WE00004---A004--PO01--LO001--CO6--SL001--PX32500--PW0100--IN0020--TM263--X041490--Y011163--Z212583--T2842155080.png,WE00004---A004--PO01--LO001--CO6--SL001--PX32500--PW0100--IN0020--TM263--X041490--Y011163--Z212583--T2842155080,WE00004---A004--PO01--LO001--CO6--SL001--PX32500--PW0100--IN0020--TM263--X041490--Y011163--Z212583--T2842155080,2962.0,4532.0,329.6051224213831,97.16197194434137,60.88512710337647,0.4728607918263091,0.7793125994853589,0.6535745807590467,87.36704184073076,0.2774191318050998,0.014635986454591986,0.0025319570135959647,0.0011766645296327166,9.674108826703094e-07,-7.565477271488248e-05,-1.7857840385574485e-06,87.0,72.0,1.2083333333333333
WE00004---A004--PO01--LO001--CO6--SL001--PX32500--PW0100--IN0020--TM276--X041490--Y011163--Z210675--T2850273787.png,WE00004---A004--PO01--LO001--CO6--SL001--PX32500--PW0100--IN0020--TM276--X041490--Y011163--Z210675--T2850273787,WE00004---A004--PO01--LO001--CO6--SL001--PX32500--PW0100--IN0020--TM276--X041490--Y011163--Z210675--T2850273787,4272.0,5557.0,522.2081528017131,252.3554318561646,26.43801742022039,0.46842105263157896,0.9944970056643305,0.7687601223681843,240.53274205396653,0.9419217104462666,0.849106361852919,0.3007040849204389,0.2792666654000769,0.08092782446584566,0.25711143251430946,0.00011614297143359639,240.0,38.0,6.315789473684211
WE00004---A004--PO01--LO001--CO6--SL001--PX32500--PW0100--IN0020--TM280--X041490--Y011163--Z209886--T2672110886.png,WE00004---A004--PO01--LO001--CO6--SL001--PX32500--PW0100--IN0020--TM280--X041490--Y011163--Z209886--T2672110886,WE00004---A004--PO01--LO001--CO6--SL001--PX32500--PW0100--IN0020--TM280--X041490--Y011163--Z209886--T2672110886,3562.0,5125.0,320.8772003600252,119.69020971859167,55.32668427473235,0.5153356481481481,0.8867501491776709,0.6950243902439024,108.77959367454909,0.305074191032362,0.03906715602638425,0.0071674153914276515,0.0028532251834112506,1.0056242125362357e-05,0.00023061025751321837,-8.084263202825773e-06,108.0,64.0,1.6875
WE00004---A004--PO01--LO001--CO6--SL001--PX32500--PW0100--IN0020--TM280--X041490--Y011163--Z211081--T2686185558.png,WE00004---A004--PO01--LO001--CO6--SL001--PX32500--PW0100--IN0020--TM280--X041490--Y011163--Z211081--T2686185558,WE00004---A004--PO01--LO001--CO6--SL001--PX32500--PW0100--IN0020--TM280--X041490--Y011163--Z211081--T2686185558,4987.0,8140.0,566.8183258569795,271.3248017299925,38.32821579959376,0.24828238574131237,0.9899720713269642,0.6126535626535626,252.20031720836514,0.9410241648310603,0.8175814817086136,0.39952032222235184,0.33512069772433845,0.12258080322989531,0.2971619153733304,0.003209942985633929,242.0,83.0,2.9156626506024095
WE00004---A004--PO01--LO001--CO6--SL001--PX32500--PW0100--IN0020--TM283--X041490--Y011163--Z212137--T2349380081.png,WE00004---A004--PO01--LO001--CO6--SL001--PX32500--PW0100--IN0020--TM283--X041490--Y011163--Z212137--T2349380081,WE00004---A004--PO01--LO001--CO6--SL001--PX32500--PW0100--IN0020--TM283--X041490--Y011163--Z212137--T2349380081,1834.0,3493.0,294.9360748630709,95.38508688624003,55.012508723958646,0.34656084656084657,0.8169269228511955,0.5250501002004008,88.25531145489205,0.413191484337486,0.042816989325000374,0.025760411414612147,0.014017325018151103,0.000248123020261723,0.0013737778410094906,-9.687251820901245e-05,84.0,63.0,1.3333333333333333
WE00005---A005--PO01--LO001--CO6--SL001--PX32500--PW0100--IN0020--TM257--X050499--Y011163--Z212573--T2924492292.png,WE00005---A005--PO01--LO001--CO6--SL001--PX32500--PW0100--IN0020--TM257--X050499--Y011163--Z212573--T2924492292,WE00005---A005--PO01--LO001--CO6--SL001--PX32500--PW0100--IN0020--TM257--X050499--Y011163--Z212573--T2924492292,4575.0,6481.0,549.2619766708755,257.0099625737961,32.509324040022236,0.295389979338843,0.9919678160730999,0.705909581854652,245.96747752497686,0.9168166258432138,0.7884388194865544,0.44589289618780203,0.4042583665950618,0.17163051526093037,0.3578586348904147,0.0011229585953040772,242.0,64.0,3.78125
WE00005---A005--PO01--LO001--CO6--SL001--PX32500--PW0100--IN0020--TM264--X050499--Y011163--Z212371--T2944421727.png,WE00005---A005--PO01--LO001--CO6--SL001--PX32500--PW0100--IN0020--TM264--X050499--Y011163--Z212371--T2944421727,WE00005---A005--PO01--LO001--CO6--SL001--PX32500--PW0100--IN0020--TM264--X050499--Y011163--Z212371--T2944421727,3706.0,6551.0,425.5462479183374,120.80796471059492,81.98712832464646,0.4286871023713129,0.7344556860505437,0.5657151579911464,102.7277956543408,0.3594922684234753,0.017627627524421242,0.006191221002273893,0.003162582242540477,5.934713771594821e-06,-0.00013970673983732123,1.2673568899415332e-05,95.0,91.0,1.043956043956044
WE00005---A005--PO01--LO001--CO6--SL001--PX32500--PW0100--IN0020--TM277--X050499--Y011163--Z218061--T2334809624.png,WE00005---A005--PO01--LO001--CO6--SL001--PX32500--PW0100--IN0020--TM277--X050499--Y011163--Z218061--T2334809624,WE00005---A005--PO01--LO001--CO6--SL001--PX32500--PW0100--IN0020--TM277--X050499--Y011163--Z218061--T2334809624,3969.0,5370.0,425.6467529817257,111.83995023708464,67.74049209240479,0.5807726075504829,0.795699673664741,0.7391061452513966,103.0970416646375,0.2692263280731092,0.015551862839453976,0.0010104249129211176,0.0002849827038087324,-8.38482137324242e-08,-3.514662969497802e-05,-1.278892932887195e-07,102.0,67.0,1.5223880597014925
WE00005---A005--PO01--LO001--CO6--SL001--PX32500--PW0100--IN0020--TM280--X050499--Y011163--Z210686--T2672194117.png,WE00005---A005--PO01--LO001--CO6--SL001--PX32500--PW0100--IN0020--TM280--X050499--Y011163--Z210686--T2672194117,WE00005---A005--PO01--LO001--CO6--SL001--PX32500--PW0100--IN0020--TM280--X050499--Y011163--Z210686--T2672194117,3581.0,5975.0,401.747258045114,134.24717646047182,63.657539687638106,0.506649688737974,0.8804270662550053,0.5993305439330544,114.73883387938018,0.3852727371316022,0.05944913973848399,0.008485995597676897,0.00531869742306154,3.3283040189457746e-05,0.00048314183966696094,-1.3001031975024346e-05,114.0,62.0,1.8387096774193548
WE00005---A005--PO01--LO001--CO6--SL001--PX32500--PW0100--IN0020--TM280--X050499--Y011163--Z212639--T2359951129.png,WE00005---A005--PO01--LO001--CO6--SL001--PX32500--PW0100--IN0020--TM280--X050499--Y011163--Z212639--T2359951129,WE00005---A005--PO01--LO001--CO6--SL001--PX32500--PW0100--IN0020--TM280--X050499--Y011163--Z212639--T2359951129,2448.0,2962.0,232.40916292848976,77.9930591633559,47.7313747472182,0.5589041095890411,0.7908615073032841,0.8264686022957461,75.76938695805846,0.213470215811839,0.00943545355595345,0.002378973209098772,0.00019130224628695428,-1.2498554210347078e-07,-1.6283352868877157e-05,3.215292722522211e-08,73.0,60.0,1.2166666666666666
WE00005---A005--PO01--LO001--CO6--SL001--PX32500--PW0100--IN0020--TM282--X050499--Y011163--Z210737--T2349462933.png,WE00005---A005--PO01--LO001--CO6--SL001--PX32500--PW0100--IN0020--TM282--X050499--Y011163--Z210737--T2349462933,WE00005---A005--PO01--LO001--CO6--SL001--PX32500--PW0100--IN0020--TM282--X050499--Y011163--Z210737--T2349462933,2575.0,3233.0,265.4213562373095,81.49840781978817,51.79095644382348,0.5364583333333334,0.7721138120592439,0.7964738632848747,77.62087348130012,0.22631780695452747,0.00923692358817322,0.0011115713557599872,0.00018682962415976877,-6.546864444319623e-08,-1.7739088954137954e-05,5.443158672175631e-08,64.0,75.0,0.8533333333333334
WE00005---A005--PO01--LO001--CO6--SL001--PX32500--PW0100--IN0020--TM283--X050499--Y011163--Z213777--T2858670522.png,WE00005---A005--PO01--LO001--CO6--SL001--PX32500--PW0100--IN0020--TM283--X050499--Y011163--Z213777--T2858670522,WE00005---A005--PO01--LO001--CO6--SL001--PX32500--PW0100--IN0020--TM283--X050499--Y011163--Z213777--T2858670522,3588.0,6937.0,417.5462479183374,128.99611211677453,75.32489156826323,0.42592592592592593,0.8118029431244737,0.51722646677238,112.80514172678478,0.38868861885127637,0.036489182713231025,0.015462770087608164,0.008580632115615341,7.382454175539782e-05,-1.9165905958814285e-05,-6.571777069549524e-05,78.0,108.0,0.7222222222222222
WE00006---A006--PO01--LO001--CO6--SL001--PX32500--PW0100--IN0020--TM250--X059508--Y011163--Z211070--T2936566047.png,WE00006---A006--PO01--LO001--CO6--SL001--PX32500--PW0100--IN0020--TM250--X059508--Y011163--Z211070--T2936566047,WE00006---A006--PO01--LO001--CO6--SL001--PX32500--PW0100--IN0020--TM250--X059508--Y011163--Z211070--T2936566047,3421.0,6363.0,393.50461735799473,139.3208432547046,57.99133759790732,0.3612078977932636,0.9092533718436228,0.5376394782335376,123.40583454602137,0.41605693878976224,0.08595238757380791,0.01614442677941027,0.004052806600166973,2.1960377199159153e-06,-0.0007576308440393091,3.27090949343982e-05,123.0,77.0,1.5974025974025974
WE00006---A006--PO01--LO001--CO6--SL001--PX32500--PW0100--IN0020--TM257--X059508--Y011163--Z210669--T2923513149.png,WE00006---A006--PO01--LO001--CO6--SL001--PX32500--PW0100--IN0020--TM257--X059508--Y011163--Z210669--T2923513149,WE00006---A006--PO01--LO001--CO6--SL001--PX32500--PW0100--IN0020--TM257--X059508--Y011163--Z210669--T2923513149,3241.0,3914.0,351.26197667087547,92.82301371060002,57.28437817604434,0.5778213585309324,0.7868568857845908,0.8280531425651507,89.55445270895244,0.22943558811582665,0.010582971584606075,0.00028418932330399687,4.891982631546258e-05,2.730864236450362e-09,-4.827974837264197e-06,5.0806615523851635e-09,71.0,79.0,0.8987341772151899
WE00006---A006--PO01--LO001--CO6--SL001--PX32500--PW0100--IN0020--TM263--X059508--Y011163--Z215183--T2842318243.png,WE00006---A006--PO01--LO001--CO6--SL001--PX32500--PW0100--IN0020--TM263--X059508--Y011163--Z215183--T2842318243,WE00006---A006--PO01--LO001--CO6--SL001--PX32500--PW0100--IN0020--TM263--X059508--Y011163--Z215183--T2842318243,3016.0,4780.0,336.3919189857866,104.8100681612454,55.98555850840378,0.4247887323943662,0.8453821197587956,0.6309623430962343,103.07764064044152,0.29259642633999516,0.026468029265961854,0.008786655699276818,0.005187482295366356,3.2493821520558424e-05,0.00049183818204879,1.3066170832841786e-05,100.0,71.0,1.408450704225352
WE00006---A006--PO01--LO001--CO6--SL001--PX32500--PW0100--IN0020--TM264--X059508--Y011163--Z212371--T2944504359.png,WE00006---A006--PO01--LO001--CO6--SL001--PX32500--PW0100--IN0020--TM264--X059508--Y011163--Z212371--T2944504359,WE00006---A006--PO01--LO001--CO6--SL001--PX32500--PW0100--IN0020--TM264--X059508--Y011163--Z212371--T2944504359,3185.0,5438.0,381.1614716074871,113.42419071970822,69.51341340771278,0.41363636363636364,0.7901897042716933,0.585693269584406,100.24470060806208,0.34727554324984944,0.024847882543711564,0.005252290757041489,0.0018137419641454271,4.934321289652481e-08,-0.0002266518167071493,-5.597843600728576e-06,100.0,77.0,1.2987012987012987
WE00006---A006--PO01--LO001--CO6--SL001--PX32500--PW0100--IN0020--TM280--X059508--Y011163--Z209239--T2360033346.png,WE00006---A006--PO01--LO001--CO6--SL001--PX32500--PW0100--IN0020--TM280--X059508--Y011163--Z209239--T2360033346,WE00006---A006--PO01--LO001--CO6--SL001--PX32500--PW0100--IN0020--TM280--X059508--Y011163--Z209239--T2360033346,3217.0,4480.0,341.8832970144351,87.91255186910875,65.85805819648913,0.5728276353276354,0.6624213598476043,0.7180803571428571,81.8413098624405,0.23441678204753813,0.004341089812482993,0.0009674063659697279,0.0006176358025441653,1.634233490388426e-08,-2.813604829210559e-05,4.771430264742611e-07,78.0,72.0,1.0833333333333333
WE00006---A006--PO01--LO001--CO6--SL001--PX32500--PW0100--IN0020--TM280--X059508--Y011163--Z210086--T2672277876.png,WE00006---A006--PO01--LO001--CO6--SL001--PX32500--PW0100--IN0020--TM280--X059508--Y011163--Z210086--T2672277876,WE00006---A006--PO01--LO001--CO6--SL001--PX32500--PW0100--IN0020--TM280--X059508--Y011163--Z210086--T2672277876,3057.0,3850.0,302.97770542341357,133.9666995334766,37.47822306979889,0.4469298245614035,0.9600706217094542,0.7940259740259741,118.59595271340417,0.3956430689475467,0.114385061763681,0.007471005069957005,0.0024232117698353315,8.861899592774098e-06,0.0005266871909370481,5.269876718636053e-06,60.0,114.0,0.5263157894736842
WE00007---A007--PO01--LO001--CO6--SL001--PX32500--PW0100--IN0020--TM250--X068517--Y011163--Z212270--T2936646681.png,WE00007---A007--PO01--LO001--CO6--SL001--PX32500--PW0100--IN0020--TM250--X068517--Y011163--Z212270--T2936646681,WE00007---A007--PO01--LO001--CO6--SL001--PX32500--PW0100--IN0020--TM250--X068517--Y011163--Z212270--T2936646681,3143.0,5472.0,360.11984104714446,112.50667600506402,65.10392076919474,0.43423597678916825,0.8155637905747788,0.5743786549707602,95.03683496413377,0.335990149642659,0.02802955418728718,0.008595096641203365,0.0024081783402545463,-1.262147965569689e-06,-0.00029379033706860246,-1.0883217180290469e-05,94.0,77.0,1.2207792207792207
WE00007---A007--PO01--LO001--CO6--SL001--PX32500--PW0100--IN0020--TM257--X068517--Y011163--Z211069--T2923594750.png,WE00007---A007--PO01--LO001--CO6--SL001--PX32500--PW0100--IN0020--TM257--X068517--Y011163--Z211069--T2923594750,WE00007---A007--PO01--LO001--CO6--SL001--PX32500--PW0100--IN0020--TM257--X068517--Y011163--Z211069--T2923594750,3636.0,5290.0,493.65389565666214,235.89167906836244,28.911391910600738,0.14270575768279758,0.9924608399371281,0.6873345935727788,222.79138223908032,0.9708600253695624,0.8875979503237057,0.2956737484132892,0.24781728474609832,0.06706537028746441,0.22831487055302555,-0.0014780643168130492,171.0,149.0,1.1476510067114094
WE00007---A007--PO01--LO001--CO6--SL001--PX32500--PW0100--IN0020--TM280--X068517--Y011163--Z209886--T2672360923.png,WE00007---A007--PO01--LO001--CO6--SL001--PX32500--PW0100--IN0020--TM280--X068517--Y011163--Z209886--T2672360923,WE00007---A007--PO01--LO001--CO6--SL001--PX32500--PW0100--IN0020--TM280--X068517--Y011163--Z209886--T2672360923,3286.0,3906.0,289.0782104868019,106.86917472575655,44.53790102883077,0.6448194662480377,0.9090204026440728,0.8412698412698413,98.73196037757987,0.25495749267000556,0.032220276483290955,0.0013125137735983227,0.0001342228786684582,-5.494180402758151e-08,-2.3013908949765262e-05,-1.2459017324604568e-08,52.0,98.0,0.5306122448979592
WE00007---A007--PO01--LO001--CO6--SL001--PX32500--PW0100--IN0020--TM280--X068517--Y011163--Z211281--T2686433996.png,WE00007---A007--PO01--LO001--CO6--SL001--PX32500--PW0100--IN0020--TM280--X068517--Y011163--Z211281--T2686433996,WE00007---A007--PO01--LO001--CO6--SL001--PX32500--PW0100--IN0020--TM280--X068517--Y011163--Z211281--T2686433996,4651.0,7586.0,567.0782104868019,271.78703172753524,34.13812108310637,0.3965046888320546,0.9920801865543776,0.6131030846295809,255.15877409957903,1.0082993163613883,0.9544856043467949,0.6370574888348373,0.5738864142898912,0.34699018907240453,0.5593382054277236,0.0024733583794131764,255.0,46.0,5.543478260869565
WE00007---A007--PO01--LO001--CO6--SL001--PX32500--PW0100--IN0020--TM281--X068517--Y011163--Z210839--T2360114913.png,WE00007---A007--PO01--LO001--CO6--SL001--PX32500--PW0100--IN0020--TM281--X068517--Y011163--Z210839--T2360114913,WE00007---A007--PO01--LO001--CO6--SL001--PX32500--PW0100--IN0020--TM281--X068517--Y011163--Z210839--T2360114913,3936.0,5822.0,402.47518010647184,104.67337804916765,73.64862422684625,0.5425971877584781,0.710592137700984,0.676056338028169,95.13148795220224,0.26010918322426285,0.007717495897299512,0.0002989068522652437,0.0010269766282394233,3.561450236509681e-07,-1.2052894252346976e-05,4.4375276636292356e-07,93.0,78.0,1.1923076923076923
WE00007---A007--PO01--LO001--CO6--SL001--PX32500--PW0100--IN0020--TM282--X068517--Y011163--Z213537--T2349627203.png,WE00007---A007--PO01--LO001--CO6--SL001--PX32500--PW0100--IN0020--TM282--X068517--Y011163--Z213537--T2349627203,WE00007---A007--PO01--LO001--CO6--SL001--PX32500--PW0100--IN0020--TM282--X068517--Y011163--Z213537--T2349627203,3334.0,5633.0,351.5695885154503,103.0995645133141,70.32920135413123,0.44572192513368986,0.731213772986825,0.5918693413811468,98.73702446397704,0.2919862921030472,0.01135098682094785,0.008392597929787382,0.003275920251759442,3.6525944940458195e-06,-0.00012017294745865332,-1.678419109052288e-05,88.0,85.0,1.035294117647059
WE00007---A007--PO01--LO001--CO6--SL001--PX32500--PW0100--IN0020--TM283--X068517--Y011163--Z211977--T2858836127.png,WE00007---A007--PO01--LO001--CO6--SL001--PX32500--PW0100--IN0020--TM283--X068517--Y011163--Z211977--T2858836127,WE00007---A007--PO01--LO001--CO6--SL001--PX32500--PW0100--IN0020--TM283--X068517--Y011163--Z211977--T2858836127,4487.0,7615.0,444.75945135393374,177.4181463839805,59.69870486033622,0.3893951227978825,0.9416885038855382,0.5892317793827971,169.85287751463028,0.4880924619502044,0.1511712207618047,0.035084466991818296,0.018389458399458117,0.0004621836851617335,0.004275723981445122,-6.759909893288954e-05,167.0,69.0,2.420289855072464
WE00008---A008--PO01--LO001--CO6--SL001--PX32500--PW0100--IN0020--TM250--X077526--Y011163--Z211870--T2936727156.png,WE00008---A008--PO01--LO001--CO6--SL001--PX32500--PW0100--IN0020--TM250--X077526--Y011163--Z211870--T2936727156,WE00008---A008--PO01--LO001--CO6--SL001--PX32500--PW0100--IN0020--TM250--X077526--Y011163--Z211870--T2936727156,3908.0,7827.0,445.0609665440988,142.85164138743875,84.73530574885456,0.3510600071864894,0.8050772452420274,0.4992973042033985,125.686116973992,0.441188963143508,0.04474474852274851,0.028237285188426293,0.006357589890012968,-2.832525823304165e-05,-0.0012503702176398204,-8.033513000879076e-05,121.0,92.0,1.315217391304348
WE00008---A008--PO01--LO001--CO6--SL001--PX32500--PW0100--IN0020--TM257--X077526--Y011163--Z210373--T2924736297.png,WE00008---A008--PO01--LO001--CO6--SL001--PX32500--PW0100--IN0020--TM257--X077526--Y011163--Z210373--T2924736297,WE00008---A008--PO01--LO001--CO6--SL001--PX32500--PW0100--IN0020--TM257--X077526--Y011163--Z210373--T2924736297,4837.0,6817.0,550.214249456123,262.1033545873922,33.473632379419705,0.3735712079085573,0.9918113497347266,0.7095496552735807,251.88290930509754,0.902143019312549,0.76245544935451,0.34883179790666974,0.31057707321129496,0.10221983944499144,0.2693752358922016,-0.0011383473863229195,249.0,52.0,4.788461538461538
WE00008---A008--PO01--LO001--CO6--SL001--PX32500--PW0100--IN0020--TM263--X077526--Y011163--Z215183--T2842482130.png,WE00008---A008--PO01--LO001--CO6--SL001--PX32500--PW0100--IN0020--TM263--X077526--Y011163--Z215183--T2842482130,WE00008---A008--PO01--LO001--CO6--SL001--PX32500--PW0100--IN0020--TM263--X077526--Y011163--Z215183--T2842482130,3778.0,7104.0,426.7766952966369,147.23543828409146,68.71093769212392,0.34115947263861296,0.8844294554198369,0.5318130630630631,129.84991336154215,0.4367302019130399,0.07869340435315975,0.023581071866155788,0.006071103605072166,4.182412660727404e-05,-0.0005224818681402212,-5.939269229379288e-05,113.0,98.0,1.153061224489796
WE00008---A008--PO01--LO001--CO6--SL001--PX32500--PW0100--IN0020--TM276--X077526--Y011163--Z211075--T2850602556.png,WE00008---A008--PO01--LO001--CO6--SL001--PX32500--PW0100--IN0020--TM276--X077526--Y011163--Z211075--T2850602556,WE00008---A008--PO01--LO001--CO6--SL001--PX32500--PW0100--IN0020--TM276--X077526--Y011163--Z211075--T2850602556,4168.0,9062.0,556.6467529817256,264.6770862262886,40.899296656962655,0.32767295597484275,0.987988837359556,0.45994261752372545,240.0749882849107,1.07555650852136,1.0514246270742598,0.7635493044218318,0.7249400933511437,0.5392823927353256,0.7319392802893355,-0.008620626884043137,240.0,53.0,4.528301886792453
WE00008---A008--PO01--LO001--CO6--SL001--PX32500--PW0100--IN0020--TM284--X077526--Y011163--Z211777--T2858918394.png,WE00008---A008--PO01--LO001--CO6--SL001--PX32500--PW0100--IN0020--TM284--X077526--Y011163--Z211777--T2858918394,WE00008---A008--PO01--LO001--CO6--SL001--PX32500--PW0100--IN0020--TM284--X077526--Y011163--Z211777--T2858918394,3597.0,7645.0,435.9310242291876,169.98663245576705,69.05945950514234,0.3306978027029512,0.9137557186006506,0.47050359712230216,149.40548852033515,0.5849434278703508,0.1757351644434069,0.09281178354872802,0.0259937713651594,0.000797823436469223,-4.385314072839373e-05,0.0009967776004451527,149.0,73.0,2.041095890410959
WE00009---A009--PO01--LO001--CO6--SL001--PX32500--PW0100--IN0020--TM257--X086535--Y011163--Z211269--T2923757522.png,WE00009---A009--PO01--LO001--CO6--SL001--PX32500--PW0100--IN0020--TM257--X086535--Y011163--Z211269--T2923757522,WE00009---A009--PO01--LO001--CO6--SL001--PX32500--PW0100--IN0020--TM257--X086535--Y011163--Z211269--T2923757522,3639.0,6101.0,498.71782079359116,230.01852040712578,35.61380339412818,0.23840408805031446,0.9879411028991495,0.5964595967874119,217.81643647805828,0.9304902226311994,0.7866315544604515,0.5502197323454009,0.48139703792534083,0.24771800655557744,0.4230871195563214,0.004306722899533488,212.0,72.0,2.9444444444444446
WE00009---A009--PO01--LO001--CO6--SL001--PX32500--PW0100--IN0020--TM265--X086535--Y011163--Z211371--T2944749426.png,WE00009---A009--PO01--LO001--CO6--SL001--PX32500--PW0100--IN0020--TM265--X086535--Y011163--Z211371--T2944749426,WE00009---A009--PO01--LO001--CO6--SL001--PX32500--PW0100--IN0020--TM265--X086535--Y011163--Z211371--T2944749426,4042.0,5417.0,443.76450198781714,203.42263925636414,33.62067949464361,0.38910281093569504,0.9862475195603262,0.7461694664943695,198.75864761061342,0.6573342443670585,0.3873541834963083,0.14601278696731784,0.1220077779816218,0.016283732692734743,0.07573286631637634,-0.00016670515940163822,196.0,53.0,3.69811320754717
WE00009---A009--PO01--LO001--CO6--SL001--PX32500--PW0100--IN0020--TM279--X086535--Y011163--Z211286--T2672526699.png,WE00009---A009--PO01--LO001--CO6--SL001--PX32500--PW0100--IN0020--TM279--X086535--Y011163--Z211286--T2672526699,WE00009---A009--PO01--LO001--CO6--SL001--PX32500--PW0100--IN0020--TM279--X086535--Y011163--Z211286--T2672526699,4256.0,7456.0,428.78888860545663,128.49398031512268,73.37822443340345,0.4586206896551724,0.8209058767442365,0.5708154506437768,116.84177335182824,0.3215323484231388,0.026696933783069726,0.006436288051237913,0.004463553391047722,1.655268837354858e-05,8.944369332390938e-05,1.727366716239701e-05,116.0,80.0,1.45
WE00009---A009--PO01--LO001--CO6--SL001--PX32500--PW0100--IN0020--TM282--X086535--Y011163--Z209737--T2349791364.png,WE00009---A009--PO01--LO001--CO6--SL001--PX32500--PW0100--IN0020--TM282--X086535--Y011163--Z209737--T2349791364,WE00009---A009--PO01--LO001--CO6--SL001--PX32500--PW0100--IN0020--TM282--X086535--Y011163--Z209737--T2349791364,3784.0,5267.0,326.3919189857867,97.57489596442211,68.16365736189381,0.4673913043478261,0.7155340943027304,0.7184355420543004,93.74433316206373,0.23399749781014562,0.0064823353643003725,0.0044866731469119054,0.0008735961869551955,-3.419365519563569e-07,-4.9665181928225936e-05,1.695392676034001e-06,88.0,92.0,0.9565217391304348
WE00009---A009--PO01--LO001--CO6--SL001--PX32500--PW0100--IN0020--TM283--X086535--Y011163--Z211977--T2859000618.png,WE00009---A009--PO01--LO001--CO6--SL001--PX32500--PW0100--IN0020--TM283--X086535--Y011163--Z211977--T2859000618,WE00009---A009--PO01--LO001--CO6--SL001--PX32500--PW0100--IN0020--TM283--X086535--Y011163--Z211977--T2859000618,2878.0,4627.0,372.50461735799473,98.52337619477562,66.16094080918407,0.4850016852039097,0.7409816172523956,0.6220012967365464,86.57944328765345,0.30585749100012255,0.013395697572361302,0.0019118949603137874,0.0017793405735938355,1.7184780483510728e-06,-6.679763348319218e-05,-2.7959734160772394e-06,86.0,69.0,1.2463768115942029
WE00010---A010--PO01--LO001--CO6--SL001--PX32500--PW0100--IN0020--TM250--X095544--Y011163--Z216670--T2936887610.png,WE00010---A010--PO01--LO001--CO6--SL001--PX32500--PW0100--IN0020--TM250--X095544--Y011163--Z216670--T2936887610,WE00010---A010--PO01--LO001--CO6--SL001--PX32500--PW0100--IN0020--TM250--X095544--Y011163--Z216670--T2936887610,3807.0,6332.0,388.19090885901,145.2682513126014,52.33561925784634,0.3264448636597496,0.932848534531151,0.6012318382817435,138.40520221436765,0.39141518719666696,0.09089116085141528,0.01819296205360003,0.011426891959508478,0.0001609775410433389,0.0021787119948619054,-3.508706275757436e-05,98.0,119.0,0.8235294117647058
WE00010---A010--PO01--LO001--CO6--SL001--PX32500--PW0100--IN0020--TM257--X095544--Y011163--Z216469--T2923838675.png,WE00010---A010--PO01--LO001--CO6--SL001--PX32500--PW0100--IN0020--TM257--X095544--Y011163--Z216469--T2923838675,WE00010---A010--PO01--LO001--CO6--SL001--PX32500--PW0100--IN0020--TM257--X095544--Y011163--Z216469--T2923838675,4480.0,6924.0,532.6934341759516,257.6543386554223,33.56244141250094,0.42248208223311956,0.9914796724246813,0.6470248411322935,241.25090673404733,0.9418554087825138,0.8288751223282083,0.3902478040357656,0.3388036780550917,0.12317491059266843,0.30411314918505505,0.002214128276537556,241.0,44.0,5.4772727272727275
WE00010---A010--PO01--LO001--CO6--SL001--PX32500--PW0100--IN0020--TM276--X095544--Y011163--Z213075--T2850766154.png,WE00010---A010--PO01--LO001--CO6--SL001--PX32500--PW0100--IN0020--TM276--X095544--Y011163--Z213075--T2850766154,WE00010---A010--PO01--LO001--CO6--SL001--PX32500--PW0100--IN0020--TM276--X095544--Y011163--Z213075--T2850766154,4592.0,6846.0,550.3229432149742,280.9720722683117,26.608336263472754,0.14494949494949494,0.9955057611922288,0.6707566462167689,247.38633753705963,1.0841314916357172,1.1339241503799253,0.23163144840437327,0.21524428683509028,0.048060471652252884,0.22763994584205546,-0.00029502053475210024,192.0,165.0,1.1636363636363636
WE00010---A010--PO01--LO001--CO6--SL001--PX32500--PW0100--IN0020--TM277--X095544--Y011163--Z214661--T2335227386.png,WE00010---A010--PO01--LO001--CO6--SL001--PX32500--PW0100--IN0020--TM277--X095544--Y011163--Z214661--T2335227386,WE00010---A010--PO01--LO001--CO6--SL001--PX32500--PW0100--IN0020--TM277--X095544--Y011163--Z214661--T2335227386,3261.0,6823.0,406.9188309203678,137.00302957905907,78.20104022177067,0.31057142857142855,0.82109059710318,0.4779422541404074,115.48592987892508,0.47694788419211,0.05882249421627633,0.04383902903514014,0.015624878799667119,0.0002612335519722707,-0.00018847874460488844,-0.0003146200310873339,100.0,105.0,0.9523809523809523
WE00010---A010--PO01--LO001--CO6--SL001--PX32500--PW0100--IN0020--TM279--X095544--Y011163--Z210486--T2672608767.png,WE00010---A010--PO01--LO001--CO6--SL001--PX32500--PW0100--IN0020--TM279--X095544--Y011163--Z210486--T2672608767,WE00010---A010--PO01--LO001--CO6--SL001--PX32500--PW0100--IN0020--TM279--X095544--Y011163--Z210486--T2672608767,3432.0,6563.0,406.13203435596427,123.29818861212458,71.23509696763026,0.41225225225225226,0.8162162589393412,0.5229315861648637,114.84337159801605,0.3692614065235054,0.03401834868511612,0.02020878048462548,0.009729588600849777,9.947013992296032e-05,0.00037535957277963104,-9.337557585581893e-05,111.0,75.0,1.48
WE00010---A010--PO01--LO001--CO6--SL001--PX32500--PW0100--IN0020--TM281--X095544--Y011163--Z214239--T2360358935.png,WE00010---A010--PO01--LO001--CO6--SL001--PX32500--PW0100--IN0020--TM281--X095544--Y011163--Z214239--T2360358935,WE00010---A010--PO01--LO001--CO6--SL001--PX32500--PW0100--IN0020--TM281--X095544--Y011163--Z214239--T2360358935,3604.0,6859.0,433.3868683519033,174.80037668671287,54.847019151274054,0.21358302714234917,0.9494991986848008,0.5254410263886864,170.03823099526764,0.5820506242993363,0.2282119264251482,0.13433333819615179,0.07748982262885774,0.0076997349062453025,0.029207931545766688,-0.0017943023886083606,143.0,118.0,1.2118644067796611
WE00010---A010--PO01--LO001--CO6--SL001--PX32500--PW0100--IN0020--TM282--X095544--Y011163--Z213937--T2349872895.png,WE00010---A010--PO01--LO001--CO6--SL001--PX32500--PW0100--IN0020--TM282--X095544--Y011163--Z213937--T2349872895,WE00010---A010--PO01--LO001--CO6--SL001--PX32500--PW0100--IN0020--TM282--X095544--Y011163--Z213937--T2349872895,2607.0,3402.0,343.4629867976521,79.13101373400464,57.95080348493054,0.5871621621621622,0.6809391911329616,0.7663139329805997,77.79460135510689,0.2306293862466501,0.004845049429849898,0.00011987619685087,3.387143706601771e-05,5.227401658084174e-10,-2.345542816049664e-06,2.094065675280601e-09,74.0,60.0,1.2333333333333334
WE00010---A010--PO01--LO001--CO6--SL001--PX32500--PW0100--IN0020--TM283--X095544--Y011163--Z211777--T2859082614.png,WE00010---A010--PO01--LO001--CO6--SL001--PX32500--PW0100--IN0020--TM283--X095544--Y011163--Z211777--T2859082614,WE00010---A010--PO01--LO001--CO6--SL001--PX32500--PW0100--IN0020--TM283--X095544--Y011163--Z211777--T2859082614,3388.0,5845.0,372.048773235279,129.18231315569813,54.48686214029355,0.3532110091743119,0.9066969568591314,0.5796407185628742,121.07848694132248,0.3626196904175069,0.06405220590308323,0.01380348609366142,0.00947314228681529,0.00010536127909704758,0.0012488063573187172,2.517286427891933e-05,109.0,88.0,1.2386363636363635
WE00011---A011--PO01--LO001--CO6--SL001--PX32500--PW0100--IN0020--TM250--X104554--Y011163--Z211870--T2936967978.png,WE00011---A011--PO01--LO001--CO6--SL001--PX32500--PW0100--IN0020--TM250--X104554--Y011163--Z211870--T2936967978,WE00011---A011--PO01--LO001--CO6--SL001--PX32500--PW0100--IN0020--TM250--X104554--Y011163--Z211870--T2936967978,3423.0,6732.0,413.4041122946064,147.9318318358378,65.84967706870206,0.3632215619694397,0.8954633350415822,0.5084670231729055,127.09445306542689,0.47874683830629106,0.10265592248777475,0.03678615211545583,0.008033233879110823,1.889332087402195e-05,-0.0012891836994596718,0.00013679640972297658,124.0,76.0,1.631578947368421
WE00011---A011--PO01--LO001--CO6--SL001--PX32500--PW0100--IN0020--TM263--X104554--Y011163--Z214783--T2842726537.png,WE00011---A011--PO01--LO001--CO6--SL001--PX32500--PW0100--IN0020--TM263--X104554--Y011163--Z214783--T2842726537,WE00011---A011--PO01--LO001--CO6--SL001--PX32500--PW0100--IN0020--TM263--X104554--Y011163--Z214783--T2842726537,2454.0,5028.0,348.8772003600252,111.94533655076957,59.04514972909592,0.3272,0.8495883925596842,0.4880668257756563,101.78899744078434,0.40795864104514123,0.05307246072018118,0.02613220832266813,0.01153215438248923,0.00015748084069213092,-3.4581240267078856e-05,-0.00012360386438841177,100.0,75.0,1.3333333333333333
WE00011---A011--PO01--LO001--CO6--SL001--PX32500--PW0100--IN0020--TM277--X104554--Y011163--Z215275--T2850848202.png,WE00011---A011--PO01--LO001--CO6--SL001--PX32500--PW0100--IN0020--TM277--X104554--Y011163--Z215275--T2850848202,WE00011---A011--PO01--LO001--CO6--SL001--PX32500--PW0100--IN0020--TM277--X104554--Y011163--Z215275--T2850848202,4667.0,6925.0,541.9898987322333,271.19054167669975,28.84230833527551,0.2636723163841808,0.9943282862437661,0.6739350180505416,243.50770008359078,0.996038523743959,0.9482039584296149,0.3146130868399603,0.2894088929308237,0.0873274846840376,0.28114870038919376,-0.00042933702484697356,236.0,75.0,3.1466666666666665
WE00011---A011--PO01--LO001--CO6--SL001--PX32500--PW0100--IN0020--TM282--X104554--Y011163--Z214537--T2349954322.png,WE00011---A011--PO01--LO001--CO6--SL001--PX32500--PW0100--IN0020--TM282--X104554--Y011163--Z214537--T2349954322,WE00011---A011--PO01--LO001--CO6--SL001--PX32500--PW0100--IN0020--TM282--X104554--Y011163--Z214537--T2349954322,2477.0,3901.0,321.56349186104046,99.09819316122443,54.430247065955164,0.38296227581941866,0.8356543426043538,0.6349653934888491,93.86160024205851,0.32254500614352716,0.029941783356216195,0.013208192071476891,0.002244586202388217,2.4204793094480632e-06,-0.00012764996289289847,-1.1979459464290682e-05,84.0,77.0,1.0909090909090908
WE00011---A011--PO01--LO001--CO6--SL001--PX32500--PW0100--IN0020--TM283--X104554--Y011163--Z214377--T2859164789.png,WE00011---A011--PO01--LO001--CO6--SL001--PX32500--PW0100--IN0020--TM283--X104554--Y011163--Z214377--T2859164789,WE00011---A011--PO01--LO001--CO6--SL001--PX32500--PW0100--IN0020--TM283--X104554--Y011163--Z214377--T2859164789,3158.0,5145.0,380.50461735799473,107.50155130040496,69.27112623535449,0.5047953964194374,0.7647111139407743,0.6137998056365404,93.94147114027967,0.3236833530301618,0.017888928041263207,0.006184023165989146,0.0033044840995925997,1.0854178268044298e-05,-1.1391782709033383e-05,-1.0263002385741817e-05,68.0,92.0,0.7391304347826086
WE00012---A012--PO01--LO001--CO6--SL001--PX32500--PW0100--IN0020--TM250--X113563--Y011163--Z210670--T2937049129.png,WE00012---A012--PO01--LO001--CO6--SL001--PX32500--PW0100--IN0020--TM250--X113563--Y011163--Z210670--T2937049129,WE00012---A012--PO01--LO001--CO6--SL001--PX32500--PW0100--IN0020--TM250--X113563--Y011163--Z210670--T2937049129,3334.0,5550.0,383.1614716074871,132.83802647852593,56.021704180329486,0.4635706340378198,0.9067217292406635,0.6007207207207207,118.66338946785567,0.3896290607749306,0.07396301346839168,0.011989228490679512,0.00552329945327147,4.0317228707974475e-05,0.0007082313494900596,-1.9866726726940686e-05,116.0,62.0,1.8709677419354838
WE00012---A012--PO01--LO001--CO6--SL001--PX32500--PW0100--IN0020--TM263--X113563--Y011163--Z210383--T2842807722.png,WE00012---A012--PO01--LO001--CO6--SL001--PX32500--PW0100--IN0020--TM263--X113563--Y011163--Z210383--T2842807722,WE00012---A012--PO01--LO001--CO6--SL001--PX32500--PW0100--IN0020--TM263--X113563--Y011163--Z210383--T2842807722,2735.0,3345.0,314.49242404917493,78.7238456336189,55.56903867572961,0.6058927780239256,0.7083383932946652,0.8176382660687593,76.89603370785778,0.21218834393717068,0.005049329427497403,0.0005595542277638949,0.00012190299384726367,2.58330626821765e-08,-2.118419287867083e-06,-1.860904363161746e-08,61.0,74.0,0.8243243243243243
WE00012---A012--PO01--LO001--CO6--SL001--PX32500--PW0100--IN0020--TM266--X113563--Y011163--Z216571--T2944994317.png,WE00012---A012--PO01--LO001--CO6--SL001--PX32500--PW0100--IN0020--TM266--X113563--Y011163--Z216571--T2944994317,WE00012---A012--PO01--LO001--CO6--SL001--PX32500--PW0100--IN0020--TM266--X113563--Y011163--Z216571--T2944994317,4743.0,5746.0,437.22748878546923,206.30436603916894,35.041730220084766,0.2413003663003663,0.9854691472276829,0.8254437869822485,192.62658175859323,0.5770268593669698,0.29666040821781287,0.05051175537335779,0.04003376292473101,0.0018002253910291731,0.021796586796038644,-1.1568707882363399e-05,156.0,126.0,1.2380952380952381
WE00012---A012--PO01--LO001--CO6--SL001--PX32500--PW0100--IN0020--TM278--X113563--Y011163--Z213461--T2335393208.png,WE00012---A012--PO01--LO001--CO6--SL001--PX32500--PW0100--IN0020--TM278--X113563--Y011163--Z213461--T2335393208,WE00012---A012--PO01--LO001--CO6--SL001--PX32500--PW0100--IN0020--TM278--X113563--Y011163--Z213461--T2335393208,3589.0,6532.0,430.0904037956216,182.64741631768064,53.23054790278474,0.2347592883307169,0.9565894693505019,0.5494488671157379,171.14321488157222,0.6302864641535736,0.28259835740054967,0.13055417886045595,0.05917911230248008,0.004943615759547887,0.021507558085534402,-0.0016182365876109487,147.0,104.0,1.4134615384615385
WE00012---A012--PO01--LO001--CO6--SL001--PX32500--PW0100--IN0020--TM279--X113563--Y011163--Z211686--T2672773718.png,WE00012---A012--PO01--LO001--CO6--SL001--PX32500--PW0100--IN0020--TM279--X113563--Y011163--Z211686--T2672773718,WE00012---A012--PO01--LO001--CO6--SL001--PX32500--PW0100--IN0020--TM279--X113563--Y011163--Z211686--T2672773718,3655.0,6435.0,402.9249275747777,117.6432093508655,74.26197374128529,0.4195362718089991,0.7755815109771184,0.567987567987568,102.69371937952194,0.3309638414897899,0.020265742336801108,0.007389693659743067,0.0038310990144686825,1.1815051228903577e-05,-8.053384856601205e-05,1.6611110628821758e-05,99.0,88.0,1.125
WE00012---A012--PO01--LO001--CO6--SL001--PX32500--PW0100--IN0020--TM280--X113563--Y011163--Z211281--T2686845508.png,WE00012---A012--PO01--LO001--CO6--SL001--PX32500--PW0100--IN0020--TM280--X113563--Y011163--Z211281--T2686845508,WE00012---A012--PO01--LO001--CO6--SL001--PX32500--PW0100--IN0020--TM280--X113563--Y011163--Z211281--T2686845508,5116.0,6641.0,503.9005409571382,229.64850940071116,33.687374449510074,0.5030481809242872,0.9891823614411493,0.7703659087486824,226.37358503146962,0.6581469540078924,0.39742843916013887,0.060867935114346246,0.049040976649092315,0.0026785407639275446,0.030154159807779517,6.672005412136753e-05,226.0,45.0,5.022222222222222
WE00012---A012--PO01--LO001--CO6--SL001--PX32500--PW0100--IN0020--TM282--X113563--Y011163--Z213137--T2350035928.png,WE00012---A012--PO01--LO001--CO6--SL001--PX32500--PW0100--IN0020--TM282--X113563--Y011163--Z213137--T2350035928,WE00012---A012--PO01--LO001--CO6--SL001--PX32500--PW0100--IN0020--TM282--X113563--Y011163--Z213137--T2350035928,3500.0,5989.0,420.2081528017131,127.39777608871832,73.14648945093494,0.3995433789954338,0.8187443168556913,0.5844047420270496,127.81236246936366,0.38536789770262403,0.03774544302177423,0.027727613863923695,0.011062301886786,0.00017696657139616164,0.001827849444086535,-7.886013702183823e-05,120.0,73.0,1.643835616438356
WE00012---A012--PO01--LO001--CO6--SL001--PX32500--PW0100--IN0020--TM283--X113563--Y011163--Z210377--T2859246319.png,WE00012---A012--PO01--LO001--CO6--SL001--PX32500--PW0100--IN0020--TM283--X113563--Y011163--Z210377--T2859246319,WE00012---A012--PO01--LO001--CO6--SL001--PX32500--PW0100--IN0020--TM283--X113563--Y011163--Z210377--T2859246319,2817.0,5107.0,364.8772003600252,100.72668322202252,67.72058342150386,0.44125939849624063,0.7402604635174206,0.5515958488349324,88.72992730753249,0.32685352617719504,0.015216076886774904,0.004133552045150195,0.003663188392405074,1.1155172806074016e-05,-0.00016271931911486815,8.874208602413804e-06,76.0,84.0,0.9047619047619048
WE00013---B012--PO01--LO001--CO6--SL001--PX32500--PW0100--IN0020--TM250--X113563--Y020134--Z211070--T2937130342.png,WE00013---B012--PO01--LO001--CO6--SL001--PX32500--PW0100--IN0020--TM250--X113563--Y020134--Z211070--T2937130342,WE00013---B012--PO01--LO001--CO6--SL001--PX32500--PW0100--IN0020--TM250--X113563--Y020134--Z211070--T2937130342,2576.0,4856.0,343.56349186104046,127.89923743234105,47.852005394233245,0.32,0.9273729131323089,0.5304777594728172,119.64113005150027,0.452446364422168,0.11650854131995869,0.03456421224059468,0.01742795991686362,0.0003976597091688661,0.0027209891090155367,0.0001575786778608256,115.0,70.0,1.6428571428571428
WE00013---B012--PO01--LO001--CO6--SL001--PX32500--PW0100--IN0020--TM257--X113563--Y020134--Z211773--T2925140647.png,WE00013---B012--PO01--LO001--CO6--SL001--PX32500--PW0100--IN0020--TM257--X113563--Y020134--Z211773--T2925140647,WE00013---B012--PO01--LO001--CO6--SL001--PX32500--PW0100--IN0020--TM257--X113563--Y020134--Z211773--T2925140647,4479.0,5991.0,518.936074863071,246.06974076710932,29.681616167853118,0.4518765133171913,0.9926984159258512,0.7476214321482223,237.53947040439405,0.8572130450369523,0.6932662724177203,0.24387833318113655,0.22170551695886898,0.051551309045325185,0.18395223188614124,0.0003777889552586365,236.0,42.0,5.619047619047619
WE00013---B012--PO01--LO001--CO6--SL001--PX32500--PW0100--IN0020--TM278--X113563--Y020134--Z212261--T2335475800.png,WE00013---B012--PO01--LO001--CO6--SL001--PX32500--PW0100--IN0020--TM278--X113563--Y020134--Z212261--T2335475800,WE00013---B012--PO01--LO001--CO6--SL001--PX32500--PW0100--IN0020--TM278--X113563--Y020134--Z212261--T2335475800,3552.0,5514.0,356.2914139223983,114.21224207376198,69.46826431077736,0.48175776481757765,0.793754448209912,0.6441784548422198,102.42070103255493,0.31444038544952885,0.020912667741115488,0.012018373434584121,0.0021387196542824545,-3.5749135366016694e-06,-0.0002463859011114831,1.0236840600626288e-05,101.0,73.0,1.3835616438356164
WE00013---B012--PO01--LO001--CO6--SL001--PX32500--PW0100--IN0020--TM279--X113563--Y020134--Z213486--T2672856272.png,WE00013---B012--PO01--LO001--CO6--SL001--PX32500--PW0100--IN0020--TM279--X113563--Y020134--Z213486--T2672856272,WE00013---B012--PO01--LO001--CO6--SL001--PX32500--PW0100--IN0020--TM279--X113563--Y020134--Z213486--T2672856272,3271.0,4762.0,308.97770542341357,107.47981805118461,56.498624667990796,0.5495631720430108,0.8506902493781753,0.6868962620747585,95.12623192369179,0.28171824131936424,0.025514816921823075,0.004977112954783858,0.0011180173644061175,-7.012913319670299e-07,-0.000121846822551517,-2.54236248483636e-06,93.0,64.0,1.453125
WE00013---B012--PO01--LO001--CO6--SL001--PX32500--PW0100--IN0020--TM280--X113563--Y020134--Z210681--T2686927965.png,WE00013---B012--PO01--LO001--CO6--SL001--PX32500--PW0100--IN0020--TM280--X113563--Y020134--Z210681--T2686927965,WE00013---B012--PO01--LO001--CO6--SL001--PX32500--PW0100--IN0020--TM280--X113563--Y020134--Z210681--T2686927965,4800.0,6581.0,515.8650070512055,239.81413933676967,31.6359406832557,0.5444646098003629,0.9912605552007814,0.7293724358000304,232.07757323791543,0.7618704969889329,0.541412153615972,0.11684811875284483,0.09840112206490706,0.010549407612357894,0.0709505216485164,-0.00020610032795334837,232.0,38.0,6.105263157894737
WE00013---B012--PO01--LO001--CO6--SL001--PX32500--PW0100--IN0020--TM282--X113563--Y020134--Z213137--T2350117198.png,WE00013---B012--PO01--LO001--CO6--SL001--PX32500--PW0100--IN0020--TM282--X113563--Y020134--Z213137--T2350117198,WE00013---B012--PO01--LO001--CO6--SL001--PX32500--PW0100--IN0020--TM282--X113563--Y020134--Z213137--T2350117198,2725.0,3854.0,304.73506473629425,91.12922145794957,56.53007981775136,0.5240384615384616,0.7843418836391609,0.7070576024909185,83.24061508662703,0.2637657093516824,0.01373027667799828,0.0018281983211510364,0.0008838239872032,1.030954881907208e-06,-2.3041529963886535e-06,-4.464416915291493e-07,80.0,65.0,1.2307692307692308
WE00013---B012--PO01--LO001--CO6--SL001--PX32500--PW0100--IN0020--TM282--X113563--Y020134--Z216839--T2360602328.png,WE00013---B012--PO01--LO001--CO6--SL001--PX32500--PW0100--IN0020--TM282--X113563--Y020134--Z216839--T2360602328,WE00013---B012--PO01--LO001--CO6--SL001--PX32500--PW0100--IN0020--TM282--X113563--Y020134--Z216839--T2360602328,3021.0,6092.0,384.9604614807104,124.8008356928219,70.26668335432478,0.3540787623066104,0.8264360822342204,0.4958962573867367,109.17875251164945,0.4243763525993809,0.04843570651697095,0.02787597432149956,0.013358296916394204,0.00021445386269046526,0.00027837648020380456,0.00014303061874441838,79.0,108.0,0.7314814814814815
WE00013---B012--PO01--LO001--CO6--SL001--PX32500--PW0100--IN0020--TM283--X113563--Y020134--Z209977--T2859327850.png,WE00013---B012--PO01--LO001--CO6--SL001--PX32500--PW0100--IN0020--TM283--X113563--Y020134--Z209977--T2859327850,WE00013---B012--PO01--LO001--CO6--SL001--PX32500--PW0100--IN0020--TM283--X113563--Y020134--Z209977--T2859327850,3603.0,8499.0,471.84776310850236,180.50896197713755,66.51142795923417,0.2663364872856298,0.9296411967465016,0.4239322273208613,155.92626462530293,0.6419521128788523,0.23860966444081075,0.05465612761238459,0.027363349779990935,0.0009948037556973036,0.0018577573673503344,-0.00036080663273735397,152.0,89.0,1.7078651685393258
WE00014---B011--PO01--LO001--CO6--SL001--PX32500--PW0100--IN0020--TM250--X104554--Y020134--Z211070--T2937210545.png,WE00014---B011--PO01--LO001--CO6--SL001--PX32500--PW0100--IN0020--TM250--X104554--Y020134--Z211070--T2937210545,WE00014---B011--PO01--LO001--CO6--SL001--PX32500--PW0100--IN0020--TM250--X104554--Y020134--Z211070--T2937210545,3121.0,4327.0,331.3624817342638,96.94972240700886,62.37408101229597,0.5605244252873564,0.7655593859578534,0.7212849549341345,88.84255736976509,0.2661361474071719,0.012169544376907837,0.0015994436428411708,0.00046475004255467977,4.379231679961518e-08,-3.445945959555579e-05,3.9829448655674795e-07,64.0,87.0,0.735632183908046
WE00014---B011--PO01--LO001--CO6--SL001--PX32500--PW0100--IN0020--TM263--X104554--Y020134--Z213383--T2842969569.png,WE00014---B011--PO01--LO001--CO6--SL001--PX32500--PW0100--IN0020--TM263--X104554--Y020134--Z213383--T2842969569,WE00014---B011--PO01--LO001--CO6--SL001--PX32500--PW0100--IN0020--TM263--X104554--Y020134--Z213383--T2842969569,3338.0,4181.0,298.9360748630709,118.40800387144915,41.375755844588824,0.49628308058281295,0.9369610645730317,0.7983735948337718,117.881296226331,0.2945702619931872,0.05311262740521146,0.004264634666754336,0.001206246997535829,2.2552138586577746e-06,0.00012175240740601152,-1.5488670551952277e-06,59.0,114.0,0.5175438596491229
WE00014---B011--PO01--LO001--CO6--SL001--PX32500--PW0100--IN0020--TM278--X104554--Y020134--Z212461--T2335558337.png,WE00014---B011--PO01--LO001--CO6--SL001--PX32500--PW0100--IN0020--TM278--X104554--Y020134--Z212461--T2335558337,WE00014---B011--PO01--LO001--CO6--SL001--PX32500--PW0100--IN0020--TM278--X104554--Y020134--Z212461--T2335558337,3461.0,7016.0,468.07315985291854,155.9232719410502,74.46267955723698,0.30295868347338933,0.8785992717624037,0.49330102622576966,130.6981254647518,0.5391642115654155,0.11485871420389115,0.044689092465749314,0.006427933309195063,-4.356498276536953e-05,-0.0020103258385813358,9.985556096098349e-05,96.0,119.0,0.8067226890756303
WE00014---B011--PO01--LO001--CO6--SL001--PX32500--PW0100--IN0020--TM279--X104554--Y020134--Z210486--T2672938850.png,WE00014---B011--PO01--LO001--CO6--SL001--PX32500--PW0100--IN0020--TM279--X104554--Y020134--Z210486--T2672938850,WE00014---B011--PO01--LO001--CO6--SL001--PX32500--PW0100--IN0020--TM279--X104554--Y020134--Z210486--T2672938850,3210.0,5932.0,390.53405460951757,147.31653331707645,41.05022319439091,0.34898891063274623,0.9603917924418764,0.5411328388401888,130.77079184588584,0.455359848381437,0.15189717296136862,0.014536534051403628,0.01592300448864189,0.00024144124531636548,0.005984374571243119,-1.9806969282809865e-05,126.0,73.0,1.726027397260274
WE00014---B011--PO01--LO001--CO6--SL001--PX32500--PW0100--IN0020--TM280--X104554--Y020134--Z214281--T2687010414.png,WE00014---B011--PO01--LO001--CO6--SL001--PX32500--PW0100--IN0020--TM280--X104554--Y020134--Z214281--T2687010414,WE00014---B011--PO01--LO001--CO6--SL001--PX32500--PW0100--IN0020--TM280--X104554--Y020134--Z214281--T2687010414,4724.0,6325.0,519.3208511739211,243.28358925691498,31.069113938749865,0.3754570020664441,0.991811887773311,0.7468774703557313,235.61409125941512,0.7958323804332442,0.5933470020808643,0.15412854337436785,0.13369484711363616,0.01918970843126437,0.10187677621734564,0.00027676524576746367,233.0,54.0,4.314814814814815
WE00014---B011--PO01--LO001--CO6--SL001--PX32500--PW0100--IN0020--TM282--X104554--Y020134--Z212937--T2350197806.png,WE00014---B011--PO01--LO001--CO6--SL001--PX32500--PW0100--IN0020--TM282--X104554--Y020134--Z212937--T2350197806,WE00014---B011--PO01--LO001--CO6--SL001--PX32500--PW0100--IN0020--TM282--X104554--Y020134--Z212937--T2350197806,2929.0,4886.0,336.97770542341357,101.25265072415695,65.11118326050953,0.4165837007538046,0.7658186699872572,0.5994678673761769,100.18482919085105,0.3092259615963593,0.016460790857213827,0.011698384327446621,0.002427636242154691,-2.3568593263553975e-06,-0.00023687135126537545,-1.2720647378210467e-05,79.0,89.0,0.8876404494382022
WE00014---B011--PO01--LO001--CO6--SL001--PX32500--PW0100--IN0020--TM283--X104554--Y020134--Z211977--T2859409804.png,WE00014---B011--PO01--LO001--CO6--SL001--PX32500--PW0100--IN0020--TM283--X104554--Y020134--Z211977--T2859409804,WE00014---B011--PO01--LO001--CO6--SL001--PX32500--PW0100--IN0020--TM283--X104554--Y020134--Z211977--T2859409804,3641.0,5966.0,392.77669529663683,169.59394863971366,42.08857646279852,0.44342954573133603,0.968715822696691,0.6102916526986255,161.31026005806325,0.5241272261033141,0.214657297938382,0.04701223311307553,0.03256266759628523,0.0012649455561444525,0.012601755685448125,-0.00015201368450175264,161.0,51.0,3.156862745098039
WE00015---B010--PO01--LO001--CO6--SL001--PX32500--PW0100--IN0020--TM250--X095544--Y020134--Z210470--T2937291966.png,WE00015---B010--PO01--LO001--CO6--SL001--PX32500--PW0100--IN0020--TM250--X095544--Y020134--Z210470--T2937291966,WE00015---B010--PO01--LO001--CO6--SL001--PX32500--PW0100--IN0020--TM250--X095544--Y020134--Z210470--T2937291966,2671.0,4191.0,312.04877323527904,98.89290461312667,57.83430897308754,0.48528343023255816,0.8111648416164908,0.637318062514913,87.13208364316786,0.3071090854833285,0.022673014464047674,0.006068670400895586,0.0017735744433868955,7.373194904145235e-07,-0.00014924725246734358,5.771727736039787e-06,64.0,86.0,0.7441860465116279
WE00015---B010--PO01--LO001--CO6--SL001--PX32500--PW0100--IN0020--TM257--X095544--Y020134--Z211173--T2925301421.png,WE00015---B010--PO01--LO001--CO6--SL001--PX32500--PW0100--IN0020--TM257--X095544--Y020134--Z211173--T2925301421,WE00015---B010--PO01--LO001--CO6--SL001--PX32500--PW0100--IN0020--TM257--X095544--Y020134--Z211173--T2925301421,4560.0,6055.0,511.6223663640862,242.9172890502918,29.646434313407152,0.5244393329499712,0.9925247735759822,0.7530966143682907,235.2126697267815,0.8208295009188894,0.6347891205844604,0.17951382745557248,0.1641358247147941,0.02817351214459,0.13019096854569132,-0.0002182925752115157,235.0,37.0,6.351351351351352
WE00015---B010--PO01--LO001--CO6--SL001--PX32500--PW0100--IN0020--TM263--X095544--Y020134--Z214183--T2843050520.png,WE00015---B010--PO01--LO001--CO6--SL001--PX32500--PW0100--IN0020--TM263--X095544--Y020134--Z214183--T2843050520,WE00015---B010--PO01--LO001--CO6--SL001--PX32500--PW0100--IN0020--TM263--X095544--Y020134--Z214183--T2843050520,3828.0,7237.0,424.43354954612926,143.48930404454978,79.89745295478579,0.31638978427969255,0.8306344055975239,0.5289484593063424,128.00390619039717,0.4403863532499259,0.05379401468135725,0.038026852142796747,0.007366197970655899,1.1139936103996093e-05,-0.0010187294756756637,-0.00012278067859619813,111.0,109.0,1.018348623853211
WE00015---B010--PO01--LO001--CO6--SL001--PX32500--PW0100--IN0020--TM277--X095544--Y020134--Z213275--T2851175794.png,WE00015---B010--PO01--LO001--CO6--SL001--PX32500--PW0100--IN0020--TM277--X095544--Y020134--Z213275--T2851175794,WE00015---B010--PO01--LO001--CO6--SL001--PX32500--PW0100--IN0020--TM277--X095544--Y020134--Z213275--T2851175794,4538.0,6091.0,522.3086578651014,259.8778858844934,26.88608978351547,0.5908854166666667,0.9946339658931969,0.7450336562140863,240.53274205396653,0.9401082166653955,0.8467622646280826,0.19564554744343393,0.1812095897320679,0.034119507958410976,0.1664729771310525,0.0001462634936519945,240.0,32.0,7.5
WE00015---B010--PO01--LO001--CO6--SL001--PX32500--PW0100--IN0020--TM278--X095544--Y020134--Z210261--T2335640449.png,WE00015---B010--PO01--LO001--CO6--SL001--PX32500--PW0100--IN0020--TM278--X095544--Y020134--Z210261--T2335640449,WE00015---B010--PO01--LO001--CO6--SL001--PX32500--PW0100--IN0020--TM278--X095544--Y020134--Z210261--T2335640449,4154.0,7757.0,477.88939366884495,216.39952568359334,54.19442916498394,0.3565359196635482,0.9681329209657483,0.5355163078509733,192.62917743685665,0.7487631028617393,0.4361061607931602,0.12374255351613296,0.05896990469935457,0.004836005126363854,0.02604913564875315,0.001410072939388841,191.0,61.0,3.1311475409836067
WE00015---B010--PO01--LO001--CO6--SL001--PX32500--PW0100--IN0020--TM279--X095544--Y020134--Z212086--T2673021557.png,WE00015---B010--PO01--LO001--CO6--SL001--PX32500--PW0100--IN0020--TM279--X095544--Y020134--Z212086--T2673021557,WE00015---B010--PO01--LO001--CO6--SL001--PX32500--PW0100--IN0020--TM279--X095544--Y020134--Z212086--T2673021557,3327.0,5376.0,390.43354954612926,109.89242231036955,70.12456314192998,0.45008116883116883,0.7699368430568111,0.6188616071428571,95.90099061010788,0.31924028473638283,0.018086137439406715,0.005876882137854909,0.0024683136273950528,4.693473624480652e-06,-5.316346549342292e-05,-8.145556190593616e-06,88.0,84.0,1.0476190476190477
WE00015---B010--PO01--LO001--CO6--SL001--PX32500--PW0100--IN0020--TM282--X095544--Y020134--Z209337--T2350278878.png,WE00015---B010--PO01--LO001--CO6--SL001--PX32500--PW0100--IN0020--TM282--X095544--Y020134--Z209337--T2350278878,WE00015---B010--PO01--LO001--CO6--SL001--PX32500--PW0100--IN0020--TM282--X095544--Y020134--Z209337--T2350278878,3291.0,4255.0,299.9066376115481,95.96028966746006,57.21088836282666,0.5897849462365592,0.8028408728144922,0.773443008225617,91.0823802938856,0.23703781032221694,0.012705400773973396,0.0027245280199471806,0.0007281272323064565,7.212951147856542e-07,9.100430451592625e-07,-7.290300153535296e-07,62.0,90.0,0.6888888888888889
WE00015---B010--PO01--LO001--CO6--SL001--PX32500--PW0100--IN0020--TM282--X095544--Y020134--Z211839--T2360765373.png,WE00015---B010--PO01--LO001--CO6--SL001--PX32500--PW0100--IN0020--TM282--X095544--Y020134--Z211839--T2360765373,WE00015---B010--PO01--LO001--CO6--SL001--PX32500--PW0100--IN0020--TM282--X095544--Y020134--Z211839--T2360765373,2781.0,3401.0,259.37972567696687,102.92654749722855,38.928438328311664,0.4826449149600833,0.9257174886040331,0.8177006762716847,98.18350166906862,0.2721435070653634,0.04162761719320997,0.0023630266107501087,0.0006670097813419847,6.742909705649656e-07,8.501549060446555e-05,4.965574774953648e-07,86.0,67.0,1.2835820895522387
WE00015---B010--PO01--LO001--CO6--SL001--PX32500--PW0100--IN0020--TM284--X095544--Y020134--Z211177--T2859491646.png,WE00015---B010--PO01--LO001--CO6--SL001--PX32500--PW0100--IN0020--TM284--X095544--Y020134--Z211177--T2859491646,WE00015---B010--PO01--LO001--CO6--SL001--PX32500--PW0100--IN0020--TM284--X095544--Y020134--Z211177--T2859491646,4187.0,8382.0,467.7300141024109,166.52399584457993,78.56202643282637,0.27958066239316237,0.8817184334010038,0.49952278692436175,162.0863967148385,0.5060639059779943,0.10355738811273424,0.08322126232513359,0.02632755384106445,0.0010402463857629599,0.0013102590828548576,0.0006607313356587576,156.0,96.0,1.625
WE00016---B009--PO01--LO001--CO6--SL001--PX32500--PW0100--IN0020--TM250--X086535--Y020134--Z209670--T2937372873.png,WE00016---B009--PO01--LO001--CO6--SL001--PX32500--PW0100--IN0020--TM250--X086535--Y020134--Z209670--T2937372873,WE00016---B009--PO01--LO001--CO6--SL001--PX32500--PW0100--IN0020--TM250--X086535--Y020134--Z209670--T2937372873,2734.0,3324.0,252.6934341759516,82.78830945632225,49.62316436547076,0.6311172668513388,0.8004509902261565,0.822503008423586,78.33900688673555,0.21297463936261668,0.01007808591850259,0.001264899735447837,0.00020303585652358828,-1.4670524965277714e-08,-1.2763446585252576e-05,-1.0184208451332973e-07,76.0,57.0,1.3333333333333333
WE00016---B009--PO01--LO001--CO6--SL001--PX32500--PW0100--IN0020--TM277--X086535--Y020134--Z210275--T2851257139.png,WE00016---B009--PO01--LO001--CO6--SL001--PX32500--PW0100--IN0020--TM277--X086535--Y020134--Z210275--T2851257139,WE00016---B009--PO01--LO001--CO6--SL001--PX32500--PW0100--IN0020--TM277--X086535--Y020134--Z210275--T2851257139,4312.0,6443.0,545.906637611548,257.3424008389001,31.76481553805872,0.3699382292381606,0.9923527772752876,0.6692534533602359,249.25689559167665,0.9745204483954086,0.8935364668925843,0.49652163821199374,0.44533104513112504,0.20939863931552916,0.41912250178158145,-0.0019941423767336694,248.0,47.0,5.276595744680851
WE00016---B009--PO01--LO001--CO6--SL001--PX32500--PW0100--IN0020--TM278--X086535--Y020134--Z210861--T2335723017.png,WE00016---B009--PO01--LO001--CO6--SL001--PX32500--PW0100--IN0020--TM278--X086535--Y020134--Z210861--T2335723017,WE00016---B009--PO01--LO001--CO6--SL001--PX32500--PW0100--IN0020--TM278--X086535--Y020134--Z210861--T2335723017,4744.0,7788.0,480.65894629054543,192.75766515249316,42.76095395223499,0.247689656972798,0.9750835605336303,0.6091422701592193,200.8033864256278,0.5135963408772375,0.21661306144381764,0.0656145820144648,0.049702644199512556,0.0028348641384962087,0.02200990268605542,-0.0001410851500822281,179.0,107.0,1.6728971962616823
WE00016---B009--PO01--LO001--CO6--SL001--PX32500--PW0100--IN0020--TM279--X086535--Y020134--Z212886--T2673104510.png,WE00016---B009--PO01--LO001--CO6--SL001--PX32500--PW0100--IN0020--TM279--X086535--Y020134--Z212886--T2673104510,WE00016---B009--PO01--LO001--CO6--SL001--PX32500--PW0100--IN0020--TM279--X086535--Y020134--Z212886--T2673104510,3003.0,6447.0,400.9188309203678,151.98160092900412,61.64960884846876,0.29844961240310075,0.914033532964367,0.46579804560260585,133.52153384379613,0.5598376892297756,0.16131024306547276,0.07387085035577873,0.03314577038474577,0.0014428697762137472,0.004515968842874099,-0.0007798453929880768,129.0,78.0,1.6538461538461537
WE00016---B009--PO01--LO001--CO6--SL001--PX32500--PW0100--IN0020--TM281--X086535--Y020134--Z212481--T2687174980.png,WE00016---B009--PO01--LO001--CO6--SL001--PX32500--PW0100--IN0020--TM281--X086535--Y020134--Z212481--T2687174980,WE00016---B009--PO01--LO001--CO6--SL001--PX32500--PW0100--IN0020--TM281--X086535--Y020134--Z212481--T2687174980,5185.0,7426.0,531.0782104868019,240.55960719429387,38.09151289242565,0.4103355492244381,0.9873837789015191,0.6982224616213305,236.4571842850202,0.7150420439718755,0.46248461467448043,0.13058798974001154,0.09871603757499559,0.011194967700763944,0.06418011190354776,-0.0005430414044510557,234.0,54.0,4.333333333333333
WE00016---B009--PO01--LO001--CO6--SL001--PX32500--PW0100--IN0020--TM284--X086535--Y020134--Z209777--T2859573134.png,WE00016---B009--PO01--LO001--CO6--SL001--PX32500--PW0100--IN0020--TM284--X086535--Y020134--Z209777--T2859573134,WE00016---B009--PO01--LO001--CO6--SL001--PX32500--PW0100--IN0020--TM284--X086535--Y020134--Z209777--T2859573134,4578.0,8422.0,470.5584412271571,195.7029000716973,60.645269282448155,0.3344046749452155,0.9507742524765835,0.5435763476608881,187.2591786802452,0.573086961866718,0.22341233760942075,0.08607934448342258,0.04678559476322936,0.002909328991437123,0.014147033440291053,0.0005925121907360378,185.0,74.0,2.5
WE00017---B008--PO01--LO001--CO6--SL001--PX32500--PW0100--IN0020--TM250--X077526--Y020134--Z210070--T2937452730.png,WE00017---B008--PO01--LO001--CO6--SL001--PX32500--PW0100--IN0020--TM250--X077526--Y020134--Z210070--T2937452730,WE00017---B008--PO01--LO001--CO6--SL001--PX32500--PW0100--IN0020--TM250--X077526--Y020134--Z210070--T2937452730,2652.0,4264.0,322.8355697996826,94.40076684892401,60.412143983978126,0.4531784005468216,0.7684132592901651,0.6219512195121951,86.21484790916237,0.2960296927414643,0.015377809794699987,0.00462326976541317,0.002764696250369445,8.908814329906241e-06,2.372992249464342e-05,4.281628109685469e-06,76.0,77.0,0.987012987012987
WE00017---B008--PO01--LO001--CO6--SL001--PX32500--PW0100--IN0020--TM257--X077526--Y020134--Z214373--T2925461986.png,WE00017---B008--PO01--LO001--CO6--SL001--PX32500--PW0100--IN0020--TM257--X077526--Y020134--Z214373--T2925461986,WE00017---B008--PO01--LO001--CO6--SL001--PX32500--PW0100--IN0020--TM257--X077526--Y020134--Z214373--T2925461986,4442.0,5926.0,506.20815280171314,243.74467743200725,28.7243105893595,0.5242535111530745,0.9930318948232935,0.7495781302733716,229.87170334775874,0.8475426862233686,0.6795106700601373,0.20939235509787846,0.18952089014956727,0.037753717340595086,0.15573232832800635,-0.00020371215097378425,229.0,37.0,6.1891891891891895
WE00017---B008--PO01--LO001--CO6--SL001--PX32500--PW0100--IN0020--TM263--X077526--Y020134--Z212183--T2843212783.png,WE00017---B008--PO01--LO001--CO6--SL001--PX32500--PW0100--IN0020--TM263--X077526--Y020134--Z212183--T2843212783,WE00017---B008--PO01--LO001--CO6--SL001--PX32500--PW0100--IN0020--TM263--X077526--Y020134--Z212183--T2843212783,3797.0,7465.0,433.8305191657993,163.44608247573916,63.78613400064434,0.3080980201233366,0.9207055599253097,0.5086403215003349,160.46183346827368,0.5067041869800876,0.13895045282142268,0.06899795263088462,0.026316631267653146,0.0009819458938452618,0.002640766347119553,0.0005416064599668095,158.0,78.0,2.0256410256410255
WE00017---B008--PO01--LO001--CO6--SL001--PX32500--PW0100--IN0020--TM268--X077526--Y020134--Z212171--T2945400567.png,WE00017---B008--PO01--LO001--CO6--SL001--PX32500--PW0100--IN0020--TM268--X077526--Y020134--Z212171--T2945400567,WE00017---B008--PO01--LO001--CO6--SL001--PX32500--PW0100--IN0020--TM268--X077526--Y020134--Z212171--T2945400567,3667.0,4816.0,466.2081528017131,223.27223585020673,26.157346886268808,0.45093457943925236,0.9931137011499105,0.7614202657807309,214.67417171145672,0.8613085986105629,0.7022196767699141,0.23482287602764731,0.21342884882911203,0.0477802998432511,0.17869795685016662,-0.00010322463056391257,214.0,38.0,5.631578947368421
WE00017---B008--PO01--LO001--CO6--SL001--PX32500--PW0100--IN0020--TM278--X077526--Y020134--Z214861--T2335805261.png,WE00017---B008--PO01--LO001--CO6--SL001--PX32500--PW0100--IN0020--TM278--X077526--Y020134--Z214861--T2335805261,WE00017---B008--PO01--LO001--CO6--SL001--PX32500--PW0100--IN0020--TM278--X077526--Y020134--Z214861--T2335805261,3288.0,5205.0,393.60512242138304,101.13852918952843,78.28311702530381,0.4950316169828365,0.6331626873487366,0.631700288184438,89.88882021697692,0.31092701676206097,0.006076090113782911,0.0011903926629284666,0.0013761906450444788,1.722073014312018e-06,2.3441399958638753e-05,3.702247569320152e-07,81.0,82.0,0.9878048780487805
WE00017---B008--PO01--LO001--CO6--SL001--PX32500--PW0100--IN0020--TM281--X077526--Y020134--Z210281--T2687256633.png,WE00017---B008--PO01--LO001--CO6--SL001--PX32500--PW0100--IN0020--TM281--X077526--Y020134--Z210281--T2687256633,WE00017---B008--PO01--LO001--CO6--SL001--PX32500--PW0100--IN0020--TM281--X077526--Y020134--Z210281--T2687256633,4572.0,5850.0,513.7056274847714,240.3586731644409,28.63083049674832,0.308502024291498,0.9928802113644719,0.7815384615384615,232.99785406737118,0.8009626014367898,0.6061417566311786,0.14274877800185476,0.12791567545124327,0.01728483994162354,0.09923990839030294,9.44955941069893e-05,228.0,65.0,3.5076923076923077
WE00017---B008--PO01--LO001--CO6--SL001--PX32500--PW0100--IN0020--TM282--X077526--Y020134--Z211937--T2350442507.png,WE00017---B008--PO01--LO001--CO6--SL001--PX32500--PW0100--IN0020--TM282--X077526--Y020134--Z211937--T2350442507,WE00017---B008--PO01--LO001--CO6--SL001--PX32500--PW0100--IN0020--TM282--X077526--Y020134--Z211937--T2350442507,3026.0,4017.0,286.492424049175,89.87597359577812,59.44732187718202,0.5230769230769231,0.7500004598807549,0.7532984814538213,89.20201791439474,0.23983135137471684,0.008807298949070093,0.0040841684222076005,0.0010050411069334275,1.0889288943397333e-06,6.797570524529288e-06,-1.7206046517757625e-06,89.0,65.0,1.3692307692307693
WE00017---B008--PO01--LO001--CO6--SL001--PX32500--PW0100--IN0020--TM284--X077526--Y020134--Z212577--T2859654536.png,WE00017---B008--PO01--LO001--CO6--SL001--PX32500--PW0100--IN0020--TM284--X077526--Y020134--Z212577--T2859654536,WE00017---B008--PO01--LO001--CO6--SL001--PX32500--PW0100--IN0020--TM284--X077526--Y020134--Z212577--T2859654536,3884.0,6977.0,417.50461735799473,169.13707424932423,60.30905840306079,0.3297673628799457,0.9342689440419191,0.5566862548373226,155.95512174981621,0.518867990652118,0.1614523975304533,0.05284274635059752,0.01738532470544367,0.000448035271604609,0.0018100313293930909,0.0002773760799199438,151.0,78.0,1.935897435897436
WE00018---B007--PO01--LO001--CO6--SL001--PX32500--PW0100--IN0020--TM263--X068517--Y020134--Z212383--T2843294396.png,WE00018---B007--PO01--LO001--CO6--SL001--PX32500--PW0100--IN0020--TM263--X068517--Y020134--Z212383--T2843294396,WE00018---B007--PO01--LO001--CO6--SL001--PX32500--PW0100--IN0020--TM263--X068517--Y020134--Z212383--T2843294396,2692.0,5072.0,350.2914139223983,117.67920388515384,59.388032245539016,0.41237745098039214,0.863317958005484,0.5307570977917981,99.45853407325085,0.40340205704496623,0.05742379751300673,0.013949208076295832,0.004631577948916481,1.508564998683864e-05,-0.000497415289639873,-3.403436224771474e-05,96.0,68.0,1.411764705882353
WE00018---B007--PO01--LO001--CO6--SL001--PX32500--PW0100--IN0020--TM280--X068517--Y020134--Z212486--T2673269643.png,WE00018---B007--PO01--LO001--CO6--SL001--PX32500--PW0100--IN0020--TM280--X068517--Y020134--Z212486--T2673269643,WE00018---B007--PO01--LO001--CO6--SL001--PX32500--PW0100--IN0020--TM280--X068517--Y020134--Z212486--T2673269643,3103.0,5583.0,382.5756851698602,110.75839062280511,69.88358431549813,0.44744051910598415,0.7758192540721797,0.5557943757836289,98.79271228182775,0.34545473030404483,0.02211796896278316,0.009032581718407954,0.005142750490117309,2.3907442396556823e-05,-0.000100445507015413,2.5632002398624693e-05,73.0,95.0,0.7684210526315789
WE00018---B007--PO01--LO001--CO6--SL001--PX32500--PW0100--IN0020--TM282--X068517--Y020134--Z209537--T2350524281.png,WE00018---B007--PO01--LO001--CO6--SL001--PX32500--PW0100--IN0020--TM282--X068517--Y020134--Z209537--T2350524281,WE00018---B007--PO01--LO001--CO6--SL001--PX32500--PW0100--IN0020--TM282--X068517--Y020134--Z209537--T2350524281,3109.0,4794.0,367.60512242138304,95.39051453009894,70.27353097655576,0.4858571651820597,0.6762272701881358,0.6485189820609095,85.47514258543241,0.28219924851700623,0.006996971069493885,0.0011313936860744493,0.0012067957219009146,8.173884282176976e-07,-2.9268838901320364e-05,-1.149055182591508e-06,79.0,81.0,0.9753086419753086
WE00019---B006--PO01--LO001--CO6--SL001--PX32500--PW0100--IN0020--TM263--X059508--Y020134--Z214183--T2843375302.png,WE00019---B006--PO01--LO001--CO6--SL001--PX32500--PW0100--IN0020--TM263--X059508--Y020134--Z214183--T2843375302,WE00019---B006--PO01--LO001--CO6--SL001--PX32500--PW0100--IN0020--TM263--X059508--Y020134--Z214183--T2843375302,3283.0,5641.0,402.47518010647184,120.12393706120446,71.89062352788984,0.4533278099972383,0.8011449006100037,0.5819890090409502,106.90182411914213,0.3730966723711735,0.03108714157582378,0.006818736992941861,0.002699893131822924,7.695147092642091e-06,-0.0001235159164303804,-8.659213317929411e-06,102.0,71.0,1.4366197183098592
WE00019---B006--PO01--LO001--CO6--SL001--PX32500--PW0100--IN0020--TM268--X059508--Y020134--Z211371--T2945562347.png,WE00019---B006--PO01--LO001--CO6--SL001--PX32500--PW0100--IN0020--TM268--X059508--Y020134--Z211371--T2945562347,WE00019---B006--PO01--LO001--CO6--SL001--PX32500--PW0100--IN0020--TM268--X059508--Y020134--Z211371--T2945562347,3727.0,5475.0,502.33304448274095,235.2975507577251,28.176574247810322,0.24188733125649015,0.9928042357106055,0.6807305936073059,221.46105752479374,0.9417570554220316,0.8374624840193143,0.41144480191292676,0.3720332782341472,0.1455550330704185,0.3403482836985683,-0.00034871276691327,214.0,72.0,2.9722222222222223
WE00019---B006--PO01--LO001--CO6--SL001--PX32500--PW0100--IN0020--TM280--X059508--Y020134--Z210286--T2673351602.png,WE00019---B006--PO01--LO001--CO6--SL001--PX32500--PW0100--IN0020--TM280--X059508--Y020134--Z210286--T2673351602,WE00019---B006--PO01--LO001--CO6--SL001--PX32500--PW0100--IN0020--TM280--X059508--Y020134--Z210286--T2673351602,3236.0,5455.0,362.0904037956216,112.16955123931635,66.71746289188407,0.44249965814303294,0.8038802266419169,0.5932172318973419,103.69667304209909,0.328979219714917,0.024660866004691452,0.010105396213989348,0.00652442781415348,4.665149456538063e-05,0.00037218043521709495,-2.5104557528157676e-05,71.0,103.0,0.6893203883495146
WE00019---B006--PO01--LO001--CO6--SL001--PX32500--PW0100--IN0020--TM281--X059508--Y020134--Z210281--T2687419902.png,WE00019---B006--PO01--LO001--CO6--SL001--PX32500--PW0100--IN0020--TM281--X059508--Y020134--Z210281--T2687419902,WE00019---B006--PO01--LO001--CO6--SL001--PX32500--PW0100--IN0020--TM281--X059508--Y020134--Z210281--T2687419902,4981.0,10183.0,574.4579361637687,227.76565335206905,70.62276652927652,0.28959302325581393,0.9507144876657077,0.48914858096828046,215.14878572745886,0.7135209797122012,0.346162752004797,0.22391329194387888,0.11153055888521561,0.01707635744564524,0.05122617577894446,0.004363596282304223,215.0,80.0,2.6875
WE00019---B006--PO01--LO001--CO6--SL001--PX32500--PW0100--IN0020--TM282--X059508--Y020134--Z210337--T2350605575.png,WE00019---B006--PO01--LO001--CO6--SL001--PX32500--PW0100--IN0020--TM282--X059508--Y020134--Z210337--T2350605575,WE00019---B006--PO01--LO001--CO6--SL001--PX32500--PW0100--IN0020--TM282--X059508--Y020134--Z210337--T2350605575,2774.0,4608.0,332.73506473629425,99.94581388950307,60.2947306781039,0.4418604651162791,0.7975338503818034,0.6019965277777778,89.88882021697692,0.3069714370399303,0.020492835688032934,0.003346680708417366,0.003281414607054367,1.0384557221473657e-05,7.899023220855233e-05,3.226453971653603e-06,73.0,86.0,0.8488372093023255
WE00019---B006--PO01--LO001--CO6--SL001--PX32500--PW0100--IN0020--TM284--X059508--Y020134--Z211777--T2859817271.png,WE00019---B006--PO01--LO001--CO6--SL001--PX32500--PW0100--IN0020--TM284--X059508--Y020134--Z211777--T2859817271,WE00019---B006--PO01--LO001--CO6--SL001--PX32500--PW0100--IN0020--TM284--X059508--Y020134--Z211777--T2859817271,3385.0,6859.0,410.8183258569795,159.3213460895262,63.79817561771931,0.2581998474446987,0.9163242547779008,0.4935121737862662,142.52368224263643,0.5438238281375176,0.15485858486032889,0.05926472099578133,0.01473371182094577,0.00019192297072108565,-0.0017307346345062518,-0.00039079340818502724,115.0,114.0,1.0087719298245614
WE00019---B006--PO01--LO001--CO6--SL003--PX32500--PW0100--IN0020--TM278--X059508--Y020134--Z212961--T2335972053.png,WE00019---B006--PO01--LO001--CO6--SL003--PX32500--PW0100--IN0020--TM278--X059508--Y020134--Z212961--T2335972053,WE00019---B006--PO01--LO001--CO6--SL003--PX32500--PW0100--IN0020--TM278--X059508--Y020134--Z212961--T2335972053,3429.0,6887.0,409.7056274847714,153.61798958786207,71.645833749909,0.30078947368421055,0.8845794112107994,0.4978945839988384,133.4541119636259,0.5236878867515329,0.11327672397575975,0.07626325480897773,0.019082892103864532,0.0004999967520061435,0.0012266350031678397,-0.0005291211024923913,120.0,95.0,1.263157894736842
WE00020---B005--PO01--LO001--CO6--SL001--PX32500--PW0100--IN0020--TM250--X050499--Y020134--Z210070--T2937695047.png,WE00020---B005--PO01--LO001--CO6--SL001--PX32500--PW0100--IN0020--TM250--X050499--Y020134--Z210070--T2937695047,WE00020---B005--PO01--LO001--CO6--SL001--PX32500--PW0100--IN0020--TM250--X050499--Y020134--Z210070--T2937695047,2796.0,3252.0,252.69343417595164,86.05589377923941,44.997330086092816,0.5788819875776398,0.8524032783078865,0.8597785977859779,81.02468759581859,0.2108006207309668,0.014467337869330962,0.00011791267308981809,2.6228151193703482e-05,-7.951518131488097e-10,-2.9513102346934846e-06,1.2227853309000773e-09,69.0,70.0,0.9857142857142858
WE00020---B005--PO01--LO001--CO6--SL001--PX32500--PW0100--IN0020--TM262--X050499--Y020134--Z215383--T2843456686.png,WE00020---B005--PO01--LO001--CO6--SL001--PX32500--PW0100--IN0020--TM262--X050499--Y020134--Z215383--T2843456686,WE00020---B005--PO01--LO001--CO6--SL001--PX32500--PW0100--IN0020--TM262--X050499--Y020134--Z215383--T2843456686,3270.0,5555.0,400.2325394193526,111.82390753663522,72.48177209406306,0.42052469135802467,0.7614890452421978,0.5886588658865887,99.20181449953424,0.3394150149590529,0.01920692432888544,0.005060561540501262,0.0021788285408910384,1.7143402115482737e-06,-0.00020084855190925837,7.028880034738263e-06,96.0,81.0,1.1851851851851851
WE00020---B005--PO01--LO001--CO6--SL001--PX32500--PW0100--IN0020--TM278--X050499--Y020134--Z211261--T2336055037.png,WE00020---B005--PO01--LO001--CO6--SL001--PX32500--PW0100--IN0020--TM278--X050499--Y020134--Z211261--T2336055037,WE00020---B005--PO01--LO001--CO6--SL001--PX32500--PW0100--IN0020--TM278--X050499--Y020134--Z211261--T2336055037,3341.0,7564.0,437.50461735799473,154.59063077887603,68.13430608570775,0.2429818181818182,0.8976347101809613,0.44169751454257006,149.80654191322887,0.5339072656089435,0.12975924543015585,0.08615622898962312,0.05253135325577399,0.003363078497669163,0.009617712588031381,-0.0010858766634753154,110.0,125.0,0.88
WE00020---B005--PO01--LO001--CO6--SL001--PX32500--PW0100--IN0020--TM281--X050499--Y020134--Z208281--T2687500920.png,WE00020---B005--PO01--LO001--CO6--SL001--PX32500--PW0100--IN0020--TM281--X050499--Y020134--Z208281--T2687500920,WE00020---B005--PO01--LO001--CO6--SL001--PX32500--PW0100--IN0020--TM281--X050499--Y020134--Z208281--T2687500920,4721.0,6398.0,517.2203461105328,238.60488647860728,30.229199388715312,0.38344704353476283,0.9919421737843179,0.7378868396373867,230.98268333362137,0.7658083079214122,0.5499899946900975,0.12549881570664526,0.11064586959331255,0.013037758660482223,0.08155500720687028,0.0001241397508897576,228.0,54.0,4.222222222222222
WE00021---B004--PO01--LO001--CO6--SL001--PX32500--PW0100--IN0020--TM262--X041490--Y020134--Z213983--T2843537725.png,WE00021---B004--PO01--LO001--CO6--SL001--PX32500--PW0100--IN0020--TM262--X041490--Y020134--Z213983--T2843537725,WE00021---B004--PO01--LO001--CO6--SL001--PX32500--PW0100--IN0020--TM262--X041490--Y020134--Z213983--T2843537725,3435.0,7079.0,425.5046173579947,135.2618390265025,80.40582332664876,0.33775811209439527,0.8041357273871322,0.4852380279700523,116.3872845288522,0.4505251368571277,0.04633670366410763,0.027165237486955502,0.01125695574703832,0.00017027312019323327,-0.0003262071196224104,-9.877996625184531e-05,113.0,90.0,1.2555555555555555
WE00021---B004--PO01--LO001--CO6--SL001--PX32500--PW0100--IN0020--TM280--X041490--Y020134--Z211086--T2673515636.png,WE00021---B004--PO01--LO001--CO6--SL001--PX32500--PW0100--IN0020--TM280--X041490--Y020134--Z211086--T2673515636,WE00021---B004--PO01--LO001--CO6--SL001--PX32500--PW0100--IN0020--TM280--X041490--Y020134--Z211086--T2673515636,3164.0,5331.0,394.2680733252853,111.09500398623997,71.65748986722896,0.4185185185185185,0.7641733593122196,0.5935096604764585,95.70788891204319,0.34522945173780617,0.020269021032778275,0.007876942861062601,0.0036407014326644903,1.2902228250145131e-05,-5.8907285575426855e-05,-1.4616622446690646e-05,90.0,84.0,1.0714285714285714
WE00021---B004--PO01--LO001--CO6--SL001--PX32500--PW0100--IN0020--TM281--X041490--Y020134--Z211281--T2687582271.png,WE00021---B004--PO01--LO001--CO6--SL001--PX32500--PW0100--IN0020--TM281--X041490--Y020134--Z211281--T2687582271,WE00021---B004--PO01--LO001--CO6--SL001--PX32500--PW0100--IN0020--TM281--X041490--Y020134--Z211281--T2687582271,5309.0,7513.0,526.2497833620557,239.88919336850597,38.352307029253815,0.41428014046039796,0.9871372522257748,0.7066418208438706,235.9194777885031,0.6947839111586293,0.43580026135090305,0.10039498680619427,0.07295097598360736,0.0062311909025901824,0.04514891806025694,0.0003859858581271012,233.0,55.0,4.236363636363636
WE00021---B004--PO01--LO001--CO6--SL001--PX32500--PW0100--IN0020--TM282--X041490--Y020134--Z215639--T2361253931.png,WE00021---B004--PO01--LO001--CO6--SL001--PX32500--PW0100--IN0020--TM282--X041490--Y020134--Z215639--T2361253931,WE00021---B004--PO01--LO001--CO6--SL001--PX32500--PW0100--IN0020--TM282--X041490--Y020134--Z215639--T2361253931,3182.0,4913.0,399.01933598375615,103.22852039501426,67.34161036638653,0.4479166666666667,0.7579138120471818,0.6476694484021982,97.86214794290998,0.29837798376968283,0.014455655194408251,0.0032665705361948705,0.0008078556220436568,6.980348620261509e-07,-7.75782155114691e-05,1.1112991673907171e-06,96.0,74.0,1.2972972972972974
WE00021---B004--PO01--LO001--CO6--SL001--PX32500--PW0100--IN0020--TM284--X041490--Y020134--Z214177--T2859978351.png,WE00021---B004--PO01--LO001--CO6--SL001--PX32500--PW0100--IN0020--TM284--X041490--Y020134--Z214177--T2859978351,WE00021---B004--PO01--LO001--CO6--SL001--PX32500--PW0100--IN0020--TM284--X041490--Y020134--Z214177--T2859978351,2878.0,5408.0,374.3746750430835,104.69187770429099,70.86792173652665,0.37739312876999737,0.7360575113614097,0.5321745562130178,94.2019108086455,0.34708677007697813,0.016629431712939877,0.00894516191298731,0.005349911412666328,2.320644711135156e-05,-0.00028128833212508935,2.8829997709871613e-05,93.0,82.0,1.1341463414634145
WE00022---B003--PO01--LO001--CO6--SL001--PX32500--PW0100--IN0020--TM250--X032481--Y020134--Z210870--T2937855069.png,WE00022---B003--PO01--LO001--CO6--SL001--PX32500--PW0100--IN0020--TM250--X032481--Y020134--Z210870--T2937855069,WE00022---B003--PO01--LO001--CO6--SL001--PX32500--PW0100--IN0020--TM250--X032481--Y020134--Z210870--T2937855069,2506.0,3998.0,329.22034611053283,88.16797309600804,64.00833582604739,0.45838668373879643,0.6877140085525664,0.6268134067033517,77.52418977325722,0.2960559291470086,0.008407614923606133,0.003307531562555629,0.001666287355156679,2.3178084119442213e-06,-6.002158151421644e-05,-3.1511835545416973e-06,77.0,71.0,1.0845070422535212
WE00022---B003--PO01--LO001--CO6--SL001--PX32500--PW0100--IN0020--TM262--X032481--Y020134--Z217183--T2843618609.png,WE00022---B003--PO01--LO001--CO6--SL001--PX32500--PW0100--IN0020--TM262--X032481--Y020134--Z217183--T2843618609,WE00022---B003--PO01--LO001--CO6--SL001--PX32500--PW0100--IN0020--TM262--X032481--Y020134--Z217183--T2843618609,3012.0,4222.0,341.22034611053283,153.52780281709423,36.87149591161582,0.43108630313439245,0.9707329008372466,0.7134059687351966,138.91724155050014,0.5173118660484078,0.21242089556770624,0.028764691353444824,0.015498288950457451,0.0003209310608347013,0.006159656476441287,-6.390539400667947e-05,137.0,51.0,2.6862745098039214
WE00022---B003--PO01--LO001--CO6--SL001--PX32500--PW0100--IN0020--TM280--X032481--Y020134--Z212486--T2673597764.png,WE00022---B003--PO01--LO001--CO6--SL001--PX32500--PW0100--IN0020--TM280--X032481--Y020134--Z212486--T2673597764,WE00022---B003--PO01--LO001--CO6--SL001--PX32500--PW0100--IN0020--TM280--X032481--Y020134--Z212486--T2673597764,3964.0,6635.0,382.0904037956216,126.71164969917942,66.20643149278172,0.40448979591836737,0.8526412457600738,0.5974378296910324,112.4144118874444,0.3222618210850144,0.03387070789495925,0.008891491519085717,0.003066345043426143,6.002941480140137e-06,-0.0001411570225895935,-1.4843088290968347e-05,100.0,98.0,1.0204081632653061
WE00022---B003--PO01--LO001--CO6--SL001--PX32500--PW0100--IN0020--TM281--X032481--Y020134--Z213481--T2687663544.png,WE00022---B003--PO01--LO001--CO6--SL001--PX32500--PW0100--IN0020--TM281--X032481--Y020134--Z213481--T2687663544,WE00022---B003--PO01--LO001--CO6--SL001--PX32500--PW0100--IN0020--TM281--X032481--Y020134--Z213481--T2687663544,4907.0,9526.0,562.842712474619,225.3948513352525,66.29819720596609,0.2857725234406849,0.9557615864796029,0.5151165231996641,223.98660674245681,0.7030554559965576,0.34938332227028424,0.2292774307409867,0.10233729591606734,0.014973193466524634,0.043285054104696276,-0.004640718830200801,223.0,77.0,2.896103896103896
WE00022---B003--PO01--LO001--CO6--SL001--PX32500--PW0100--IN0020--TM282--X032481--Y020134--Z212937--T2350848240.png,WE00022---B003--PO01--LO001--CO6--SL001--PX32500--PW0100--IN0020--TM282--X032481--Y020134--Z212937--T2350848240,WE00022---B003--PO01--LO001--CO6--SL001--PX32500--PW0100--IN0020--TM282--X032481--Y020134--Z212937--T2350848240,2555.0,3625.0,273.0782104868019,100.24910994801625,45.2833690337938,0.5214285714285715,0.8921656155238565,0.7048275862068966,99.46356116689167,0.2959996956071479,0.038289725499834955,0.007692180293034102,0.0015308602596867356,1.0963864962731547e-06,-4.492305688334756e-05,-5.1375645905753076e-06,98.0,50.0,1.96
WE00022---B003--PO01--LO001--CO6--SL001--PX32500--PW0100--IN0020--TM284--X032481--Y020134--Z212177--T2860059542.png,WE00022---B003--PO01--LO001--CO6--SL001--PX32500--PW0100--IN0020--TM284--X032481--Y020134--Z212177--T2860059542,WE00022---B003--PO01--LO001--CO6--SL001--PX32500--PW0100--IN0020--TM284--X032481--Y020134--Z212177--T2860059542,2902.0,5084.0,377.01933598375615,99.37908847694067,73.65202625744938,0.42714159552546366,0.6713704038684669,0.5708103855232101,88.07383266328314,0.32953187884079116,0.009191661526386036,0.0037317050975201145,0.003587782429265428,9.70199919412789e-06,-7.837326458490358e-05,-8.843699586713014e-06,86.0,79.0,1.0886075949367089
WE00023---B002--PO01--LO001--CO6--SL001--PX32500--PW0100--IN0020--TM250--X023472--Y020134--Z210470--T2937935051.png,WE00023---B002--PO01--LO001--CO6--SL001--PX32500--PW0100--IN0020--TM250--X023472--Y020134--Z210470--T2937935051,WE00023---B002--PO01--LO001--CO6--SL001--PX32500--PW0100--IN0020--TM250--X023472--Y020134--Z210470--T2937935051,3241.0,4522.0,320.9066376115481,113.64240365173592,50.52641157834948,0.44678797904604356,0.8957248594685306,0.7167182662538699,104.31682510506155,0.29827819682831014,0.03992658139660325,0.005708700677495806,0.0021628710321234114,6.217925887821025e-06,0.00016806470390484063,4.370086764359042e-06,78.0,93.0,0.8387096774193549
WE00023---B002--PO01--LO001--CO6--SL001--PX32500--PW0100--IN0020--TM262--X023472--Y020134--Z211183--T2843699165.png,WE00023---B002--PO01--LO001--CO6--SL001--PX32500--PW0100--IN0020--TM262--X023472--Y020134--Z211183--T2843699165,WE00023---B002--PO01--LO001--CO6--SL001--PX32500--PW0100--IN0020--TM262--X023472--Y020134--Z211183--T2843699165,3276.0,4774.0,344.2914139223983,124.79364817262889,52.69833601509898,0.40147058823529413,0.9064636738042132,0.6862170087976539,127.94530081249565,0.35009480393380193,0.059599661138036365,0.022632338780525514,0.008523401525893213,0.00010908992864945582,0.0011348616927157134,4.597375815081302e-05,120.0,68.0,1.7647058823529411
WE00023---B002--PO01--LO001--CO6--SL001--PX32500--PW0100--IN0020--TM278--X023472--Y020134--Z213475--T2851825993.png,WE00023---B002--PO01--LO001--CO6--SL001--PX32500--PW0100--IN0020--TM278--X023472--Y020134--Z213475--T2851825993,WE00023---B002--PO01--LO001--CO6--SL001--PX32500--PW0100--IN0020--TM278--X023472--Y020134--Z213475--T2851825993,5301.0,6691.0,502.5584412271571,226.7058305985392,35.28785669681406,0.25728013977868375,0.9878115078447736,0.7922582573606337,222.17110523198104,0.6206466522546268,0.3496161698587704,0.060462958631597896,0.04984545710926186,0.0027362119547730797,0.029192597851526746,3.390355987042379e-05,204.0,101.0,2.01980198019802
WE00023---B002--PO01--LO001--CO6--SL001--PX32500--PW0100--IN0020--TM280--X023472--Y020134--Z211286--T2673679011.png,WE00023---B002--PO01--LO001--CO6--SL001--PX32500--PW0100--IN0020--TM280--X023472--Y020134--Z211286--T2673679011,WE00023---B002--PO01--LO001--CO6--SL001--PX32500--PW0100--IN0020--TM280--X023472--Y020134--Z211286--T2673679011,3873.0,6580.0,386.3330444827409,133.12981451142457,62.137976391870644,0.44619815668202767,0.88439074710735,0.5886018237082067,129.9730741346068,0.3483197072992994,0.05004297371130088,0.014619838737913135,0.006613853721211604,5.4049412986789105e-05,0.0007141091917552078,3.6170838094115504e-05,70.0,124.0,0.5645161290322581
WE00023---B002--PO01--LO001--CO6--SL001--PX32500--PW0100--IN0020--TM282--X023472--Y020134--Z210537--T2350929561.png,WE00023---B002--PO01--LO001--CO6--SL001--PX32500--PW0100--IN0020--TM282--X023472--Y020134--Z210537--T2350929561,WE00023---B002--PO01--LO001--CO6--SL001--PX32500--PW0100--IN0020--TM282--X023472--Y020134--Z210537--T2350929561,3267.0,5170.0,372.88329701443513,95.5518912586018,74.70132352864664,0.48001763150161625,0.6235443027090475,0.6319148936170212,84.34453153583817,0.2814212515309764,0.004611988093410382,0.002022190580660142,0.0011964732355364694,8.188892505234237e-08,-4.006534700073824e-05,-1.8592796062102868e-06,82.0,83.0,0.9879518072289156
WE00024---B001--PO01--LO001--CO6--SL001--PX32500--PW0100--IN0020--TM269--X014463--Y020134--Z210971--T2945967011.png,WE00024---B001--PO01--LO001--CO6--SL001--PX32500--PW0100--IN0020--TM269--X014463--Y020134--Z210971--T2945967011,WE00024---B001--PO01--LO001--CO6--SL001--PX32500--PW0100--IN0020--TM269--X014463--Y020134--Z210971--T2945967011,4851.0,5975.0,522.5512985522207,247.29971641564094,30.325667544364865,0.5462837837837838,0.9924528069513269,0.8118828451882846,240.67405344157896,0.799793803484691,0.6023257309809434,0.17536777161870765,0.15795225044331945,0.02628834622823236,0.12258517890236438,3.350315566633122e-05,240.0,37.0,6.486486486486487
WE00024---B001--PO01--LO001--CO6--SL001--PX32500--PW0100--IN0020--TM278--X014463--Y020134--Z211875--T2851907461.png,WE00024---B001--PO01--LO001--CO6--SL001--PX32500--PW0100--IN0020--TM278--X014463--Y020134--Z211875--T2851907461,WE00024---B001--PO01--LO001--CO6--SL001--PX32500--PW0100--IN0020--TM278--X014463--Y020134--Z211875--T2851907461,4192.0,6406.0,546.2914139223983,256.83148354224846,31.991309735333655,0.3317505539727762,0.9922118915163918,0.6543865126443958,245.2305038122297,0.9987156315167927,0.9374071011323245,0.6265462955840733,0.5670173519304613,0.3379591887350327,0.5481037386870706,0.001897966514468663,243.0,52.0,4.673076923076923
WE00024---B001--PO01--LO001--CO6--SL001--PX32500--PW0100--IN0020--TM278--X014463--Y020134--Z212061--T2336385973.png,WE00024---B001--PO01--LO001--CO6--SL001--PX32500--PW0100--IN0020--TM278--X014463--Y020134--Z212061--T2336385973,WE00024---B001--PO01--LO001--CO6--SL001--PX32500--PW0100--IN0020--TM278--X014463--Y020134--Z212061--T2336385973,3022.0,4589.0,341.9482681718907,105.40360709987253,57.608191059331816,0.4606005182136869,0.8374274041668194,0.6585312704292874,94.30270409696638,0.2984080093231465,0.025964602814771504,0.0026155133519907463,0.0010961341561399063,9.705204605278688e-07,-7.560513315380491e-05,-1.5820125200798097e-06,81.0,81.0,1.0
WE00024---B001--PO01--LO001--CO6--SL001--PX32500--PW0100--IN0020--TM280--X014463--Y020134--Z211886--T2673760654.png,WE00024---B001--PO01--LO001--CO6--SL001--PX32500--PW0100--IN0020--TM280--X014463--Y020134--Z211886--T2673760654,WE00024---B001--PO01--LO001--CO6--SL001--PX32500--PW0100--IN0020--TM280--X014463--Y020134--Z211886--T2673760654,2897.0,4188.0,295.4213562373095,98.42497355435201,57.716937450286245,0.46786175710594313,0.8100177093225651,0.691738299904489,95.1892851112981,0.28086641974057536,0.018804523239747805,0.010815814149932643,0.001421565034962324,-3.024556371869214e-06,-0.00012525796308956137,-4.682238577109295e-06,86.0,72.0,1.1944444444444444
WE00024---B001--PO01--LO001--CO6--SL001--PX32500--PW0100--IN0020--TM282--X014463--Y020134--Z209239--T2361496961.png,WE00024---B001--PO01--LO001--CO6--SL001--PX32500--PW0100--IN0020--TM282--X014463--Y020134--Z209239--T2361496961,WE00024---B001--PO01--LO001--CO6--SL001--PX32500--PW0100--IN0020--TM282--X014463--Y020134--Z209239--T2361496961,1279.0,1618.0,180.98885271170678,67.73328169077756,29.867218600216372,0.4817325800376648,0.8975300153100974,0.7904820766378244,69.8927750200262,0.2677799157308119,0.03261544750492148,0.004145491123052007,0.0007074827650738769,6.425047147630525e-07,1.823173420625425e-05,1.0272192238757351e-06,45.0,59.0,0.7627118644067796
WE00024---B001--PO01--LO001--CO6--SL001--PX32500--PW0100--IN0020--TM282--X014463--Y020134--Z218137--T2351010131.png,WE00024---B001--PO01--LO001--CO6--SL001--PX32500--PW0100--IN0020--TM282--X014463--Y020134--Z218137--T2351010131,WE00024---B001--PO01--LO001--CO6--SL001--PX32500--PW0100--IN0020--TM282--X014463--Y020134--Z218137--T2351010131,2907.0,3713.0,310.492424049175,80.60611234880258,60.479064883753104,0.59375,0.6610932972015562,0.7829248586049017,80.1311425102625,0.21833210004302117,0.0037272874656671252,0.0004079363465922788,0.00011462043126550806,1.4730282824461462e-08,-6.918847533503635e-06,-1.993278557668338e-08,72.0,68.0,1.0588235294117647
WE00024---B001--PO01--LO001--CO6--SL001--PX32500--PW0100--IN0020--TM284--X014463--Y020134--Z210977--T2860222252.png,WE00024---B001--PO01--LO001--CO6--SL001--PX32500--PW0100--IN0020--TM284--X014463--Y020134--Z210977--T2860222252,WE00024---B001--PO01--LO001--CO6--SL001--PX32500--PW0100--IN0020--TM284--X014463--Y020134--Z210977--T2860222252,3167.0,6403.0,396.9604614807105,133.86027129262797,62.205820351705576,0.29348531183393567,0.8854644533788096,0.4946119006715602,118.10588469674151,0.429983744793271,0.0768697089143974,0.02158048138385172,0.01390768393412477,0.00022653772215220334,0.0011462004158239788,8.205961492999308e-05,99.0,109.0,0.908256880733945
WE00025---C001--PO01--LO001--CO6--SL001--PX32500--PW0100--IN0020--TM250--X014463--Y029106--Z212070--T2938094962.png,WE00025---C001--PO01--LO001--CO6--SL001--PX32500--PW0100--IN0020--TM250--X014463--Y029106--Z212070--T2938094962,WE00025---C001--PO01--LO001--CO6--SL001--PX32500--PW0100--IN0020--TM250--X014463--Y029106--Z212070--T2938094962,2785.0,4383.0,333.8061325481597,93.08267692116745,64.24319382972185,0.47590567327409433,0.7236439633722107,0.6354095368469085,82.09750300709517,0.28706401921574626,0.010367758389956672,0.0028407309534980237,0.0018530807281641039,3.3613775736460633e-06,-3.1802944532048845e-05,2.6033804712048883e-06,77.0,76.0,1.013157894736842
WE00025---C001--PO01--LO001--CO6--SL001--PX32500--PW0100--IN0020--TM256--X014463--Y029106--Z209973--T2926102144.png,WE00025---C001--PO01--LO001--CO6--SL001--PX32500--PW0100--IN0020--TM256--X014463--Y029106--Z209973--T2926102144,WE00025---C001--PO01--LO001--CO6--SL001--PX32500--PW0100--IN0020--TM256--X014463--Y029106--Z209973--T2926102144,2787.0,3896.0,355.84776310850236,85.38492434565102,64.15851609940812,0.5385507246376812,0.6598431953529481,0.7153490759753593,78.89233169326408,0.255805985234808,0.005067267819807818,0.00041153356647506565,0.0006893330517422891,2.7762490012582294e-07,-4.772069688084975e-06,2.4026078799635586e-07,75.0,69.0,1.0869565217391304
WE00025---C001--PO01--LO001--CO6--SL001--PX32500--PW0100--IN0020--TM262--X014463--Y029106--Z214583--T2843860257.png,WE00025---C001--PO01--LO001--CO6--SL001--PX32500--PW0100--IN0020--TM262--X014463--Y029106--Z214583--T2843860257,WE00025---C001--PO01--LO001--CO6--SL001--PX32500--PW0100--IN0020--TM262--X014463--Y029106--Z214583--T2843860257,3698.0,6531.0,386.5756851698602,142.39448595819871,56.74393522858192,0.3264477401129944,0.917169148419404,0.5662226305313122,134.46560898608982,0.3971076226427317,0.08309916499805606,0.02939519878807683,0.014362071172095646,0.00027305934722100334,0.0022130160552962046,0.00011189476559553798,118.0,96.0,1.2291666666666667
WE00025---C001--PO01--LO001--CO6--SL001--PX32500--PW0100--IN0020--TM278--X014463--Y029106--Z210675--T2851988550.png,WE00025---C001--PO01--LO001--CO6--SL001--PX32500--PW0100--IN0020--TM278--X014463--Y029106--Z210675--T2851988550,WE00025---C001--PO01--LO001--CO6--SL001--PX32500--PW0100--IN0020--TM278--X014463--Y029106--Z210675--T2851988550,4794.0,6501.0,522.0193359837562,239.60620594631493,30.24951691242299,0.30742593305117355,0.9919988635729622,0.7374250115366867,232.13142829009604,0.7604058093635645,0.5425014748846847,0.1076318753751947,0.09338136991506361,0.009361299973979116,0.06814234495413765,-9.97482684917091e-05,226.0,69.0,3.2753623188405796
WE00025---C001--PO01--LO001--CO6--SL001--PX32500--PW0100--IN0020--TM280--X014463--Y029106--Z211886--T2673842395.png,WE00025---C001--PO01--LO001--CO6--SL001--PX32500--PW0100--IN0020--TM280--X014463--Y029106--Z211886--T2673842395,WE00025---C001--PO01--LO001--CO6--SL001--PX32500--PW0100--IN0020--TM280--X014463--Y029106--Z211886--T2673842395,3087.0,5409.0,371.84776310850236,115.88558094025431,60.12863604926556,0.37390988372093026,0.854857952951832,0.5707154742096506,102.55242561733974,0.3450947672296176,0.03948027874630548,0.008246597895311696,0.004324146687398233,1.7804333168040852e-05,7.389113927031663e-05,-1.8702292736407538e-05,96.0,86.0,1.1162790697674418
WE00025---C001--PO01--LO001--CO6--SL001--PX32500--PW0100--IN0020--TM280--X014463--Y029106--Z220711--T2271038364.png,WE00025---C001--PO01--LO001--CO6--SL001--PX32500--PW0100--IN0020--TM280--X014463--Y029106--Z220711--T2271038364,WE00025---C001--PO01--LO001--CO6--SL001--PX32500--PW0100--IN0020--TM280--X014463--Y029106--Z220711--T2271038364,3465.0,5136.0,369.84776310850236,99.90535374534487,77.3831461824376,0.4632352941176471,0.6324948578677378,0.6746495327102804,90.62008607367353,0.2880452925698954,0.005187243088589483,0.006585741547799454,0.0011639271245721873,2.2141414598281037e-06,-8.171173547523168e-06,-2.3413656180286472e-06,88.0,85.0,1.035294117647059
WE00025---C001--PO01--LO001--CO6--SL001--PX32500--PW0100--IN0020--TM282--X014463--Y029106--Z215937--T2351090879.png,WE00025---C001--PO01--LO001--CO6--SL001--PX32500--PW0100--IN0020--TM282--X014463--Y029106--Z215937--T2351090879,WE00025---C001--PO01--LO001--CO6--SL001--PX32500--PW0100--IN0020--TM282--X014463--Y029106--Z215937--T2351090879,3016.0,4621.0,359.60512242138304,91.34378063919198,73.10986617530025,0.5026666666666667,0.5994910836713677,0.6526725816922744,83.24061508662703,0.283669156035128,0.003861394767476442,0.0014864705181966702,0.0009872292540697059,5.056123676861281e-07,-5.035587589309043e-05,-1.083790034084636e-06,75.0,80.0,0.9375
WE00025---C001--PO01--LO001--CO6--SL001--PX32500--PW0100--IN0020--TM284--X014463--Y029106--Z211177--T2860303217.png,WE00025---C001--PO01--LO001--CO6--SL001--PX32500--PW0100--IN0020--TM284--X014463--Y029106--Z211177--T2860303217,WE00025---C001--PO01--LO001--CO6--SL001--PX32500--PW0100--IN0020--TM284--X014463--Y029106--Z211177--T2860303217,4058.0,6973.0,415.747258045114,136.58648214901882,66.13917085088083,0.44286805631343445,0.8749411557769708,0.5819589846550982,122.24974437601087,0.3547045500660152,0.04838182097484112,0.010852141400756207,0.0030575184340680744,1.1707224149820576e-05,-0.00023765200403170879,1.3157783345696187e-05,119.0,77.0,1.5454545454545454
WE00025---C001--PO01--LO001--CO6--SL001--PX32500--PW0100--IN0020--TM284--X014463--Y029106--Z221017--T2276926388.png,WE00025---C001--PO01--LO001--CO6--SL001--PX32500--PW0100--IN0020--TM284--X014463--Y029106--Z221017--T2276926388,WE00025---C001--PO01--LO001--CO6--SL001--PX32500--PW0100--IN0020--TM284--X014463--Y029106--Z221017--T2276926388,3592.0,6189.0,427.2031021678297,185.36442141056878,48.40269171858912,0.32014260249554366,0.9653058606451387,0.5803845532396187,173.5655495770978,0.6386203593137477,0.31035065771056897,0.1197240318741037,0.05600799096343751,0.004380837032839972,0.02284563049231176,0.0013574698850460525,170.0,66.0,2.5757575757575757
WE00026---C002--PO01--LO001--CO6--SL001--PX32500--PW0100--IN0020--TM256--X023472--Y029106--Z210173--T2926181706.png,WE00026---C002--PO01--LO001--CO6--SL001--PX32500--PW0100--IN0020--TM256--X023472--Y029106--Z210173--T2926181706,WE00026---C002--PO01--LO001--CO6--SL001--PX32500--PW0100--IN0020--TM256--X023472--Y029106--Z210173--T2926181706,3140.0,4996.0,381.2325394193526,102.99137535723645,69.06816055314651,0.47147147147147145,0.7418003210619079,0.6285028022417934,91.21403400793103,0.3060834832836464,0.013497465857457234,0.0032362756951775404,0.0013474690864448149,-1.3532300464513154e-06,-0.00014484448376386,-2.46708761920122e-06,74.0,90.0,0.8222222222222222
WE00026---C002--PO01--LO001--CO6--SL001--PX32500--PW0100--IN0020--TM269--X023472--Y029106--Z219371--T2946130216.png,WE00026---C002--PO01--LO001--CO6--SL001--PX32500--PW0100--IN0020--TM269--X023472--Y029106--Z219371--T2946130216,WE00026---C002--PO01--LO001--CO6--SL001--PX32500--PW0100--IN0020--TM269--X023472--Y029106--Z219371--T2946130216,4357.0,5954.0,509.00209204105306,243.52138436672251,28.16913592721215,0.22876194476530506,0.9932872115239951,0.7317769566677864,225.47061892849808,0.8620634160943704,0.7044216685379944,0.203716557322834,0.1864825153083308,0.03634707141340365,0.1565101189821319,7.471111693695305e-05,214.0,89.0,2.404494382022472
WE00026---C002--PO01--LO001--CO6--SL001--PX32500--PW0100--IN0020--TM278--X023472--Y029106--Z215745--T2268671141.png,WE00026---C002--PO01--LO001--CO6--SL001--PX32500--PW0100--IN0020--TM278--X023472--Y029106--Z215745--T2268671141,WE00026---C002--PO01--LO001--CO6--SL001--PX32500--PW0100--IN0020--TM278--X023472--Y029106--Z215745--T2268671141,1350.0,2865.0,253.7645019878171,90.24562978645774,46.63437748224128,0.3187721369539551,0.8561366886692848,0.4712041884816754,79.12016177940993,0.47773328049585934,0.07637824099445965,0.06690428408198283,0.019110555325277778,0.00033522930476136077,0.00017407432933826562,-0.0005954620423461248,55.0,77.0,0.7142857142857143
WE00026---C002--PO01--LO001--CO6--SL001--PX32500--PW0100--IN0020--TM280--X023472--Y029106--Z212686--T2673924075.png,WE00026---C002--PO01--LO001--CO6--SL001--PX32500--PW0100--IN0020--TM280--X023472--Y029106--Z212686--T2673924075,WE00026---C002--PO01--LO001--CO6--SL001--PX32500--PW0100--IN0020--TM280--X023472--Y029106--Z212686--T2673924075,3107.0,4963.0,383.40411229460636,105.78260656375497,65.9178566042544,0.43027281539952916,0.7821066731181257,0.6260326415474511,91.4166286842826,0.3125024877438287,0.018958263291995,0.004099042778464072,0.0016412364548261122,1.2865742013468257e-06,-0.00010079892068685363,-4.057868992625299e-06,87.0,83.0,1.0481927710843373
WE00026---C002--PO01--LO001--CO6--SL001--PX32500--PW0100--IN0020--TM281--X023472--Y029106--Z210681--T2687988657.png,WE00026---C002--PO01--LO001--CO6--SL001--PX32500--PW0100--IN0020--TM281--X023472--Y029106--Z210681--T2687988657,WE00026---C002--PO01--LO001--CO6--SL001--PX32500--PW0100--IN0020--TM281--X023472--Y029106--Z210681--T2687988657,4698.0,7315.0,525.4213562373095,247.06653452248662,34.98157636873111,0.405,0.9899257194795359,0.6422419685577581,233.68354670365648,0.8283522664723345,0.6332863627382045,0.25148418313125726,0.21519983633818096,0.05005146264316922,0.16860132219524226,-0.001082077480879128,232.0,50.0,4.64
WE00026---C002--PO01--LO001--CO6--SL001--PX32500--PW0100--IN0020--TM281--X023472--Y029106--Z217207--T2272543683.png,WE00026---C002--PO01--LO001--CO6--SL001--PX32500--PW0100--IN0020--TM281--X023472--Y029106--Z217207--T2272543683,WE00026---C002--PO01--LO001--CO6--SL001--PX32500--PW0100--IN0020--TM281--X023472--Y029106--Z217207--T2272543683,3444.0,4724.0,368.5340546095176,92.25386637678426,70.08788585988631,0.5388828039430449,0.6502404936167396,0.729043183742591,88.56635930193812,0.2435955213010674,0.0042644998345553065,0.0013382683067461776,0.0003420984847192844,1.767383283249069e-07,-1.968592956536959e-05,-1.4947513202464374e-07,77.0,83.0,0.927710843373494
WE00026---C002--PO01--LO001--CO6--SL001--PX32500--PW0100--IN0020--TM284--X023472--Y029106--Z210577--T2860383980.png,WE00026---C002--PO01--LO001--CO6--SL001--PX32500--PW0100--IN0020--TM284--X023472--Y029106--Z210577--T2860383980,WE00026---C002--PO01--LO001--CO6--SL001--PX32500--PW0100--IN0020--TM284--X023472--Y029106--Z210577--T2860383980,3208.0,3687.0,303.9066376115481,132.40250315333998,34.714464127109885,0.44555555555555554,0.965016575372868,0.8700840791971792,127.47156545677157,0.36501552487731065,0.10116148372853165,0.008677412666630099,0.005211083450910918,3.50240498259749e-05,0.0016515276591283295,-1.1171328153893912e-06,120.0,60.0,2.0
WE00026---C002--PO01--LO001--CO6--SL001--PX32500--PW0100--IN0020--TM284--X023472--Y029106--Z212617--T2277023306.png,WE00026---C002--PO01--LO001--CO6--SL001--PX32500--PW0100--IN0020--TM284--X023472--Y029106--Z212617--T2277023306,WE00026---C002--PO01--LO001--CO6--SL001--PX32500--PW0100--IN0020--TM284--X023472--Y029106--Z212617--T2277023306,3502.0,6766.0,419.10259710444143,184.4805260098251,59.998084969186486,0.27882165605095544,0.9456359068042092,0.5175879396984925,162.7820628939196,0.6716311157344281,0.29500249028577014,0.12854984920445775,0.0370208736982491,0.0019262319525346792,0.006060347327135805,0.0016769295013316211,157.0,80.0,1.9625
WE00027---C003--PO01--LO001--CO6--SL001--PX32500--PW0100--IN0020--TM250--X032481--Y029106--Z209670--T2938255211.png,WE00027---C003--PO01--LO001--CO6--SL001--PX32500--PW0100--IN0020--TM250--X032481--Y029106--Z209670--T2938255211,WE00027---C003--PO01--LO001--CO6--SL001--PX32500--PW0100--IN0020--TM250--X032481--Y029106--Z209670--T2938255211,3039.0,5976.0,383.9482681718907,121.39242126182818,70.03712480518445,0.3365448504983389,0.8167808205886898,0.5085341365461847,112.36102527122117,0.4039428839829331,0.0408777567267714,0.024921053330592684,0.016186275295443746,0.0003145665690146767,0.0012779404925305922,-8.204491135454661e-05,86.0,105.0,0.819047619047619
WE00027---C003--PO01--LO001--CO6--SL001--PX32500--PW0100--IN0020--TM256--X032481--Y029106--Z210773--T2926262826.png,WE00027---C003--PO01--LO001--CO6--SL001--PX32500--PW0100--IN0020--TM256--X032481--Y029106--Z210773--T2926262826,WE00027---C003--PO01--LO001--CO6--SL001--PX32500--PW0100--IN0020--TM256--X032481--Y029106--Z210773--T2926262826,3621.0,7009.0,409.30360723121805,149.4256361709072,60.60415414801395,0.36739042207792205,0.9140592407576719,0.5166214866600085,132.18925826253812,0.44878632016495035,0.10368139054793872,0.023071246047425546,0.019440937578906314,0.000406296167341711,0.0038006267462119955,6.666406515906441e-05,128.0,77.0,1.6623376623376624
WE00027---C003--PO01--LO001--CO6--SL001--PX32500--PW0100--IN0020--TM261--X032481--Y029106--Z215583--T2844022341.png,WE00027---C003--PO01--LO001--CO6--SL001--PX32500--PW0100--IN0020--TM261--X032481--Y029106--Z215583--T2844022341,WE00027---C003--PO01--LO001--CO6--SL001--PX32500--PW0100--IN0020--TM261--X032481--Y029106--Z215583--T2844022341,3354.0,5709.0,390.91883092036784,103.52002485558262,76.5466489364878,0.42857142857142855,0.6732245676431765,0.5874934314240673,92.57429448826494,0.30888090730296575,0.008191646693553593,0.0026250289475752277,0.0027670302283132006,5.447526595536907e-06,-0.00010594067387167376,-5.092876197524509e-06,91.0,86.0,1.058139534883721
WE00027---C003--PO01--LO001--CO6--SL001--PX32500--PW0100--IN0020--TM279--X032481--Y029106--Z216661--T2336634902.png,WE00027---C003--PO01--LO001--CO6--SL001--PX32500--PW0100--IN0020--TM279--X032481--Y029106--Z216661--T2336634902,WE00027---C003--PO01--LO001--CO6--SL001--PX32500--PW0100--IN0020--TM279--X032481--Y029106--Z216661--T2336634902,4007.0,5130.0,416.9015869776647,176.4008368105336,38.07844403957322,0.2341631603553062,0.9764236228765462,0.7810916179337232,181.95878654244757,0.5079739070366143,0.21412975759110783,0.041821461546101786,0.025289269384898234,0.000816574868496837,0.010340616877783608,-9.804296421193558e-05,124.0,138.0,0.8985507246376812
WE00027---C003--PO01--LO001--CO6--SL001--PX32500--PW0100--IN0020--TM280--X032481--Y029106--Z210086--T2674005988.png,WE00027---C003--PO01--LO001--CO6--SL001--PX32500--PW0100--IN0020--TM280--X032481--Y029106--Z210086--T2674005988,WE00027---C003--PO01--LO001--CO6--SL001--PX32500--PW0100--IN0020--TM280--X032481--Y029106--Z210086--T2674005988,2755.0,4436.0,335.29751057680824,107.91190530199599,54.80771508175268,0.42932834657939845,0.861420089738976,0.6210550045085663,95.56673061269805,0.33232452219576974,0.03842857271596532,0.0026386035887022373,0.0021002319011946395,3.7443271020495236e-06,8.853970034230809e-05,-3.2286558591724925e-06,93.0,69.0,1.3478260869565217
WE00027---C003--PO01--LO001--CO6--SL001--PX32500--PW0100--IN0020--TM280--X032481--Y029106--Z218911--T2271262300.png,WE00027---C003--PO01--LO001--CO6--SL001--PX32500--PW0100--IN0020--TM280--X032481--Y029106--Z218911--T2271262300,WE00027---C003--PO01--LO001--CO6--SL001--PX32500--PW0100--IN0020--TM280--X032481--Y029106--Z218911--T2271262300,2460.0,3391.0,266.7228714274745,99.75375819785896,42.096038008312725,0.5359477124183006,0.9065960543190005,0.7254497198466529,91.41115905621152,0.2978376191716012,0.04317796652224657,0.0038095778624776095,0.001237820340999428,1.993982812354363e-06,3.7913418919436535e-05,1.8025619707225445e-06,90.0,51.0,1.7647058823529411
WE00027---C003--PO01--LO001--CO6--SL001--PX32500--PW0100--IN0020--TM283--X032481--Y029106--Z209537--T2351251399.png,WE00027---C003--PO01--LO001--CO6--SL001--PX32500--PW0100--IN0020--TM283--X032481--Y029106--Z209537--T2351251399,WE00027---C003--PO01--LO001--CO6--SL001--PX32500--PW0100--IN0020--TM283--X032481--Y029106--Z209537--T2351251399,3972.0,5917.0,392.9015869776647,164.46572373682386,49.1923432394212,0.3064105531127054,0.95422054211217,0.6712861247253676,159.53056133543816,0.4636968296459954,0.15018902698740877,0.0554539784551494,0.025107365591632097,0.000900529785302556,0.008035245921302836,-0.0002583137586875292,149.0,87.0,1.7126436781609196
WE00027---C003--PO01--LO001--CO6--SL001--PX32500--PW0100--IN0020--TM284--X032481--Y029106--Z211177--T2860465382.png,WE00027---C003--PO01--LO001--CO6--SL001--PX32500--PW0100--IN0020--TM284--X032481--Y029106--Z211177--T2860465382,WE00027---C003--PO01--LO001--CO6--SL001--PX32500--PW0100--IN0020--TM284--X032481--Y029106--Z211177--T2860465382,3034.0,6418.0,395.22034611053283,158.38778313572396,61.859222212555075,0.25074380165289256,0.9205793771868525,0.4727329386101589,142.00352108310554,0.5956092044205543,0.1918052848955466,0.1078261352615809,0.03907012542818288,0.002134303253774883,0.004955594320785479,-0.0013694716762348985,121.0,100.0,1.21
WE00028---C004--PO01--LO001--CO6--SL001--PX32500--PW0100--IN0020--TM250--X041490--Y029106--Z210470--T2938335088.png,WE00028---C004--PO01--LO001--CO6--SL001--PX32500--PW0100--IN0020--TM250--X041490--Y029106--Z210470--T2938335088,WE00028---C004--PO01--LO001--CO6--SL001--PX32500--PW0100--IN0020--TM250--X041490--Y029106--Z210470--T2938335088,2352.0,3206.0,267.55739520663053,81.82482429042996,47.66740074846132,0.5185185185185185,0.8127918078990924,0.7336244541484717,75.96051605933177,0.23829408387208081,0.013814748925818961,0.0008127916040312871,0.0005305664909601687,2.2134599372375027e-07,-6.650547359467815e-06,2.690731380069702e-07,72.0,63.0,1.1428571428571428
WE00028---C004--PO01--LO001--CO6--SL001--PX32500--PW0100--IN0020--TM256--X041490--Y029106--Z212973--T2926343443.png,WE00028---C004--PO01--LO001--CO6--SL001--PX32500--PW0100--IN0020--TM256--X041490--Y029106--Z212973--T2926343443,WE00028---C004--PO01--LO001--CO6--SL001--PX32500--PW0100--IN0020--TM256--X041490--Y029106--Z212973--T2926343443,3447.0,5800.0,371.747258045114,119.04539713239907,58.423643026968556,0.37733990147783253,0.8712904249484453,0.5943103448275862,110.4943437466371,0.3188484305728399,0.038052190825361924,0.008195960935605921,0.004492510740228058,2.3764648222665067e-05,0.00020435092990101226,-1.3355736616541462e-05,87.0,105.0,0.8285714285714286
WE00028---C004--PO01--LO001--CO6--SL001--PX32500--PW0100--IN0020--TM261--X041490--Y029106--Z212383--T2844102691.png,WE00028---C004--PO01--LO001--CO6--SL001--PX32500--PW0100--IN0020--TM261--X041490--Y029106--Z212383--T2844102691,WE00028---C004--PO01--LO001--CO6--SL001--PX32500--PW0100--IN0020--TM261--X041490--Y029106--Z212383--T2844102691,2914.0,4623.0,320.2914139223983,105.66969903160967,58.193582032816046,0.39972565157750345,0.8346952624239377,0.6303266277309106,97.16995420396162,0.3121263358622397,0.027841627319434768,0.006001362561397792,0.002765948343095352,7.711120980882313e-06,2.648562059884372e-05,-8.217802563034787e-06,81.0,90.0,0.9
WE00028---C004--PO01--LO001--CO6--SL001--PX32500--PW0100--IN0020--TM279--X041490--Y029106--Z218261--T2336717352.png,WE00028---C004--PO01--LO001--CO6--SL001--PX32500--PW0100--IN0020--TM279--X041490--Y029106--Z218261--T2336717352,WE00028---C004--PO01--LO001--CO6--SL001--PX32500--PW0100--IN0020--TM279--X041490--Y029106--Z218261--T2336717352,4446.0,7129.0,462.07315985291854,215.41280472637587,45.799050617822225,0.23370479394449117,0.9771370031792286,0.6236498807686912,193.86851214160592,0.6817958484814662,0.3879082524887163,0.10239412409789841,0.061336842795226366,0.004815800809867247,0.03256087839364989,-0.0006608579126267502,116.0,164.0,0.7073170731707317
WE00028---C004--PO01--LO001--CO6--SL001--PX32500--PW0100--IN0020--TM281--X041490--Y029106--Z211407--T2272770571.png,WE00028---C004--PO01--LO001--CO6--SL001--PX32500--PW0100--IN0020--TM281--X041490--Y029106--Z211407--T2272770571,WE00028---C004--PO01--LO001--CO6--SL001--PX32500--PW0100--IN0020--TM281--X041490--Y029106--Z211407--T2272770571,2951.0,3829.0,310.0071426749364,133.92305825801697,36.66208632521155,0.6313649978605049,0.9617995028776863,0.7706973100026117,123.3288287465668,0.4083254427926437,0.12347562749034209,0.0071039303482405254,0.0022234678682386886,7.255388452227506e-06,0.00031124172117801517,-5.0446596838552624e-06,123.0,38.0,3.236842105263158
WE00028---C004--PO01--LO001--CO6--SL001--PX32500--PW0100--IN0020--TM283--X041490--Y029106--Z210937--T2351332257.png,WE00028---C004--PO01--LO001--CO6--SL001--PX32500--PW0100--IN0020--TM283--X041490--Y029106--Z210937--T2351332257,WE00028---C004--PO01--LO001--CO6--SL001--PX32500--PW0100--IN0020--TM283--X041490--Y029106--Z210937--T2351332257,5256.0,7290.0,492.19090885900994,216.28414242140968,42.19663116862965,0.4978687127024723,0.9807837277873314,0.7209876543209877,207.6968945362448,0.5774280101900923,0.28631298480529427,0.05622773689708231,0.035735359945196214,0.0015914884912176653,0.017634262644644617,0.00018192319859747024,207.0,51.0,4.0588235294117645
WE00028---C004--PO01--LO001--CO6--SL001--PX32500--PW0100--IN0020--TM283--X041490--Y029106--Z210977--T2860546535.png,WE00028---C004--PO01--LO001--CO6--SL001--PX32500--PW0100--IN0020--TM283--X041490--Y029106--Z210977--T2860546535,WE00028---C004--PO01--LO001--CO6--SL001--PX32500--PW0100--IN0020--TM283--X041490--Y029106--Z210977--T2860546535,3169.0,3982.0,307.0782104868019,128.37977475027103,36.29994074832625,0.39711779448621554,0.9591923546475164,0.7958312405826218,124.88794977899188,0.3510384242517814,0.0894385660751931,0.010525034420546264,0.006129866582549262,4.913449984109517e-05,0.0017900110557920934,-3.1696035735294374e-06,114.0,70.0,1.6285714285714286
WE00028---C004--PO01--LO001--CO6--SL001--PX32500--PW0100--IN0020--TM283--X041490--Y029106--Z211017--T2277216459.png,WE00028---C004--PO01--LO001--CO6--SL001--PX32500--PW0100--IN0020--TM283--X041490--Y029106--Z211017--T2277216459,WE00028---C004--PO01--LO001--CO6--SL001--PX32500--PW0100--IN0020--TM283--X041490--Y029106--Z211017--T2277216459,2469.0,3715.0,281.9066376115481,97.40312165492524,52.207675394705,0.4281255418761921,0.8442205743934881,0.6646029609690444,84.81155581640984,0.3091588061523657,0.02929767021112391,0.007764908383425266,0.002333796750831051,5.596282949501668e-06,-4.0243203363567604e-05,8.208745213956573e-06,79.0,73.0,1.082191780821918
WE00029---C005--PO01--LO001--CO6--SL001--PX32500--PW0100--IN0020--TM250--X050499--Y029106--Z210270--T2938414902.png,WE00029---C005--PO01--LO001--CO6--SL001--PX32500--PW0100--IN0020--TM250--X050499--Y029106--Z210270--T2938414902,WE00029---C005--PO01--LO001--CO6--SL001--PX32500--PW0100--IN0020--TM250--X050499--Y029106--Z210270--T2938414902,3697.0,4976.0,376.71782079359116,104.34571947345407,60.937592066685724,0.5412091933831065,0.8117557814958614,0.7429662379421221,99.40824915468535,0.2468457414680581,0.0147116453504817,0.0009926024267048357,0.0004799123437031569,2.0755783727415055e-07,-7.154952519961547e-06,-2.5813466042775896e-07,99.0,69.0,1.434782608695652
WE00029---C005--PO01--LO001--CO6--SL001--PX32500--PW0100--IN0020--TM261--X050499--Y029106--Z212583--T2844183446.png,WE00029---C005--PO01--LO001--CO6--SL001--PX32500--PW0100--IN0020--TM261--X050499--Y029106--Z212583--T2844183446,WE00029---C005--PO01--LO001--CO6--SL001--PX32500--PW0100--IN0020--TM261--X050499--Y029106--Z212583--T2844183446,2888.0,3741.0,312.49242404917493,104.82915172133609,42.55513170163506,0.47719762062128224,0.9138964000827984,0.7719860999732692,95.524865872714,0.27701026412652363,0.03945316141287476,0.0020092249081440426,0.0003342484960811848,1.0129932224474942e-07,3.880599119138032e-06,2.544971346778003e-07,89.0,68.0,1.3088235294117647
WE00029---C005--PO01--LO001--CO6--SL001--PX32500--PW0100--IN0020--TM278--X050499--Y029106--Z210475--T2852311346.png,WE00029---C005--PO01--LO001--CO6--SL001--PX32500--PW0100--IN0020--TM278--X050499--Y029106--Z210475--T2852311346,WE00029---C005--PO01--LO001--CO6--SL001--PX32500--PW0100--IN0020--TM278--X050499--Y029106--Z210475--T2852311346,4588.0,7179.0,534.1320343559643,248.67947530884973,36.04405954282337,0.2746647509578544,0.9894401772676241,0.6390862237080374,237.9768896342668,0.8601331689762887,0.6801914228629347,0.22215119599798652,0.174392308351413,0.03429376035834108,0.13648549397596116,0.0014729271307865003,232.0,72.0,3.2222222222222223
WE00029---C005--PO01--LO001--CO6--SL001--PX32500--PW0100--IN0020--TM279--X050499--Y029106--Z209461--T2336799960.png,WE00029---C005--PO01--LO001--CO6--SL001--PX32500--PW0100--IN0020--TM279--X050499--Y029106--Z209461--T2336799960,WE00029---C005--PO01--LO001--CO6--SL001--PX32500--PW0100--IN0020--TM279--X050499--Y029106--Z209461--T2336799960,3201.0,5889.0,389.4041122946064,116.42948991699984,79.91936827842551,0.4177215189873418,0.727206639142399,0.543555781966378,102.95630140987001,0.3893886978357422,0.01959169478359159,0.019284501352744506,0.0057393336085230845,3.682950222102603e-05,8.715465219400139e-05,-4.7847545528978305e-05,97.0,79.0,1.2278481012658229
WE00029---C005--PO01--LO001--CO6--SL001--PX32500--PW0100--IN0020--TM281--X050499--Y029106--Z212207--T2272882756.png,WE00029---C005--PO01--LO001--CO6--SL001--PX32500--PW0100--IN0020--TM281--X050499--Y029106--Z212207--T2272882756,WE00029---C005--PO01--LO001--CO6--SL001--PX32500--PW0100--IN0020--TM281--X050499--Y029106--Z212207--T2272882756,1987.0,2642.0,226.75230867899737,88.08790540261404,38.21223178486658,0.5161038961038961,0.9010108380667946,0.7520817562452687,80.99382692526635,0.28999917388652013,0.03925992753188355,0.005530923764914308,0.0007720837548483223,-7.16831333165879e-07,-0.0001028617651248126,-1.4253972291591951e-06,77.0,50.0,1.54
WE00029---C005--PO01--LO001--CO6--SL001--PX32500--PW0100--IN0020--TM283--X050499--Y029106--Z215017--T2277312469.png,WE00029---C005--PO01--LO001--CO6--SL001--PX32500--PW0100--IN0020--TM283--X050499--Y029106--Z215017--T2277312469,WE00029---C005--PO01--LO001--CO6--SL001--PX32500--PW0100--IN0020--TM283--X050499--Y029106--Z215017--T2277312469,3193.0,5135.0,409.78888860545663,99.34634583201984,78.46321002404646,0.4705275567344533,0.61337137948225,0.621811100292113,91.92388155425118,0.31369738015684523,0.005282795722655858,0.0013898902021928677,0.0014125956120596118,1.9678431871462213e-06,-2.783760718085303e-05,2.1288290190888798e-07,78.0,87.0,0.896551724137931
WE00029---C005--PO01--LO001--CO6--SL001--PX32500--PW0100--IN0020--TM283--X050499--Y029106--Z219377--T2860627892.png,WE00029---C005--PO01--LO001--CO6--SL001--PX32500--PW0100--IN0020--TM283--X050499--Y029106--Z219377--T2860627892,WE00029---C005--PO01--LO001--CO6--SL001--PX32500--PW0100--IN0020--TM283--X050499--Y029106--Z219377--T2860627892,1916.0,3759.0,315.22034611053283,135.05028772638585,34.250483229601706,0.23095467695274832,0.9673058159637651,0.5097100292631019,130.034610777285,0.6332096756406846,0.30988908263707915,0.1018321827061476,0.06483292243224845,0.00519192394065626,0.02799930498795859,-0.0008913427869773815,122.0,68.0,1.7941176470588236
WE00030---C006--PO01--LO001--CO6--SL001--PX32500--PW0100--IN0020--TM261--X059508--Y029106--Z215183--T2844263929.png,WE00030---C006--PO01--LO001--CO6--SL001--PX32500--PW0100--IN0020--TM261--X059508--Y029106--Z215183--T2844263929,WE00030---C006--PO01--LO001--CO6--SL001--PX32500--PW0100--IN0020--TM261--X059508--Y029106--Z215183--T2844263929,3001.0,3587.0,346.47518010647184,86.74427792877464,54.13846831860812,0.5598880597014926,0.781331911491691,0.8366322832450516,85.0881895447306,0.21775123928001988,0.009152371458084233,0.0005071365233378512,4.064055465273098e-05,-4.920103707450374e-09,1.2034385580742355e-06,-3.1358721043412338e-09,80.0,67.0,1.1940298507462686
WE00030---C006--PO01--LO001--CO6--SL001--PX32500--PW0100--IN0020--TM280--X059508--Y029106--Z209486--T2674250636.png,WE00030---C006--PO01--LO001--CO6--SL001--PX32500--PW0100--IN0020--TM280--X059508--Y029106--Z209486--T2674250636,WE00030---C006--PO01--LO001--CO6--SL001--PX32500--PW0100--IN0020--TM280--X059508--Y029106--Z209486--T2674250636,2743.0,3992.0,295.22034611053283,108.19289129898397,46.49839199510932,0.42343315838221673,0.9029369306659506,0.6871242484969939,98.4733466477097,0.31598163930378714,0.04728604509066194,0.007177519298584921,0.0030539044825290025,1.157039642952139e-05,0.0003284184610007648,-8.39964792602529e-06,82.0,79.0,1.0379746835443038
WE00030---C006--PO01--LO001--CO6--SL001--PX32500--PW0100--IN0020--TM280--X059508--Y029106--Z218911--T2271596365.png,WE00030---C006--PO01--LO001--CO6--SL001--PX32500--PW0100--IN0020--TM280--X059508--Y029106--Z218911--T2271596365,WE00030---C006--PO01--LO001--CO6--SL001--PX32500--PW0100--IN0020--TM280--X059508--Y029106--Z218911--T2271596365,2505.0,4472.0,333.7056274847714,109.30591431753699,49.94283143977656,0.3440934065934066,0.8895135586870486,0.5601520572450805,101.01980003939822,0.36033107078379917,0.055632619451122994,0.012733540643454397,0.00820103697194943,7.98463640951244e-05,0.0009339413104651912,-2.5457590056208298e-05,91.0,80.0,1.1375
WE00030---C006--PO01--LO001--CO6--SL001--PX32500--PW0100--IN0020--TM283--X059508--Y029106--Z212737--T2351492831.png,WE00030---C006--PO01--LO001--CO6--SL001--PX32500--PW0100--IN0020--TM283--X059508--Y029106--Z212737--T2351492831,WE00030---C006--PO01--LO001--CO6--SL001--PX32500--PW0100--IN0020--TM283--X059508--Y029106--Z212737--T2351492831,4086.0,6178.0,473.3563850798539,212.69628511800857,38.695307719777134,0.4346808510638298,0.9833119430640948,0.6613790870831985,201.9504889818294,0.7148959334087347,0.44768050747686583,0.07885864085215046,0.046130483947912845,0.002759656481220315,0.028489804279737987,-0.0003543808676106481,200.0,47.0,4.25531914893617
WE00030---C006--PO01--LO001--CO6--SL001--PX32500--PW0100--IN0020--TM283--X059508--Y029106--Z215177--T2860710288.png,WE00030---C006--PO01--LO001--CO6--SL001--PX32500--PW0100--IN0020--TM283--X059508--Y029106--Z215177--T2860710288,WE00030---C006--PO01--LO001--CO6--SL001--PX32500--PW0100--IN0020--TM283--X059508--Y029106--Z215177--T2860710288,2448.0,3755.0,302.6345596729059,100.47275885426463,52.14172522244641,0.45714285714285713,0.8547962150230862,0.651930758988016,89.19641248391103,0.32714294273285116,0.03546344159858528,0.005864679622898581,0.0010649217293739255,-1.0165162765388899e-06,-0.00014529939265904045,2.459546785149601e-06,63.0,85.0,0.7411764705882353
WE00031---C007--PO01--LO001--CO6--SL001--PX32500--PW0100--IN0020--TM250--X068517--Y029106--Z211470--T2938575016.png,WE00031---C007--PO01--LO001--CO6--SL001--PX32500--PW0100--IN0020--TM250--X068517--Y029106--Z211470--T2938575016,WE00031---C007--PO01--LO001--CO6--SL001--PX32500--PW0100--IN0020--TM250--X068517--Y029106--Z211470--T2938575016,3336.0,5469.0,423.445742854949,102.12029982637426,82.49181736832382,0.46853932584269664,0.5894695588404154,0.609983543609435,90.60905032059435,0.32286899672807,0.004608947965701711,0.001122754657075105,0.0012577618337782776,1.1172915670710924e-06,-5.390850962252933e-05,-9.927959388749197e-07,89.0,80.0,1.1125
WE00031---C007--PO01--LO001--CO6--SL001--PX32500--PW0100--IN0020--TM256--X068517--Y029106--Z211373--T2926582878.png,WE00031---C007--PO01--LO001--CO6--SL001--PX32500--PW0100--IN0020--TM256--X068517--Y029106--Z211373--T2926582878,WE00031---C007--PO01--LO001--CO6--SL001--PX32500--PW0100--IN0020--TM256--X068517--Y029106--Z211373--T2926582878,4054.0,6254.0,390.6406563273158,139.37256085924182,55.440249915411826,0.45601799775028123,0.9174788609428595,0.6482251359130157,127.56566936288148,0.34685391019897616,0.06354566554148042,0.007549340332058355,0.0024816244773334098,8.31324964552269e-06,4.161731874003282e-06,6.801936257500373e-06,127.0,70.0,1.8142857142857143
WE00031---C007--PO01--LO001--CO6--SL001--PX32500--PW0100--IN0020--TM261--X068517--Y029106--Z215583--T2844344878.png,WE00031---C007--PO01--LO001--CO6--SL001--PX32500--PW0100--IN0020--TM261--X068517--Y029106--Z215583--T2844344878,WE00031---C007--PO01--LO001--CO6--SL001--PX32500--PW0100--IN0020--TM261--X068517--Y029106--Z215583--T2844344878,3330.0,6452.0,389.1614716074871,127.36663611121516,72.7806620962426,0.3867595818815331,0.8206532981694709,0.5161190328580285,107.56393447619885,0.4038904799071724,0.04204682039622808,0.019402185244796935,0.006605628175698042,4.092994239866037e-05,-0.0005229065114359919,6.258652211110706e-05,105.0,82.0,1.2804878048780488
WE00031---C007--PO01--LO001--CO6--SL001--PX32500--PW0100--IN0020--TM280--X068517--Y029106--Z209486--T2674332045.png,WE00031---C007--PO01--LO001--CO6--SL001--PX32500--PW0100--IN0020--TM280--X068517--Y029106--Z209486--T2674332045,WE00031---C007--PO01--LO001--CO6--SL001--PX32500--PW0100--IN0020--TM280--X068517--Y029106--Z209486--T2674332045,2681.0,3661.0,289.8061325481598,112.84067673145886,36.709174048115194,0.3919590643274854,0.9456044578934443,0.7323135755258127,98.22932352408826,0.32824929561050953,0.07044775840567834,0.0036510826503109084,0.0018413487476933916,4.720388182181677e-06,0.00047648260958235613,-7.158366382777047e-07,90.0,76.0,1.1842105263157894
WE00031---C007--PO01--LO001--CO6--SL001--PX32500--PW0100--IN0020--TM281--X068517--Y029106--Z216607--T2273107329.png,WE00031---C007--PO01--LO001--CO6--SL001--PX32500--PW0100--IN0020--TM281--X068517--Y029106--Z216607--T2273107329,WE00031---C007--PO01--LO001--CO6--SL001--PX32500--PW0100--IN0020--TM281--X068517--Y029106--Z216607--T2273107329,3077.0,4808.0,376.6406563273158,91.76611646029805,74.27407767725376,0.4689833866788599,0.5872790104330912,0.6399750415973378,82.56512580987206,0.2831016157176574,0.003480265451839393,0.0032059648607456388,0.0018874233451900045,1.6651723502985982e-06,-4.482170238816034e-05,-4.3339507486478235e-06,81.0,81.0,1.0
WE00031---C007--PO01--LO001--CO6--SL001--PX32500--PW0100--IN0020--TM283--X068517--Y029106--Z212537--T2351572443.png,WE00031---C007--PO01--LO001--CO6--SL001--PX32500--PW0100--IN0020--TM283--X068517--Y029106--Z212537--T2351572443,WE00031---C007--PO01--LO001--CO6--SL001--PX32500--PW0100--IN0020--TM283--X068517--Y029106--Z212537--T2351572443,4655.0,6055.0,473.1787155501902,204.00435167405138,34.801682635490046,0.5280771412365286,0.985341606457906,0.7687861271676301,205.54804791094466,0.5750393745463399,0.29432399933637604,0.05928694576724214,0.049841278666309836,0.002709210835304687,0.026968334385084475,-2.6322956844331588e-05,205.0,43.0,4.767441860465116
WE00031---C007--PO01--LO001--CO6--SL001--PX32500--PW0100--IN0020--TM283--X068517--Y029106--Z223017--T2277506519.png,WE00031---C007--PO01--LO001--CO6--SL001--PX32500--PW0100--IN0020--TM283--X068517--Y029106--Z223017--T2277506519,WE00031---C007--PO01--LO001--CO6--SL001--PX32500--PW0100--IN0020--TM283--X068517--Y029106--Z223017--T2277506519,3203.0,6777.0,439.30360723121805,116.30943226039204,85.508726538797,0.3475854584915898,0.6778686009762548,0.4726280064925483,102.95630140987001,0.40664272453601114,0.014712550673310443,0.01016897123253827,0.006505181077215136,2.2830964761400288e-05,-0.00046505924081037564,4.772927902445652e-05,95.0,97.0,0.979381443298969
WE00031---C007--PO01--LO001--CO6--SL001--PX32500--PW0100--IN0020--TM284--X068517--Y029106--Z213177--T2860791353.png,WE00031---C007--PO01--LO001--CO6--SL001--PX32500--PW0100--IN0020--TM284--X068517--Y029106--Z213177--T2860791353,WE00031---C007--PO01--LO001--CO6--SL001--PX32500--PW0100--IN0020--TM284--X068517--Y029106--Z213177--T2860791353,3411.0,5183.0,469.9655121145938,212.5879619154134,30.754135121900585,0.3849018280297901,0.9894806238257935,0.6581130619332433,211.53250341259616,0.8454166369548038,0.6573254480615092,0.35884052582271925,0.30995508414202155,0.10337025754305168,0.2512288688010478,-0.00040239376305522406,211.0,42.0,5.023809523809524
WE00032---C008--PO01--LO001--CO6--SL001--PX32500--PW0100--IN0020--TM261--X077526--Y029106--Z216183--T2844425825.png,WE00032---C008--PO01--LO001--CO6--SL001--PX32500--PW0100--IN0020--TM261--X077526--Y029106--Z216183--T2844425825,WE00032---C008--PO01--LO001--CO6--SL001--PX32500--PW0100--IN0020--TM261--X077526--Y029106--Z216183--T2844425825,2838.0,4798.0,383.6761902332486,94.59668937748162,73.03315842294468,0.46101364522417154,0.6355645654913161,0.5914964568570238,87.32124598286491,0.31453435232581656,0.006336912449713073,0.0014763846917101764,0.0013175871473652704,1.6032009869976137e-07,-0.00010416197171623528,1.8306687798459359e-06,76.0,81.0,0.9382716049382716
WE00032---C008--PO01--LO001--CO6--SL001--PX32500--PW0100--IN0020--TM278--X077526--Y029106--Z211275--T2852552822.png,WE00032---C008--PO01--LO001--CO6--SL001--PX32500--PW0100--IN0020--TM278--X077526--Y029106--Z211275--T2852552822,WE00032---C008--PO01--LO001--CO6--SL001--PX32500--PW0100--IN0020--TM278--X077526--Y029106--Z211275--T2852552822,3945.0,5923.0,521.9655121145938,253.0345867159939,31.346727751823888,0.39300657501494324,0.992296810023284,0.6660476110079352,240.10414407085938,1.029929014817503,0.997589690329474,0.7211069091313338,0.6541940474564473,0.44931782755697547,0.6524683551102436,0.002373672618666056,239.0,42.0,5.690476190476191
WE00032---C008--PO01--LO001--CO6--SL001--PX32500--PW0100--IN0020--TM279--X077526--Y029106--Z213861--T2337048368.png,WE00032---C008--PO01--LO001--CO6--SL001--PX32500--PW0100--IN0020--TM279--X077526--Y029106--Z213861--T2337048368,WE00032---C008--PO01--LO001--CO6--SL001--PX32500--PW0100--IN0020--TM279--X077526--Y029106--Z213861--T2337048368,3832.0,6007.0,450.6173157302028,99.56380902424071,90.19135022701799,0.46296967500302044,0.4235669475556744,0.6379224238388547,96.04686356149273,0.29435398817830266,0.000841401533356148,0.0016359170970312864,0.0015380592615288312,1.9422122863841656e-06,3.079655605372127e-05,-1.476500024404559e-06,89.0,93.0,0.956989247311828
WE00032---C008--PO01--LO001--CO6--SL001--PX32500--PW0100--IN0020--TM280--X077526--Y029106--Z210511--T2271708298.png,WE00032---C008--PO01--LO001--CO6--SL001--PX32500--PW0100--IN0020--TM280--X077526--Y029106--Z210511--T2271708298,WE00032---C008--PO01--LO001--CO6--SL001--PX32500--PW0100--IN0020--TM280--X077526--Y029106--Z210511--T2271708298,2602.0,4446.0,318.2497833620557,121.91994872867528,48.78275071282512,0.44677197802197804,0.9164622530448525,0.5852451641925326,104.47966309287182,0.4142061554840615,0.08992964189157956,0.019228856478123023,0.003999695654490549,3.235673190275621e-06,-0.0004901814016984148,3.492701459621769e-05,104.0,56.0,1.8571428571428572
WE00032---C008--PO01--LO001--CO6--SL001--PX32500--PW0100--IN0020--TM280--X077526--Y029106--Z211286--T2674413865.png,WE00032---C008--PO01--LO001--CO6--SL001--PX32500--PW0100--IN0020--TM280--X077526--Y029106--Z211286--T2674413865,WE00032---C008--PO01--LO001--CO6--SL001--PX32500--PW0100--IN0020--TM280--X077526--Y029106--Z211286--T2674413865,2848.0,3868.0,311.2203461105329,101.01143788673606,49.618984023132185,0.4688065843621399,0.8710347274466544,0.7362978283350569,91.67878707749138,0.2779440431757765,0.028860520489990514,0.002580045886430279,0.0008882048794695801,7.743267795038263e-07,-1.8718614686575904e-05,1.0992209846623847e-06,81.0,75.0,1.08
WE00032---C008--PO01--LO001--CO6--SL001--PX32500--PW0100--IN0020--TM283--X077526--Y029106--Z212337--T2351653151.png,WE00032---C008--PO01--LO001--CO6--SL001--PX32500--PW0100--IN0020--TM283--X077526--Y029106--Z212337--T2351653151,WE00032---C008--PO01--LO001--CO6--SL001--PX32500--PW0100--IN0020--TM283--X077526--Y029106--Z212337--T2351653151,3463.0,6618.0,412.47518010647184,124.89013630731024,76.15879874388793,0.3726861816616444,0.792550446293746,0.523269870051375,108.30050784737807,0.38618446384945404,0.03126621208446804,0.016926193387005063,0.006150212634532222,3.292186446430429e-05,-9.746129091227503e-05,-5.342034793138215e-05,101.0,92.0,1.0978260869565217
WE00033---C009--PO01--LO001--CO6--SL001--PX32500--PW0100--IN0020--TM250--X086535--Y029106--Z211070--T2938735790.png,WE00033---C009--PO01--LO001--CO6--SL001--PX32500--PW0100--IN0020--TM250--X086535--Y029106--Z211070--T2938735790,WE00033---C009--PO01--LO001--CO6--SL001--PX32500--PW0100--IN0020--TM250--X086535--Y029106--Z211070--T2938735790,2472.0,3190.0,250.65180361560903,97.83875204756554,42.140268896776334,0.6058823529411764,0.9024897025722457,0.7749216300940439,86.31338250816034,0.28691908537918753,0.03885757923443906,0.0036614255659519006,0.0006944962957576093,4.2670580750579437e-08,-5.302574195790286e-05,-1.106642635495237e-06,85.0,48.0,1.7708333333333333
WE00033---C009--PO01--LO001--CO6--SL001--PX32500--PW0100--IN0020--TM256--X086535--Y029106--Z209573--T2926741808.png,WE00033---C009--PO01--LO001--CO6--SL001--PX32500--PW0100--IN0020--TM256--X086535--Y029106--Z209573--T2926741808,WE00033---C009--PO01--LO001--CO6--SL001--PX32500--PW0100--IN0020--TM256--X086535--Y029106--Z209573--T2926741808,3072.0,5302.0,398.29751057680824,112.17636040998829,69.06720538029022,0.43243243243243246,0.7879791189805081,0.5794039984911354,98.2700361249552,0.35306426379139777,0.025268637707542247,0.005085033298204197,0.0020963864526617527,2.9042755540098327e-06,-0.00015505410042268792,6.1979830260821984e-06,96.0,74.0,1.2972972972972974
WE00033---C009--PO01--LO001--CO6--SL001--PX32500--PW0100--IN0020--TM261--X086535--Y029106--Z208983--T2844506275.png,WE00033---C009--PO01--LO001--CO6--SL001--PX32500--PW0100--IN0020--TM261--X086535--Y029106--Z208983--T2844506275,WE00033---C009--PO01--LO001--CO6--SL001--PX32500--PW0100--IN0020--TM261--X086535--Y029106--Z208983--T2844506275,3413.0,5965.0,367.8772003600252,112.4109347778078,67.79062116078896,0.39899462239887773,0.7976952724132044,0.5721709974853311,100.64790112068906,0.3155542516661692,0.02168052367826051,0.011374382550555348,0.0032579604609196907,3.156419110927993e-07,-0.00028316556025449855,1.9830224018371786e-05,94.0,91.0,1.032967032967033
WE00033---C009--PO01--LO001--CO6--SL001--PX32500--PW0100--IN0020--TM279--X086535--Y029106--Z211661--T2337130985.png,WE00033---C009--PO01--LO001--CO6--SL001--PX32500--PW0100--IN0020--TM279--X086535--Y029106--Z211661--T2337130985,WE00033---C009--PO01--LO001--CO6--SL001--PX32500--PW0100--IN0020--TM279--X086535--Y029106--Z211661--T2337130985,2244.0,3046.0,246.79393923933998,97.06110920068903,40.670148058326454,0.4486205517792883,0.9079788958309224,0.7367038739330269,92.28217596047462,0.308459220765215,0.04679488098655783,0.010462460013097103,0.0026256213101574677,9.769121780295748e-06,0.0002523992360292795,9.692393923422539e-06,61.0,82.0,0.7439024390243902
WE00033---C009--PO01--LO001--CO6--SL001--PX32500--PW0100--IN0020--TM281--X086535--Y029106--Z210007--T2273330786.png,WE00033---C009--PO01--LO001--CO6--SL001--PX32500--PW0100--IN0020--TM281--X086535--Y029106--Z210007--T2273330786,WE00033---C009--PO01--LO001--CO6--SL001--PX32500--PW0100--IN0020--TM281--X086535--Y029106--Z210007--T2273330786,2608.0,3395.0,266.69343417595167,80.90714392372844,53.99518610360819,0.5795555555555556,0.7447242600277063,0.7681885125184095,76.48529270389177,0.22674094277842677,0.0075696247229769835,0.001886789146766708,0.0003860400811893165,-2.3985693922460857e-07,-3.08508547150338e-05,-2.2586795557971627e-07,75.0,60.0,1.25
WE00033---C009--PO01--LO001--CO6--SL001--PX32500--PW0100--IN0020--TM281--X086535--Y029106--Z210481--T2688556535.png,WE00033---C009--PO01--LO001--CO6--SL001--PX32500--PW0100--IN0020--TM281--X086535--Y029106--Z210481--T2688556535,WE00033---C009--PO01--LO001--CO6--SL001--PX32500--PW0100--IN0020--TM281--X086535--Y029106--Z210481--T2688556535,5033.0,6745.0,527.4629867976521,246.45194797988916,34.010279022649264,0.348400941437076,0.9904322796459797,0.746182357301705,235.61409125941512,0.768617893680216,0.5474372426754719,0.19280782293945037,0.16811752225716461,0.030267680402655213,0.12436379858938672,-0.00010587381216359791,233.0,62.0,3.7580645161290325
WE00033---C009--PO01--LO001--CO6--SL001--PX32500--PW0100--IN0020--TM286--X086535--Y029106--Z211253--T2861342160.png,WE00033---C009--PO01--LO001--CO6--SL001--PX32500--PW0100--IN0020--TM286--X086535--Y029106--Z211253--T2861342160,WE00033---C009--PO01--LO001--CO6--SL001--PX32500--PW0100--IN0020--TM286--X086535--Y029106--Z211253--T2861342160,2841.0,5066.0,345.60512242138304,100.49437057490329,70.00438234206656,0.3771405814416567,0.7174596764449815,0.5607974733517568,95.12623192369179,0.32998354594201496,0.013078998630245892,0.009372509102017547,0.005443279108877004,2.0238546901713825e-05,-0.0001265056218310876,3.319644558463021e-05,81.0,93.0,0.8709677419354839
WE00034---C010--PO01--LO001--CO6--SL001--PX32500--PW0100--IN0020--TM250--X095544--Y029106--Z216670--T2938815984.png,WE00034---C010--PO01--LO001--CO6--SL001--PX32500--PW0100--IN0020--TM250--X095544--Y029106--Z216670--T2938815984,WE00034---C010--PO01--LO001--CO6--SL001--PX32500--PW0100--IN0020--TM250--X095544--Y029106--Z216670--T2938815984,4055.0,7713.0,424.8183258569795,149.41062250473368,59.97661080936825,0.3572057787174066,0.9158935067906754,0.5257357707766109,137.05838172107534,0.3995180018716162,0.08330750710192326,0.018521241845585613,0.012514600256545043,0.00017857798069885374,0.0018273054286102597,6.641619062950148e-05,86.0,132.0,0.6515151515151515
WE00034---C010--PO01--LO001--CO6--SL001--PX32500--PW0100--IN0020--TM256--X095544--Y029106--Z210573--T2926821750.png,WE00034---C010--PO01--LO001--CO6--SL001--PX32500--PW0100--IN0020--TM256--X095544--Y029106--Z210573--T2926821750,WE00034---C010--PO01--LO001--CO6--SL001--PX32500--PW0100--IN0020--TM256--X095544--Y029106--Z210573--T2926821750,3351.0,4690.0,334.8355697996826,91.87801975293226,69.71739672432616,0.5891350210970464,0.6513191926447042,0.714498933901919,87.66413177577246,0.24809918531291586,0.004461009905532322,0.002055880431310709,0.0005971481672940847,-4.4772467182484406e-08,-3.4146035233427525e-05,6.60123911939428e-07,79.0,72.0,1.0972222222222223
WE00034---C010--PO01--LO001--CO6--SL001--PX32500--PW0100--IN0020--TM261--X095544--Y029106--Z217383--T2844586836.png,WE00034---C010--PO01--LO001--CO6--SL001--PX32500--PW0100--IN0020--TM261--X095544--Y029106--Z217383--T2844586836,WE00034---C010--PO01--LO001--CO6--SL001--PX32500--PW0100--IN0020--TM261--X095544--Y029106--Z217383--T2844586836,3154.0,4962.0,335.8061325481597,105.23796686963384,65.90340812043108,0.4580973129992738,0.7796365671825383,0.6356307940346635,91.8313671900838,0.30553045483398555,0.017794887872551058,0.006972589397522472,0.0017458791678046828,-5.940542867653677e-07,-0.00012888951108395514,6.062380612035079e-06,81.0,85.0,0.9529411764705882
WE00034---C010--PO01--LO001--CO6--SL001--PX32500--PW0100--IN0020--TM271--X095544--Y029106--Z211171--T2946775346.png,WE00034---C010--PO01--LO001--CO6--SL001--PX32500--PW0100--IN0020--TM271--X095544--Y029106--Z211171--T2946775346,WE00034---C010--PO01--LO001--CO6--SL001--PX32500--PW0100--IN0020--TM271--X095544--Y029106--Z211171--T2946775346,4873.0,6612.0,563.4213562373095,267.19024615012336,33.180814456437155,0.4154305200341006,0.9922591785957612,0.7369933454325469,256.3220630378899,0.9297608517052639,0.812737150194564,0.40101482935672883,0.3576616124354292,0.1354519322641752,0.32215507609138144,0.0005443425388759054,255.0,46.0,5.543478260869565
WE00034---C010--PO01--LO001--CO6--SL001--PX32500--PW0100--IN0020--TM279--X095544--Y029106--Z210875--T2852713739.png,WE00034---C010--PO01--LO001--CO6--SL001--PX32500--PW0100--IN0020--TM279--X095544--Y029106--Z210875--T2852713739,WE00034---C010--PO01--LO001--CO6--SL001--PX32500--PW0100--IN0020--TM279--X095544--Y029106--Z210875--T2852713739,4960.0,6050.0,507.5218613006979,232.67721324628238,31.936392324847144,0.5414847161572053,0.9905355788443327,0.8198347107438017,229.96086623597503,0.6950430786136909,0.4480148549668197,0.09441436059356405,0.08233045376403358,0.007258630586787186,0.054862041648089624,-3.516806211397072e-05,229.0,40.0,5.725
WE00034---C010--PO01--LO001--CO6--SL001--PX32500--PW0100--IN0020--TM279--X095544--Y029106--Z214061--T2337213633.png,WE00034---C010--PO01--LO001--CO6--SL001--PX32500--PW0100--IN0020--TM279--X095544--Y029106--Z214061--T2337213633,WE00034---C010--PO01--LO001--CO6--SL001--PX32500--PW0100--IN0020--TM279--X095544--Y029106--Z214061--T2337213633,3901.0,6980.0,451.445742854949,120.43594927991033,79.28940709376307,0.4068627450980392,0.7527090444718472,0.5588825214899713,105.26157893552613,0.3331137521826715,0.017335694001847066,0.0034326204380139874,0.005032654313002973,1.9854132207824278e-05,0.00011444854514510203,-6.584280634571264e-06,102.0,94.0,1.0851063829787233
WE00034---C010--PO01--LO001--CO6--SL001--PX32500--PW0100--IN0020--TM281--X095544--Y029106--Z212481--T2688636754.png,WE00034---C010--PO01--LO001--CO6--SL001--PX32500--PW0100--IN0020--TM281--X095544--Y029106--Z212481--T2688636754,WE00034---C010--PO01--LO001--CO6--SL001--PX32500--PW0100--IN0020--TM281--X095544--Y029106--Z212481--T2688636754,5691.0,7011.0,537.2203461105329,245.28545004230762,34.8342777002486,0.4269957983193277,0.9898644680319838,0.811724433033804,242.404620418011,0.6740728662071188,0.419153361434524,0.07819796016417975,0.06561597183509567,0.004699775175814504,0.042107272021718316,-5.965018631085418e-05,238.0,56.0,4.25
WE00034---C010--PO01--LO001--CO6--SL001--PX32500--PW0100--IN0020--TM283--X095544--Y029106--Z213417--T2277794972.png,WE00034---C010--PO01--LO001--CO6--SL001--PX32500--PW0100--IN0020--TM283--X095544--Y029106--Z213417--T2277794972,WE00034---C010--PO01--LO001--CO6--SL001--PX32500--PW0100--IN0020--TM283--X095544--Y029106--Z213417--T2277794972,2990.0,3954.0,289.4213562373095,101.44492280063983,52.815036323994356,0.5708285605192822,0.8537838152784216,0.7561962569549823,98.00510190801293,0.27342183160394273,0.024588418336679175,0.008734400545143909,0.0017240414744425997,2.687981584450588e-06,-1.373445357208963e-05,6.126444971917126e-06,97.0,54.0,1.7962962962962963
WE00035---C011--PO01--LO001--CO6--SL001--PX32500--PW0100--IN0020--TM250--X104554--Y029106--Z211470--T2938896211.png,WE00035---C011--PO01--LO001--CO6--SL001--PX32500--PW0100--IN0020--TM250--X104554--Y029106--Z211470--T2938896211,WE00035---C011--PO01--LO001--CO6--SL001--PX32500--PW0100--IN0020--TM250--X104554--Y029106--Z211470--T2938896211,3586.0,4996.0,318.19090885900994,129.2857330760371,50.78420580571561,0.5473137973137974,0.9196213796875269,0.7177742193755005,120.78493283518438,0.3362701536587701,0.06069852125590325,0.009991170716779164,0.0031966406114468607,1.3696758261983212e-05,0.00038013208982689894,-1.177962156668091e-05,117.0,56.0,2.0892857142857144
WE00035---C011--PO01--LO001--CO6--SL001--PX32500--PW0100--IN0020--TM271--X104554--Y029106--Z215771--T2946855933.png,WE00035---C011--PO01--LO001--CO6--SL001--PX32500--PW0100--IN0020--TM271--X104554--Y029106--Z215771--T2946855933,WE00035---C011--PO01--LO001--CO6--SL001--PX32500--PW0100--IN0020--TM271--X104554--Y029106--Z215771--T2946855933,5018.0,6958.0,556.7665940288703,278.80637016685967,29.22754276297268,0.1597275273745862,0.99449005390986,0.7211842483472262,250.04999500099976,0.9788167758766111,0.9168773957877909,0.2512524692087681,0.23228657691345228,0.0561153997706243,0.22141008496058753,-0.00036682867945256326,204.0,154.0,1.3246753246753247
WE00035---C011--PO01--LO001--CO6--SL001--PX32500--PW0100--IN0020--TM279--X104554--Y029106--Z210861--T2337295861.png,WE00035---C011--PO01--LO001--CO6--SL001--PX32500--PW0100--IN0020--TM279--X104554--Y029106--Z210861--T2337295861,WE00035---C011--PO01--LO001--CO6--SL001--PX32500--PW0100--IN0020--TM279--X104554--Y029106--Z210861--T2337295861,3653.0,6089.0,399.9898987322333,120.12671222451364,69.65691668611211,0.44505360623781676,0.8147147049786423,0.5999343077681064,109.65856099730654,0.3299088597058424,0.026855996661436357,0.010993223935596088,0.0036696594314720886,5.993052325528852e-06,-9.368062678561161e-05,2.2524133804516156e-05,108.0,76.0,1.4210526315789473
WE00035---C011--PO01--LO001--CO6--SL001--PX32500--PW0100--IN0020--TM280--X104554--Y029106--Z210086--T2674658730.png,WE00035---C011--PO01--LO001--CO6--SL001--PX32500--PW0100--IN0020--TM280--X104554--Y029106--Z210086--T2674658730,WE00035---C011--PO01--LO001--CO6--SL001--PX32500--PW0100--IN0020--TM280--X104554--Y029106--Z210086--T2674658730,3384.0,5078.0,349.7056274847714,99.1693814491431,64.37173967614574,0.49940968122786306,0.7606953953316327,0.6664040961008271,90.24965373894794,0.2581687183425518,0.01104721720801087,0.0015232111794310035,0.0008363425617260941,5.414603920555206e-07,-5.260653955245762e-05,-7.732350707789577e-07,77.0,88.0,0.875
WE00036---C012--PO01--LO001--CO6--SL001--PX32500--PW0100--IN0020--TM255--X113563--Y029106--Z210773--T2926980151.png,WE00036---C012--PO01--LO001--CO6--SL001--PX32500--PW0100--IN0020--TM255--X113563--Y029106--Z210773--T2926980151,WE00036---C012--PO01--LO001--CO6--SL001--PX32500--PW0100--IN0020--TM255--X113563--Y029106--Z210773--T2926980151,3464.0,7983.0,445.9310242291876,153.01446691257698,90.89576809493062,0.3325652841781874,0.8044400675328662,0.4339220844294125,127.81627439414747,0.5715117592037299,0.07473241511531069,0.09582959994403561,0.02958066882703884,0.0010404895401752926,0.0004888670451392908,0.0011822827429837453,124.0,84.0,1.4761904761904763
WE00036---C012--PO01--LO001--CO6--SL001--PX32500--PW0100--IN0020--TM261--X113563--Y029106--Z215583--T2844747839.png,WE00036---C012--PO01--LO001--CO6--SL001--PX32500--PW0100--IN0020--TM261--X113563--Y029106--Z215583--T2844747839,WE00036---C012--PO01--LO001--CO6--SL001--PX32500--PW0100--IN0020--TM261--X113563--Y029106--Z215583--T2844747839,3133.0,4461.0,332.3919189857867,100.01745021632989,60.3952109311704,0.5587658284287498,0.7971004444338048,0.7023088993499216,91.48223871331527,0.27232428684959686,0.01607661327543939,0.006234122710013167,0.0014889721588160457,1.2492463711218053e-06,-4.9846732756468136e-05,4.3610659014630944e-06,63.0,89.0,0.7078651685393258
WE00036---C012--PO01--LO001--CO6--SL001--PX32500--PW0100--IN0020--TM279--X113563--Y029106--Z216261--T2337377465.png,WE00036---C012--PO01--LO001--CO6--SL001--PX32500--PW0100--IN0020--TM279--X113563--Y029106--Z216261--T2337377465,WE00036---C012--PO01--LO001--CO6--SL001--PX32500--PW0100--IN0020--TM279--X113563--Y029106--Z216261--T2337377465,3854.0,6768.0,399.00209204105306,138.77365006729335,67.60189971452475,0.3333333333333333,0.8733250825229543,0.5694444444444444,132.23085872821065,0.38641902565536207,0.05673726460731068,0.03942227747233608,0.01349422373179231,0.0002361417304506178,0.001393909687412288,0.00020274668900427406,94.0,123.0,0.7642276422764228
WE00036---C012--PO01--LO001--CO6--SL001--PX32500--PW0100--IN0020--TM280--X113563--Y029106--Z210486--T2674740462.png,WE00036---C012--PO01--LO001--CO6--SL001--PX32500--PW0100--IN0020--TM280--X113563--Y029106--Z210486--T2674740462,WE00036---C012--PO01--LO001--CO6--SL001--PX32500--PW0100--IN0020--TM280--X113563--Y029106--Z210486--T2674740462,4470.0,7722.0,439.144227664784,153.44989823933906,59.057286878008604,0.33871334394180497,0.9229734428347331,0.5788655788655789,166.67633305301626,0.3780010403111706,0.07866258746295246,0.024129494101968223,0.011768981082988015,0.00019044898186212553,0.0015149171608555537,-5.5343348306249465e-05,159.0,83.0,1.9156626506024097
WE00036---C012--PO01--LO001--CO6--SL001--PX32500--PW0100--IN0020--TM281--X113563--Y029106--Z210481--T2688798050.png,WE00036---C012--PO01--LO001--CO6--SL001--PX32500--PW0100--IN0020--TM281--X113563--Y029106--Z210481--T2688798050,WE00036---C012--PO01--LO001--CO6--SL001--PX32500--PW0100--IN0020--TM281--X113563--Y029106--Z210481--T2688798050,5688.0,7458.0,558.1492782986674,266.265164281725,34.25838660237359,0.3887370147621651,0.9916884176486158,0.7626709573612228,250.89440009693323,0.7919169167828288,0.5869474593471448,0.17078198973343614,0.14952828784919048,0.023894310884064816,0.11420945158104726,-0.00017438281736109097,248.0,59.0,4.203389830508475
WE00036---C012--PO01--LO001--CO6--SL001--PX32500--PW0100--IN0020--TM283--X113563--Y029106--Z211137--T2351973721.png,WE00036---C012--PO01--LO001--CO6--SL001--PX32500--PW0100--IN0020--TM283--X113563--Y029106--Z211137--T2351973721,WE00036---C012--PO01--LO001--CO6--SL001--PX32500--PW0100--IN0020--TM283--X113563--Y029106--Z211137--T2351973721,3695.0,5244.0,365.10259710444143,156.90797663096052,42.63455401767172,0.285725332508506,0.9623772175505936,0.7046147978642258,147.29901561110313,0.4471890785978994,0.1487621926948084,0.01947274617716811,0.005094212815866606,3.577747770556325e-05,0.0007715800987882008,3.597593544541233e-05,122.0,106.0,1.150943396226415
WE00036---C012--PO01--LO001--CO6--SL001--PX32500--PW0100--IN0020--TM283--X113563--Y029106--Z213417--T2277985558.png,WE00036---C012--PO01--LO001--CO6--SL001--PX32500--PW0100--IN0020--TM283--X113563--Y029106--Z213417--T2277985558,WE00036---C012--PO01--LO001--CO6--SL001--PX32500--PW0100--IN0020--TM283--X113563--Y029106--Z213417--T2277985558,3768.0,8433.0,468.90158697766475,187.25164051047915,70.06823412637672,0.27705882352941175,0.9273508907919893,0.44681607968694415,171.05846953600397,0.663029695917172,0.25015958358440865,0.18778350268844077,0.10806590522044404,0.015028094482700856,0.036816035840068054,0.0033380878104870312,170.0,80.0,2.125
WE00037---D012--PO01--LO001--CO6--SL001--PX32500--PW0100--IN0020--TM255--X113563--Y038077--Z210373--T2927059004.png,WE00037---D012--PO01--LO001--CO6--SL001--PX32500--PW0100--IN0020--TM255--X113563--Y038077--Z210373--T2927059004,WE00037---D012--PO01--LO001--CO6--SL001--PX32500--PW0100--IN0020--TM255--X113563--Y038077--Z210373--T2927059004,3671.0,8074.0,445.00209204105306,151.420619687261,70.97442402876788,0.31966213862765586,0.8833448643186624,0.45466930889274215,133.3604139165742,0.47612321119397766,0.09277960008551428,0.04213677267598732,0.02111800289177586,0.0005389801087305825,0.001616609769300665,0.00032610493619966886,132.0,87.0,1.5172413793103448
WE00037---D012--PO01--LO001--CO6--SL001--PX32500--PW0100--IN0020--TM279--X113563--Y038077--Z215261--T2337459921.png,WE00037---D012--PO01--LO001--CO6--SL001--PX32500--PW0100--IN0020--TM279--X113563--Y038077--Z215261--T2337459921,WE00037---D012--PO01--LO001--CO6--SL001--PX32500--PW0100--IN0020--TM279--X113563--Y038077--Z215261--T2337459921,2974.0,4646.0,330.7766952966369,99.44036116963564,62.346361542639926,0.5011796427367712,0.7790414713844869,0.6401205337925097,86.83317338436964,0.28949760901044785,0.015906373946749746,0.004786337924677815,0.0015432446785608245,4.41009369706412e-07,-0.00011879991843684033,-4.17099594240681e-06,69.0,86.0,0.8023255813953488
WE00037---D012--PO01--LO001--CO6--SL001--PX32500--PW0100--IN0020--TM281--X113563--Y038077--Z209839--T2362550849.png,WE00037---D012--PO01--LO001--CO6--SL001--PX32500--PW0100--IN0020--TM281--X113563--Y038077--Z209839--T2362550849,WE00037---D012--PO01--LO001--CO6--SL001--PX32500--PW0100--IN0020--TM281--X113563--Y038077--Z209839--T2362550849,4310.0,7626.0,479.50461735799473,204.36653610615923,41.78207628827293,0.3201128936423054,0.9788776849369434,0.5651717807500656,192.1067411623028,0.6309661104841815,0.33678934475461414,0.15579159420558059,0.13507466175209218,0.019588403601591326,0.0776017050828817,-0.0004863141582499668,187.0,72.0,2.5972222222222223
WE00037---D012--PO01--LO001--CO6--SL001--PX32500--PW0100--IN0020--TM283--X113563--Y038077--Z214937--T2352053825.png,WE00037---D012--PO01--LO001--CO6--SL001--PX32500--PW0100--IN0020--TM283--X113563--Y038077--Z214937--T2352053825,WE00037---D012--PO01--LO001--CO6--SL001--PX32500--PW0100--IN0020--TM283--X113563--Y038077--Z214937--T2352053825,3958.0,6188.0,387.3624817342638,127.55058300520375,66.23855117545573,0.5049113407322362,0.8545847083485691,0.6396250808015513,120.07497657713701,0.3261858401779756,0.035201301155753026,0.007755892570843434,0.0038596521135821856,1.6259711528365234e-05,0.00037387947910131746,-1.347448021847143e-05,67.0,117.0,0.5726495726495726
WE00038---D011--PO01--LO001--CO6--SL001--PX32500--PW0100--IN0020--TM250--X104554--Y038077--Z209670--T2939137080.png,WE00038---D011--PO01--LO001--CO6--SL001--PX32500--PW0100--IN0020--TM250--X104554--Y038077--Z209670--T2939137080,WE00038---D011--PO01--LO001--CO6--SL001--PX32500--PW0100--IN0020--TM250--X104554--Y038077--Z209670--T2939137080,4138.0,6026.0,484.45079348883235,218.0307645730858,35.85657852617834,0.44361063464837047,0.9863843350599143,0.6866910056422171,212.19095173922943,0.7374200779955349,0.4880168744691955,0.3137644862464842,0.273362490813277,0.08005592583487174,0.19056041178900324,0.000704027077115072,212.0,44.0,4.818181818181818
WE00038---D011--PO01--LO001--CO6--SL001--PX32500--PW0100--IN0020--TM255--X104554--Y038077--Z210773--T2927138423.png,WE00038---D011--PO01--LO001--CO6--SL001--PX32500--PW0100--IN0020--TM255--X104554--Y038077--Z210773--T2927138423,WE00038---D011--PO01--LO001--CO6--SL001--PX32500--PW0100--IN0020--TM255--X104554--Y038077--Z210773--T2927138423,3242.0,6113.0,397.3624817342638,116.44038407140656,80.15429484122862,0.3798031865042174,0.7253578781318648,0.5303451660395878,102.88342918079665,0.38523816363724706,0.01891288839937178,0.011327708225453441,0.003742361346092366,4.106711242301292e-06,-0.0004425667604424161,2.4017734037748245e-05,88.0,97.0,0.9072164948453608
WE00038---D011--PO01--LO001--CO6--SL001--PX32500--PW0100--IN0020--TM279--X104554--Y038077--Z213661--T2337542533.png,WE00038---D011--PO01--LO001--CO6--SL001--PX32500--PW0100--IN0020--TM279--X104554--Y038077--Z213661--T2337542533,WE00038---D011--PO01--LO001--CO6--SL001--PX32500--PW0100--IN0020--TM279--X104554--Y038077--Z213661--T2337542533,2847.0,5070.0,354.4629867976521,111.77274090730673,63.304223842889364,0.4493371212121212,0.8241541876034428,0.5615384615384615,96.87620966986684,0.36223591425804713,0.034702645405575064,0.01251978798218002,0.006952965359955967,5.054096389071772e-05,0.00021122147979335575,4.0668361339145045e-05,96.0,66.0,1.4545454545454546
WE00038---D011--PO01--LO001--CO6--SL001--PX32500--PW0100--IN0020--TM280--X104554--Y038077--Z210686--T2674904246.png,WE00038---D011--PO01--LO001--CO6--SL001--PX32500--PW0100--IN0020--TM280--X104554--Y038077--Z210686--T2674904246,WE00038---D011--PO01--LO001--CO6--SL001--PX32500--PW0100--IN0020--TM280--X104554--Y038077--Z210686--T2674904246,3773.0,6836.0,423.34523779156063,127.67355932714,80.66545660314497,0.4148433205057724,0.7751231357856643,0.5519309537741369,108.04628637764465,0.3778070110034224,0.026319224437571728,0.008482731329202041,0.003444090017826014,5.264788693588672e-06,-0.00033272683268163305,-1.7855717472135747e-05,107.0,85.0,1.2588235294117647
WE00038---D011--PO01--LO001--CO6--SL001--PX32500--PW0100--IN0020--TM281--X104554--Y038077--Z209439--T2362631861.png,WE00038---D011--PO01--LO001--CO6--SL001--PX32500--PW0100--IN0020--TM281--X104554--Y038077--Z209439--T2362631861,WE00038---D011--PO01--LO001--CO6--SL001--PX32500--PW0100--IN0020--TM281--X104554--Y038077--Z209439--T2362631861,3192.0,3558.0,256.9360748630709,93.81671275796434,45.59670076485145,0.5550339071465832,0.8739482677304212,0.897133220910624,92.11405973031478,0.21304500926828385,0.017325988404651306,0.0006062592391254144,0.00010539715422205439,2.3089053548626495e-08,1.1486392015651357e-05,1.3293245061550657e-08,71.0,81.0,0.8765432098765432
WE00038---D011--PO01--LO001--CO6--SL001--PX32500--PW0100--IN0020--TM281--X104554--Y038077--Z210881--T2688959172.png,WE00038---D011--PO01--LO001--CO6--SL001--PX32500--PW0100--IN0020--TM281--X104554--Y038077--Z210881--T2688959172,WE00038---D011--PO01--LO001--CO6--SL001--PX32500--PW0100--IN0020--TM281--X104554--Y038077--Z210881--T2688959172,4439.0,5598.0,469.62236636408613,222.01209820885984,29.36694518265464,0.5816299790356394,0.9912128797485059,0.7929617720614505,212.19095173922943,0.706124538472368,0.4649048279244055,0.08857060396278162,0.07852661861587323,0.006548858311955266,0.05347189764118026,-2.9991412077972376e-05,212.0,36.0,5.888888888888889
WE00038---D011--PO01--LO001--CO6--SL001--PX32500--PW0100--IN0020--TM282--X104554--Y038077--Z215207--T2273885575.png,WE00038---D011--PO01--LO001--CO6--SL001--PX32500--PW0100--IN0020--TM282--X104554--Y038077--Z215207--T2273885575,WE00038---D011--PO01--LO001--CO6--SL001--PX32500--PW0100--IN0020--TM282--X104554--Y038077--Z215207--T2273885575,3012.0,5975.0,377.5756851698602,124.82756911141209,68.05515999028304,0.3273913043478261,0.8383103340851225,0.5041004184100418,109.27488274987991,0.4194353173051001,0.05163110640966451,0.034485748264946756,0.015218291031343444,0.0002648950643179838,0.0011749085401054097,0.00022666200395089913,92.0,100.0,0.92
WE00038---D011--PO01--LO001--CO6--SL001--PX32500--PW0100--IN0020--TM285--X104554--Y038077--Z209653--T2861716731.png,WE00038---D011--PO01--LO001--CO6--SL001--PX32500--PW0100--IN0020--TM285--X104554--Y038077--Z209653--T2861716731,WE00038---D011--PO01--LO001--CO6--SL001--PX32500--PW0100--IN0020--TM285--X104554--Y038077--Z209653--T2861716731,2958.0,4718.0,375.01933598375615,101.06381992780432,66.93854047978496,0.4633458646616541,0.7492040056363635,0.6269605765154727,90.37698822156003,0.31048563007022206,0.014673945283952477,0.0018323323129939887,0.001518711348500428,2.5287338911285587e-06,-3.11567965350258e-05,-1.547638306338668e-07,84.0,76.0,1.105263157894737
WE00039---D010--PO01--LO001--CO6--SL001--PX32500--PW0100--IN0020--TM250--X095544--Y038077--Z211270--T2939216815.png,WE00039---D010--PO01--LO001--CO6--SL001--PX32500--PW0100--IN0020--TM250--X095544--Y038077--Z211270--T2939216815,WE00039---D010--PO01--LO001--CO6--SL001--PX32500--PW0100--IN0020--TM250--X095544--Y038077--Z211270--T2939216815,3660.0,6739.0,421.8061325481597,168.64885785046584,58.56211152548544,0.3466894003978403,0.9377752380207058,0.5431072859474699,154.719100307622,0.5442615806111686,0.18244271446559593,0.09752531469658089,0.04055539719611095,0.0023701168329275323,0.013161741244628399,0.0009422241830797007,153.0,69.0,2.217391304347826
WE00039---D010--PO01--LO001--CO6--SL001--PX32500--PW0100--IN0020--TM255--X095544--Y038077--Z209973--T2927217617.png,WE00039---D010--PO01--LO001--CO6--SL001--PX32500--PW0100--IN0020--TM255--X095544--Y038077--Z209973--T2927217617,WE00039---D010--PO01--LO001--CO6--SL001--PX32500--PW0100--IN0020--TM255--X095544--Y038077--Z209973--T2927217617,3964.0,7954.0,433.84776310850236,140.6003119080445,82.59539538622838,0.308003108003108,0.8092617945527185,0.49836560221272314,130.24976007655445,0.41924897590260457,0.041667172488515834,0.0486287957531826,0.019738217762063217,0.0004698940481616106,0.0011173278929174316,-0.00039134747074955485,117.0,110.0,1.0636363636363637
WE00039---D010--PO01--LO001--CO6--SL001--PX32500--PW0100--IN0020--TM263--X095544--Y038077--Z213183--T2844988543.png,WE00039---D010--PO01--LO001--CO6--SL001--PX32500--PW0100--IN0020--TM263--X095544--Y038077--Z213183--T2844988543,WE00039---D010--PO01--LO001--CO6--SL001--PX32500--PW0100--IN0020--TM263--X095544--Y038077--Z213183--T2844988543,3413.0,6345.0,402.71782079359116,105.93155737830203,81.0866169884645,0.39502314814814815,0.6434807049436437,0.5379038613081166,100.57832768544127,0.32589610136292185,0.00723987391178107,0.005416485471977848,0.005136296847973252,1.8201904866824364e-05,-7.283336241289676e-05,2.0065969122832723e-05,90.0,96.0,0.9375
WE00039---D010--PO01--LO001--CO6--SL001--PX32500--PW0100--IN0020--TM279--X095544--Y038077--Z214061--T2337624315.png,WE00039---D010--PO01--LO001--CO6--SL001--PX32500--PW0100--IN0020--TM279--X095544--Y038077--Z214061--T2337624315,WE00039---D010--PO01--LO001--CO6--SL001--PX32500--PW0100--IN0020--TM279--X095544--Y038077--Z214061--T2337624315,3028.0,5335.0,367.3624817342638,114.51557528795264,66.6890159168431,0.4057893326186009,0.8129327293021474,0.567572633552015,98.2344135219425,0.36247609452377194,0.031998157040263965,0.009157077148025442,0.004119962436694018,1.695866756560319e-05,-0.0001648645529506413,-1.8782490428802943e-05,91.0,82.0,1.1097560975609757
WE00039---D010--PO01--LO001--CO6--SL001--PX32500--PW0100--IN0020--TM280--X095544--Y038077--Z210686--T2674986081.png,WE00039---D010--PO01--LO001--CO6--SL001--PX32500--PW0100--IN0020--TM280--X095544--Y038077--Z210686--T2674986081,WE00039---D010--PO01--LO001--CO6--SL001--PX32500--PW0100--IN0020--TM280--X095544--Y038077--Z210686--T2674986081,3650.0,5481.0,347.0609665440988,111.79615797178433,60.3998810328526,0.5475547554755475,0.8414930437678242,0.6659368728334245,102.42070103255493,0.27648161928141957,0.022965924955221022,0.0062304137485377185,0.0016441204384955053,1.1571789265339824e-06,-7.751449710844722e-05,-5.133284180391073e-06,101.0,66.0,1.5303030303030303
WE00039---D010--PO01--LO001--CO6--SL001--PX32500--PW0100--IN0020--TM283--X095544--Y038077--Z215337--T2352213977.png,WE00039---D010--PO01--LO001--CO6--SL001--PX32500--PW0100--IN0020--TM283--X095544--Y038077--Z215337--T2352213977,WE00039---D010--PO01--LO001--CO6--SL001--PX32500--PW0100--IN0020--TM283--X095544--Y038077--Z215337--T2352213977,3285.0,4675.0,418.3746750430836,87.24928398722096,78.02015926056876,0.5263579554558564,0.44762534430654016,0.7026737967914438,80.60397012554654,0.2606465526508228,0.0008421616204727802,0.000593064051244837,0.00027529945678032874,1.103127239971496e-07,-1.3671388533063437e-06,-1.4328924861378048e-08,79.0,79.0,1.0
WE00040---D009--PO01--LO001--CO6--SL001--PX32500--PW0100--IN0020--TM255--X086535--Y038077--Z210373--T2927296846.png,WE00040---D009--PO01--LO001--CO6--SL001--PX32500--PW0100--IN0020--TM255--X086535--Y038077--Z210373--T2927296846,WE00040---D009--PO01--LO001--CO6--SL001--PX32500--PW0100--IN0020--TM255--X086535--Y038077--Z210373--T2927296846,4583.0,9580.0,508.94321753800733,209.67515686818538,74.62354940268689,0.22837352999800678,0.9345237520747046,0.47839248434237996,195.0102561405425,0.6754902020122382,0.2741634790792939,0.22116441352027977,0.10040115281774718,0.014392763053937628,0.03548636039752742,-0.004084739706736065,173.0,116.0,1.4913793103448276
WE00040---D009--PO01--LO001--CO6--SL001--PX32500--PW0100--IN0020--TM263--X086535--Y038077--Z211383--T2845068916.png,WE00040---D009--PO01--LO001--CO6--SL001--PX32500--PW0100--IN0020--TM263--X086535--Y038077--Z211383--T2845068916,WE00040---D009--PO01--LO001--CO6--SL001--PX32500--PW0100--IN0020--TM263--X086535--Y038077--Z211383--T2845068916,3665.0,5333.0,481.62236636408613,216.39640903011735,32.06294221647884,0.41837899543379,0.9889622614560245,0.6872304519032439,219.32852071721086,0.8160886443503943,0.6100018507545009,0.3759337512362921,0.3333741446941455,0.11801171437008505,0.25901616409276995,0.0013499215781454946,219.0,40.0,5.475
WE00040---D009--PO01--LO001--CO6--SL001--PX32500--PW0100--IN0020--TM279--X086535--Y038077--Z213675--T2853195411.png,WE00040---D009--PO01--LO001--CO6--SL001--PX32500--PW0100--IN0020--TM279--X086535--Y038077--Z213675--T2853195411,WE00040---D009--PO01--LO001--CO6--SL001--PX32500--PW0100--IN0020--TM279--X086535--Y038077--Z213675--T2853195411,4222.0,5326.0,489.4802307403552,230.4607510887801,29.342767628933696,0.5049031332217173,0.9918614116058562,0.7927149831017649,226.3183598385248,0.7989867924640316,0.598295099916135,0.21909834886017818,0.19647943969418835,0.04076563108468467,0.15195273398683076,8.959393569966511e-05,226.0,37.0,6.108108108108108
WE00040---D009--PO01--LO001--CO6--SL001--PX32500--PW0100--IN0020--TM280--X086535--Y038077--Z211286--T2675067709.png,WE00040---D009--PO01--LO001--CO6--SL001--PX32500--PW0100--IN0020--TM280--X086535--Y038077--Z211286--T2675067709,WE00040---D009--PO01--LO001--CO6--SL001--PX32500--PW0100--IN0020--TM280--X086535--Y038077--Z211286--T2675067709,3706.0,6495.0,404.85385976291224,126.20583825946532,64.46645916132339,0.3986660929432014,0.8596971415514306,0.5705927636643572,117.17508267545622,0.33870476874616995,0.039413855377973504,0.005353770877255888,0.003539792178753303,1.188958469177217e-05,6.27188274958656e-05,9.80302019045644e-06,112.0,83.0,1.3493975903614457
WE00040---D009--PO01--LO001--CO6--SL001--PX32500--PW0100--IN0020--TM280--X086535--Y038077--Z214261--T2337706646.png,WE00040---D009--PO01--LO001--CO6--SL001--PX32500--PW0100--IN0020--TM280--X086535--Y038077--Z214261--T2337706646,WE00040---D009--PO01--LO001--CO6--SL001--PX32500--PW0100--IN0020--TM280--X086535--Y038077--Z214261--T2337706646,3310.0,5738.0,366.14927829866735,131.636071227206,66.06633402704736,0.3459448160535117,0.8649336350385681,0.5768560474032765,121.21056059601408,0.40960754795897747,0.05991490005435313,0.03718259709604373,0.011331180377360865,0.00016605405651967095,0.0005426950671468555,-0.00016285592891990072,104.0,92.0,1.1304347826086956
WE00040---D009--PO01--LO001--CO6--SL001--PX32500--PW0100--IN0020--TM281--X086535--Y038077--Z209281--T2689120807.png,WE00040---D009--PO01--LO001--CO6--SL001--PX32500--PW0100--IN0020--TM281--X086535--Y038077--Z209281--T2689120807,WE00040---D009--PO01--LO001--CO6--SL001--PX32500--PW0100--IN0020--TM281--X086535--Y038077--Z209281--T2689120807,4369.0,5419.0,495.76450198781714,231.98673511342082,28.258510118289795,0.39183856502242154,0.9925533273629518,0.8062373131574091,225.28426487440262,0.781305628614814,0.5752597061457712,0.13572350496863067,0.1229790024971657,0.01588797703867178,0.09314897386589926,7.90750552810476e-05,223.0,50.0,4.46
WE00040---D009--PO01--LO001--CO6--SL001--PX32500--PW0100--IN0020--TM281--X086535--Y038077--Z211439--T2362794689.png,WE00040---D009--PO01--LO001--CO6--SL001--PX32500--PW0100--IN0020--TM281--X086535--Y038077--Z211439--T2362794689,WE00040---D009--PO01--LO001--CO6--SL001--PX32500--PW0100--IN0020--TM281--X086535--Y038077--Z211439--T2362794689,2843.0,4535.0,360.19090885901,90.01192727490368,65.77931038657269,0.5068639686218577,0.6826083732572377,0.6269018743109152,87.98295289429652,0.27323832058291464,0.006887997850165918,0.0044243813199112214,0.0014421603515116066,-3.6262861224110547e-06,-0.00010867699635963987,3.474619494274179e-07,79.0,71.0,1.1126760563380282
WE00040---D009--PO01--LO001--CO6--SL001--PX32500--PW0100--IN0020--TM282--X086535--Y038077--Z211207--T2274105415.png,WE00040---D009--PO01--LO001--CO6--SL001--PX32500--PW0100--IN0020--TM282--X086535--Y038077--Z211207--T2274105415,WE00040---D009--PO01--LO001--CO6--SL001--PX32500--PW0100--IN0020--TM282--X086535--Y038077--Z211207--T2274105415,2829.0,5510.0,383.6467529817257,113.83270505216346,66.64559865242877,0.3637649479233638,0.8106942956022104,0.5134301270417423,104.29285689825551,0.3844008607112374,0.035398986945951054,0.00886266639740827,0.007056258235069956,5.2548526802540446e-05,-2.853517289876697e-05,-1.87731574288745e-05,101.0,77.0,1.3116883116883118
WE00040---D009--PO01--LO001--CO6--SL001--PX32500--PW0100--IN0020--TM283--X086535--Y038077--Z211908--T2275866272.png,WE00040---D009--PO01--LO001--CO6--SL001--PX32500--PW0100--IN0020--TM283--X086535--Y038077--Z211908--T2275866272,WE00040---D009--PO01--LO001--CO6--SL001--PX32500--PW0100--IN0020--TM283--X086535--Y038077--Z211908--T2275866272,2851.0,5652.0,387.6467529817257,116.61082358017761,67.6798382285747,0.3655128205128205,0.8143381535656106,0.5044232130219392,103.32473082471591,0.3985146588629723,0.03907870669215439,0.009024380124524303,0.008447717811488429,7.159287756292881e-05,0.00014020595864749604,-1.774596570066679e-05,100.0,78.0,1.2820512820512822
WE00041---D008--PO01--LO001--CO6--SL001--PX32500--PW0100--IN0020--TM250--X077526--Y038077--Z210870--T2939376114.png,WE00041---D008--PO01--LO001--CO6--SL001--PX32500--PW0100--IN0020--TM250--X077526--Y038077--Z210870--T2939376114,WE00041---D008--PO01--LO001--CO6--SL001--PX32500--PW0100--IN0020--TM250--X077526--Y038077--Z210870--T2939376114,3646.0,6004.0,454.2325394193526,206.2564072109449,41.908858386846426,0.3308529945553539,0.9791397114594107,0.6072618254497002,191.15700353374447,0.7593605651202665,0.48880445932396516,0.13639673459870236,0.06962880312716029,0.006631269870322105,0.041225238164697114,-0.0014387557020063284,190.0,58.0,3.2758620689655173
WE00041---D008--PO01--LO001--CO6--SL001--PX32500--PW0100--IN0020--TM255--X077526--Y038077--Z210173--T2927375596.png,WE00041---D008--PO01--LO001--CO6--SL001--PX32500--PW0100--IN0020--TM255--X077526--Y038077--Z210173--T2927375596,WE00041---D008--PO01--LO001--CO6--SL001--PX32500--PW0100--IN0020--TM255--X077526--Y038077--Z210173--T2927375596,3921.0,6961.0,460.6589462905455,202.4629403574445,50.19884499344245,0.3034829721362229,0.9687751580289423,0.5632811377675622,192.67589366602144,0.6935597783865373,0.3760455766332692,0.16145714279380838,0.09426281784483144,0.011482050763571925,0.04601791738307489,0.0018423390856273409,190.0,68.0,2.7941176470588234
WE00041---D008--PO01--LO001--CO6--SL001--PX32500--PW0100--IN0020--TM280--X077526--Y038077--Z209086--T2675148700.png,WE00041---D008--PO01--LO001--CO6--SL001--PX32500--PW0100--IN0020--TM280--X077526--Y038077--Z209086--T2675148700,WE00041---D008--PO01--LO001--CO6--SL001--PX32500--PW0100--IN0020--TM280--X077526--Y038077--Z209086--T2675148700,2976.0,4111.0,312.73506473629425,104.23684700209016,50.98820345904288,0.4955044955044955,0.8721956436465717,0.7239114570664072,96.79876032264049,0.2827855587390353,0.030132481485868938,0.001936145927970555,0.0005677112443189507,1.908712269398912e-07,-3.8174999229154244e-05,-5.637614001040958e-07,66.0,91.0,0.7252747252747253
WE00041---D008--PO01--LO001--CO6--SL001--PX32500--PW0100--IN0020--TM280--X077526--Y038077--Z210461--T2337788868.png,WE00041---D008--PO01--LO001--CO6--SL001--PX32500--PW0100--IN0020--TM280--X077526--Y038077--Z210461--T2337788868,WE00041---D008--PO01--LO001--CO6--SL001--PX32500--PW0100--IN0020--TM280--X077526--Y038077--Z210461--T2337788868,2810.0,5453.0,374.19090885900994,114.89215132315738,69.05460324755927,0.3811720021703744,0.7992200907019305,0.5153126719237118,99.45853407325085,0.3996606909550961,0.035170165461344396,0.013552254727451248,0.007593894885046911,6.276941372051314e-05,-0.00013511023876611988,4.466307124359287e-05,97.0,76.0,1.2763157894736843
WE00041---D008--PO01--LO001--CO6--SL001--PX32500--PW0100--IN0020--TM282--X077526--Y038077--Z210607--T2274217185.png,WE00041---D008--PO01--LO001--CO6--SL001--PX32500--PW0100--IN0020--TM282--X077526--Y038077--Z210607--T2274217185,WE00041---D008--PO01--LO001--CO6--SL001--PX32500--PW0100--IN0020--TM282--X077526--Y038077--Z210607--T2274217185,3072.0,5156.0,355.6051224213831,106.2921378445321,68.48886861218705,0.42524916943521596,0.7647344511454534,0.595810705973623,92.19544457292888,0.3252918231473477,0.018070276682685512,0.0064564291366404165,0.002560244683667826,1.8465689424721343e-06,-0.00011545851217768987,1.0244127689389383e-05,84.0,86.0,0.9767441860465116
WE00041---D008--PO01--LO001--CO6--SL001--PX32500--PW0100--IN0020--TM283--X077526--Y038077--Z209137--T2352374219.png,WE00041---D008--PO01--LO001--CO6--SL001--PX32500--PW0100--IN0020--TM283--X077526--Y038077--Z209137--T2352374219,WE00041---D008--PO01--LO001--CO6--SL001--PX32500--PW0100--IN0020--TM283--X077526--Y038077--Z209137--T2352374219,3574.0,5755.0,371.84776310850236,120.54555805655879,63.41737429137721,0.4866557734204793,0.8504311482936958,0.6210251954821894,104.92378186092989,0.3244438117162111,0.033776326928341364,0.007449885075116626,0.00209546900333886,-3.444994875993717e-08,-0.0002548653804845238,8.279286064987507e-06,102.0,72.0,1.4166666666666667
WE00041---D008--PO01--LO001--CO6--SL001--PX32500--PW0100--IN0020--TM284--X077526--Y038077--Z211053--T2861939263.png,WE00041---D008--PO01--LO001--CO6--SL001--PX32500--PW0100--IN0020--TM284--X077526--Y038077--Z211053--T2861939263,WE00041---D008--PO01--LO001--CO6--SL001--PX32500--PW0100--IN0020--TM284--X077526--Y038077--Z211053--T2861939263,3979.0,7284.0,426.8183258569795,158.57961657269448,60.17531446025838,0.307591218305504,0.9252063505629703,0.5462657880285557,155.32224567009067,0.45188117716030685,0.11432890144336895,0.04529125237552428,0.022015518744420502,0.0006571120729215462,0.0033528540324743302,-0.0002269058320025077,147.0,88.0,1.6704545454545454
WE00042---D007--PO01--LO001--CO6--SL001--PX32500--PW0100--IN0020--TM250--X068517--Y038077--Z211270--T2939455822.png,WE00042---D007--PO01--LO001--CO6--SL001--PX32500--PW0100--IN0020--TM250--X068517--Y038077--Z211270--T2939455822,WE00042---D007--PO01--LO001--CO6--SL001--PX32500--PW0100--IN0020--TM250--X068517--Y038077--Z211270--T2939455822,2333.0,5013.0,352.26197667087547,119.87136724955229,56.91471221658497,0.3121487824458121,0.8800946806890918,0.4653899860363056,104.27847332982968,0.4717217411319579,0.08890168187464789,0.029048562180307717,0.016492290632166548,0.00031214504012211315,0.000636913148474479,0.00018130753934101832,74.0,101.0,0.7326732673267327
WE00042---D007--PO01--LO001--CO6--SL001--PX32500--PW0100--IN0020--TM254--X068517--Y038077--Z209973--T2927454967.png,WE00042---D007--PO01--LO001--CO6--SL001--PX32500--PW0100--IN0020--TM254--X068517--Y038077--Z209973--T2927454967,WE00042---D007--PO01--LO001--CO6--SL001--PX32500--PW0100--IN0020--TM254--X068517--Y038077--Z209973--T2927454967,3932.0,8070.0,456.0315292925759,139.32705328764288,89.70759221133632,0.37490465293668956,0.7651404471969229,0.4872366790582404,118.56221995222593,0.43647443855183565,0.03263168247020599,0.02643214135048992,0.009906371312083564,0.00010680717649208951,-0.000512691174369016,-0.00011953600327275742,114.0,92.0,1.2391304347826086
WE00042---D007--PO01--LO001--CO6--SL001--PX32500--PW0100--IN0020--TM264--X068517--Y038077--Z215383--T2845228448.png,WE00042---D007--PO01--LO001--CO6--SL001--PX32500--PW0100--IN0020--TM264--X068517--Y038077--Z215383--T2845228448,WE00042---D007--PO01--LO001--CO6--SL001--PX32500--PW0100--IN0020--TM264--X068517--Y038077--Z215383--T2845228448,3099.0,4121.0,292.04877323527904,109.03210258412314,45.986780408933726,0.48406747891283974,0.9067015301936653,0.7520019412763892,99.68951800465283,0.2824052792492384,0.03885007176932741,0.002914381142279578,0.0010185386477986609,1.244699840442305e-06,5.639602004020423e-05,-1.2370177569868002e-06,97.0,66.0,1.4696969696969697
WE00042---D007--PO01--LO001--CO6--SL001--PX32500--PW0100--IN0020--TM280--X068517--Y038077--Z210286--T2675230254.png,WE00042---D007--PO01--LO001--CO6--SL001--PX32500--PW0100--IN0020--TM280--X068517--Y038077--Z210286--T2675230254,WE00042---D007--PO01--LO001--CO6--SL001--PX32500--PW0100--IN0020--TM280--X068517--Y038077--Z210286--T2675230254,3097.0,5674.0,371.7056274847714,120.63285661707506,62.81106511645298,0.4051543694400837,0.8537521742172859,0.5458230525202679,106.10372283760829,0.37329504352314924,0.0458212954531963,0.011592750895569486,0.0058094899604168295,3.366679893778304e-05,-9.107082882349801e-05,3.375725590781818e-05,98.0,78.0,1.2564102564102564
WE00042---D007--PO01--LO001--CO6--SL001--PX32500--PW0100--IN0020--TM281--X068517--Y038077--Z209281--T2689281750.png,WE00042---D007--PO01--LO001--CO6--SL001--PX32500--PW0100--IN0020--TM281--X068517--Y038077--Z209281--T2689281750,WE00042---D007--PO01--LO001--CO6--SL001--PX32500--PW0100--IN0020--TM281--X068517--Y038077--Z209281--T2689281750,3894.0,5885.0,527.0782104868019,238.23338012031013,31.469267635334152,0.33,0.9912371564292589,0.6616822429906543,238.0273093575609,0.926833882400046,0.8011039694362395,0.5367868456241778,0.481473265029811,0.2447677764992092,0.43043177795556864,0.0011692240965869294,236.0,50.0,4.72
WE00042---D007--PO01--LO001--CO6--SL001--PX32500--PW0100--IN0020--TM281--X068517--Y038077--Z210439--T2362956821.png,WE00042---D007--PO01--LO001--CO6--SL001--PX32500--PW0100--IN0020--TM281--X068517--Y038077--Z210439--T2362956821,WE00042---D007--PO01--LO001--CO6--SL001--PX32500--PW0100--IN0020--TM281--X068517--Y038077--Z210439--T2362956821,2898.0,3769.0,302.208152801713,91.20149796100874,50.86535281760459,0.6276803118908382,0.8300258168120527,0.7689042186256302,83.57032966310472,0.23518369020857655,0.015273464560549198,0.00045996930362137995,0.00020097404756045975,2.0308252628283482e-08,-1.8196201675796055e-05,-5.763120169906366e-08,81.0,57.0,1.4210526315789473
WE00042---D007--PO01--LO001--CO6--SL001--PX32500--PW0100--IN0020--TM283--X068517--Y038077--Z212137--T2352454955.png,WE00042---D007--PO01--LO001--CO6--SL001--PX32500--PW0100--IN0020--TM283--X068517--Y038077--Z212137--T2352454955,WE00042---D007--PO01--LO001--CO6--SL001--PX32500--PW0100--IN0020--TM283--X068517--Y038077--Z212137--T2352454955,4896.0,5857.0,518.350288425444,246.74282714027242,28.789932079469022,0.41201716738197425,0.9931695713485829,0.8359228273860339,235.61409125941512,0.7877716877848601,0.587690923338143,0.0908429135665344,0.08163391299360576,0.007029869347516842,0.0625161768300539,3.089894790812885e-05,233.0,51.0,4.568627450980392
WE00043---D006--PO01--LO001--CO6--SL001--PX32500--PW0100--IN0020--TM250--X059508--Y038077--Z210070--T2939535291.png,WE00043---D006--PO01--LO001--CO6--SL001--PX32500--PW0100--IN0020--TM250--X059508--Y038077--Z210070--T2939535291,WE00043---D006--PO01--LO001--CO6--SL001--PX32500--PW0100--IN0020--TM250--X059508--Y038077--Z210070--T2939535291,4592.0,7754.0,494.23253941935263,218.0911764945963,49.53812433810732,0.4033377250768555,0.9738611590656808,0.5922104720144442,208.16579930430456,0.680773451488117,0.37696136137228237,0.15029880550857183,0.08326660012013602,0.00914238828404263,0.04382838631170269,0.0017850553067816177,207.0,55.0,3.7636363636363637
WE00043---D006--PO01--LO001--CO6--SL001--PX32500--PW0100--IN0020--TM255--X059508--Y038077--Z210373--T2927533760.png,WE00043---D006--PO01--LO001--CO6--SL001--PX32500--PW0100--IN0020--TM255--X059508--Y038077--Z210373--T2927533760,WE00043---D006--PO01--LO001--CO6--SL001--PX32500--PW0100--IN0020--TM255--X059508--Y038077--Z210373--T2927533760,3907.0,8344.0,490.842712474619,210.62035626814566,61.38366228110431,0.252978502978503,0.9565884369644191,0.4682406519654842,201.61349161204464,0.769914391949726,0.42167231872218686,0.31719044579890243,0.18433829408873162,0.043862931909381446,0.09045935701227115,-0.007931016490591782,198.0,78.0,2.5384615384615383
WE00043---D006--PO01--LO001--CO6--SL001--PX32500--PW0100--IN0020--TM280--X059508--Y038077--Z210886--T2675311799.png,WE00043---D006--PO01--LO001--CO6--SL001--PX32500--PW0100--IN0020--TM280--X059508--Y038077--Z210886--T2675311799,WE00043---D006--PO01--LO001--CO6--SL001--PX32500--PW0100--IN0020--TM280--X059508--Y038077--Z210886--T2675311799,4046.0,5849.0,405.1614716074871,113.85924435609104,69.60963381516618,0.5403311965811965,0.7913482236425481,0.6917421781501111,105.54619841567009,0.2751085739808078,0.01572722116134854,0.001958860716599119,0.0008169120012846446,2.069124302392025e-07,-5.122632961009563e-05,1.0124644655723709e-06,104.0,72.0,1.4444444444444444
WE00043---D006--PO01--LO001--CO6--SL001--PX32500--PW0100--IN0020--TM280--X059508--Y038077--Z218061--T2337952302.png,WE00043---D006--PO01--LO001--CO6--SL001--PX32500--PW0100--IN0020--TM280--X059508--Y038077--Z218061--T2337952302,WE00043---D006--PO01--LO001--CO6--SL001--PX32500--PW0100--IN0020--TM280--X059508--Y038077--Z218061--T2337952302,3784.0,5721.0,385.30360723121805,113.28754647931741,66.74496340182925,0.4938013832702597,0.8080133536361996,0.6614228281768921,101.95096860746347,0.2855602260639375,0.019154049999906747,0.002878436824283234,0.0012721274318810776,1.0007031007343253e-06,-8.385708404553116e-05,2.2191022209295844e-06,79.0,97.0,0.8144329896907216
WE00043---D006--PO01--LO001--CO6--SL001--PX32500--PW0100--IN0020--TM282--X059508--Y038077--Z225207--T2274439423.png,WE00043---D006--PO01--LO001--CO6--SL001--PX32500--PW0100--IN0020--TM282--X059508--Y038077--Z225207--T2274439423,WE00043---D006--PO01--LO001--CO6--SL001--PX32500--PW0100--IN0020--TM282--X059508--Y038077--Z225207--T2274439423,1793.0,2952.0,253.27922061357856,91.13449436864761,44.193764227668275,0.39191256830601096,0.8745534927400811,0.6073848238482384,79.30952023559341,0.3575914968084145,0.04903160654936706,0.015322790532382592,0.006752099931254411,5.457123246285147e-05,0.0006969244638745381,-4.169959793195695e-05,61.0,75.0,0.8133333333333334
WE00043---D006--PO01--LO001--CO6--SL001--PX32500--PW0100--IN0020--TM283--X059508--Y038077--Z207708--T2275962215.png,WE00043---D006--PO01--LO001--CO6--SL001--PX32500--PW0100--IN0020--TM283--X059508--Y038077--Z207708--T2275962215,WE00043---D006--PO01--LO001--CO6--SL001--PX32500--PW0100--IN0020--TM283--X059508--Y038077--Z207708--T2275962215,2100.0,3891.0,306.5218613006979,97.95613150860972,52.210181547640396,0.36855036855036855,0.8461180477114236,0.5397070161912105,85.80209787645055,0.366705558255048,0.041799566931270855,0.012595494773779577,0.00565225426950843,3.1037453723412467e-05,-0.00013601292309684682,-3.620976307785703e-05,77.0,74.0,1.0405405405405406
WE00043---D006--PO01--LO001--CO6--SL001--PX32500--PW0100--IN0020--TM283--X059508--Y038077--Z212937--T2352536061.png,WE00043---D006--PO01--LO001--CO6--SL001--PX32500--PW0100--IN0020--TM283--X059508--Y038077--Z212937--T2352536061,WE00043---D006--PO01--LO001--CO6--SL001--PX32500--PW0100--IN0020--TM283--X059508--Y038077--Z212937--T2352536061,4967.0,5891.0,480.27922061357856,208.85758275436407,34.242394352439625,0.560862691960253,0.9864684959283273,0.8431505686640638,216.03703386225243,0.5636454530524465,0.28530250466438073,0.04650109512509775,0.03959183861065344,0.0016987580049797476,0.021113184991728973,-1.0678244738156873e-05,216.0,41.0,5.2682926829268295
WE00043---D006--PO01--LO001--CO6--SL001--PX32500--PW0100--IN0020--TM284--X059508--Y038077--Z210253--T2862087469.png,WE00043---D006--PO01--LO001--CO6--SL001--PX32500--PW0100--IN0020--TM284--X059508--Y038077--Z210253--T2862087469,WE00043---D006--PO01--LO001--CO6--SL001--PX32500--PW0100--IN0020--TM284--X059508--Y038077--Z210253--T2862087469,3383.0,4934.0,344.5340546095176,105.31436681999892,62.88245962710928,0.5349462365591398,0.8021721017914221,0.685650587758411,94.36630754670864,0.27795816559733066,0.01738508180468748,0.004112523616373734,0.0009973536082419447,-3.1452849287794015e-07,-9.22683613878151e-05,1.995252296408635e-06,93.0,68.0,1.3676470588235294
WE00044---D005--PO01--LO001--CO6--SL001--PX32500--PW0100--IN0020--TM250--X050499--Y038077--Z211670--T2939615271.png,WE00044---D005--PO01--LO001--CO6--SL001--PX32500--PW0100--IN0020--TM250--X050499--Y038077--Z211670--T2939615271,WE00044---D005--PO01--LO001--CO6--SL001--PX32500--PW0100--IN0020--TM250--X050499--Y038077--Z211670--T2939615271,4027.0,7748.0,470.47518010647184,199.35677701738828,53.981030552173245,0.23048305860805862,0.9626423832865917,0.519747031491998,175.82377541163197,0.6620479917158454,0.3267237510342932,0.12397600147888266,0.05637701572262672,0.004521669069875534,0.02538836480243882,-0.0013301818865317503,156.0,112.0,1.3928571428571428
WE00044---D005--PO01--LO001--CO6--SL001--PX32500--PW0100--IN0020--TM255--X050499--Y038077--Z213973--T2927612873.png,WE00044---D005--PO01--LO001--CO6--SL001--PX32500--PW0100--IN0020--TM255--X050499--Y038077--Z213973--T2927612873,WE00044---D005--PO01--LO001--CO6--SL001--PX32500--PW0100--IN0020--TM255--X050499--Y038077--Z213973--T2927612873,3714.0,7466.0,447.88939366884495,133.12945086922812,83.59744954750776,0.3714371437143714,0.7782608915055553,0.4974551299223145,117.13667231059623,0.4158586473409789,0.032634249328029,0.011024014245439917,0.004951928251548078,2.099672035309364e-05,-0.0005669771461490807,2.996288783196278e-05,101.0,99.0,1.02020202020202
WE00044---D005--PO01--LO001--CO6--SL001--PX32500--PW0100--IN0020--TM280--X050499--Y038077--Z210486--T2675393454.png,WE00044---D005--PO01--LO001--CO6--SL001--PX32500--PW0100--IN0020--TM280--X050499--Y038077--Z210486--T2675393454,WE00044---D005--PO01--LO001--CO6--SL001--PX32500--PW0100--IN0020--TM280--X050499--Y038077--Z210486--T2675393454,4383.0,8645.0,472.6173157302028,188.75805760178957,69.8339653648529,0.2891351672273897,0.9290455014074607,0.5069982648930017,172.06975329789952,0.5776064771301046,0.19230343013098428,0.0993809751296078,0.053668564269835614,0.0038125730303452446,0.01424204808583487,-0.0009093033101848746,163.0,93.0,1.7526881720430108
WE00044---D005--PO01--LO001--CO6--SL001--PX32500--PW0100--IN0020--TM280--X050499--Y038077--Z212661--T2338034249.png,WE00044---D005--PO01--LO001--CO6--SL001--PX32500--PW0100--IN0020--TM280--X050499--Y038077--Z212661--T2338034249,WE00044---D005--PO01--LO001--CO6--SL001--PX32500--PW0100--IN0020--TM280--X050499--Y038077--Z212661--T2338034249,3494.0,6808.0,420.5756851698602,133.5058436396647,74.5616848915888,0.35400202634245187,0.8295112219741453,0.513219741480611,114.62111498323509,0.41827517064630765,0.04812872959102253,0.012506819112868633,0.012155162004879136,0.00014532604897278542,0.0012084482672636491,-3.6624326889124697e-05,105.0,94.0,1.1170212765957446
WE00044---D005--PO01--LO001--CO6--SL001--PX32500--PW0100--IN0020--TM280--X050499--Y038077--Z213475--T2853516373.png,WE00044---D005--PO01--LO001--CO6--SL001--PX32500--PW0100--IN0020--TM280--X050499--Y038077--Z213475--T2853516373,WE00044---D005--PO01--LO001--CO6--SL001--PX32500--PW0100--IN0020--TM280--X050499--Y038077--Z213475--T2853516373,5006.0,6572.0,524.9360748630709,246.01595728721242,32.83995957306859,0.4987049212990636,0.9910505491684442,0.7617163724893488,239.0522955338434,0.7691060001086735,0.550826315771792,0.1679846662229273,0.1473546905657655,0.023182838940295616,0.10901738785522769,-0.0001871404876129341,239.0,42.0,5.690476190476191
WE00044---D005--PO01--LO001--CO6--SL001--PX32500--PW0100--IN0020--TM282--X050499--Y038077--Z210081--T2689443151.png,WE00044---D005--PO01--LO001--CO6--SL001--PX32500--PW0100--IN0020--TM282--X050499--Y038077--Z210081--T2689443151,WE00044---D005--PO01--LO001--CO6--SL001--PX32500--PW0100--IN0020--TM282--X050499--Y038077--Z210081--T2689443151,5223.0,6894.0,523.4213562373095,241.11445072512424,33.22001531663816,0.48522853957636564,0.9904632805469447,0.757615317667537,235.33168082517068,0.7088807649592671,0.46576458175944985,0.09508823866545005,0.08062532762410875,0.007058691207593342,0.05428267349590611,0.00010325095729683969,234.0,46.0,5.086956521739131
WE00044---D005--PO01--LO001--CO6--SL001--PX32500--PW0100--IN0020--TM283--X050499--Y038077--Z212137--T2352616350.png,WE00044---D005--PO01--LO001--CO6--SL001--PX32500--PW0100--IN0020--TM283--X050499--Y038077--Z212137--T2352616350,WE00044---D005--PO01--LO001--CO6--SL001--PX32500--PW0100--IN0020--TM283--X050499--Y038077--Z212137--T2352616350,4494.0,6129.0,461.4629867976521,200.09171349831203,35.76786405881971,0.463490099009901,0.9838931906163464,0.733235438081253,204.215572373901,0.5745999375559189,0.290537457354313,0.0649942516277841,0.05521421275515761,0.0033071812219571347,0.0295456158914753,-5.302158494830604e-05,202.0,48.0,4.208333333333333
WE00045---D004--PO01--LO001--CO6--SL001--PX32500--PW0100--IN0020--TM250--X041490--Y038077--Z209470--T2939695205.png,WE00045---D004--PO01--LO001--CO6--SL001--PX32500--PW0100--IN0020--TM250--X041490--Y038077--Z209470--T2939695205,WE00045---D004--PO01--LO001--CO6--SL001--PX32500--PW0100--IN0020--TM250--X041490--Y038077--Z209470--T2939695205,2880.0,4912.0,334.492424049175,119.64809046275107,56.08392928600368,0.45454545454545453,0.88333581339627,0.5863192182410424,104.17773274553444,0.37892952854904777,0.058762667305555724,0.00826500718812059,0.005916740546729871,3.968298486369863e-05,0.0005764110585309884,-1.1713653217517962e-05,99.0,64.0,1.546875
WE00045---D004--PO01--LO001--CO6--SL001--PX32500--PW0100--IN0020--TM255--X041490--Y038077--Z214773--T2927691621.png,WE00045---D004--PO01--LO001--CO6--SL001--PX32500--PW0100--IN0020--TM255--X041490--Y038077--Z214773--T2927691621,WE00045---D004--PO01--LO001--CO6--SL001--PX32500--PW0100--IN0020--TM255--X041490--Y038077--Z214773--T2927691621,3837.0,7938.0,435.1614716074871,146.7368198363766,79.48025297699401,0.3039207920792079,0.8406029969794367,0.4833711262282691,132.5028301584536,0.45362270180121533,0.06141812906985261,0.05184180702116012,0.020304576641361607,0.0005136194952960701,0.0002596935143930161,0.0004125133348979859,125.0,101.0,1.2376237623762376
WE00045---D004--PO01--LO001--CO6--SL001--PX32500--PW0100--IN0020--TM265--X041490--Y038077--Z216183--T2845467789.png,WE00045---D004--PO01--LO001--CO6--SL001--PX32500--PW0100--IN0020--TM265--X041490--Y038077--Z216183--T2845467789,WE00045---D004--PO01--LO001--CO6--SL001--PX32500--PW0100--IN0020--TM265--X041490--Y038077--Z216183--T2845467789,3467.0,5910.0,376.5340546095176,124.45704351395906,62.455939564840904,0.3839424141749723,0.8649678499923883,0.5866328257191201,112.76967677527502,0.3495511261025843,0.04364456140619349,0.012638127007605207,0.007290295343692909,6.400984151609136e-05,0.0005311730158199003,2.8277281589811063e-05,105.0,86.0,1.2209302325581395
WE00045---D004--PO01--LO001--CO6--SL001--PX32500--PW0100--IN0020--TM280--X041490--Y038077--Z213875--T2853596458.png,WE00045---D004--PO01--LO001--CO6--SL001--PX32500--PW0100--IN0020--TM280--X041490--Y038077--Z213875--T2853596458,WE00045---D004--PO01--LO001--CO6--SL001--PX32500--PW0100--IN0020--TM280--X041490--Y038077--Z213875--T2853596458,5154.0,7311.0,560.0315292925759,260.04948688190115,33.23069449847837,0.25873493975903616,0.9918017582267177,0.7049651210504719,248.64633518312712,0.833454776440523,0.6507208261023182,0.23986042656201473,0.21400322306487915,0.04848342096267907,0.17181264942753338,-0.00042284553949354167,240.0,83.0,2.891566265060241
WE00045---D004--PO01--LO001--CO6--SL001--PX32500--PW0100--IN0020--TM283--X041490--Y038077--Z209817--T2278081398.png,WE00045---D004--PO01--LO001--CO6--SL001--PX32500--PW0100--IN0020--TM283--X041490--Y038077--Z209817--T2278081398,WE00045---D004--PO01--LO001--CO6--SL001--PX32500--PW0100--IN0020--TM283--X041490--Y038077--Z209817--T2278081398,2844.0,6105.0,405.4041122946064,112.54645686942114,83.25576445292377,0.332398316970547,0.6728864749614147,0.46584766584766585,94.64142856064674,0.4306924065686797,0.015885297622368462,0.012620850572307121,0.009060733175375415,7.486500916227961e-05,-0.0004860292989495128,-6.150894862231638e-05,92.0,93.0,0.989247311827957
WE00045---D004--PO01--LO001--CO6--SL001--PX32500--PW0100--IN0020--TM283--X041490--Y038077--Z210537--T2352696782.png,WE00045---D004--PO01--LO001--CO6--SL001--PX32500--PW0100--IN0020--TM283--X041490--Y038077--Z210537--T2352696782,WE00045---D004--PO01--LO001--CO6--SL001--PX32500--PW0100--IN0020--TM283--X041490--Y038077--Z210537--T2352696782,4477.0,6277.0,515.747258045114,233.13365981203316,34.35703696600855,0.31594918842625264,0.9890813512316485,0.713238808347937,221.28714377477965,0.7752360582761404,0.5509774510680631,0.11674296432172288,0.08928680705589921,0.009110732844798774,0.06518192848975446,-0.00030485104787167806,218.0,65.0,3.353846153846154
WE00046---D003--PO01--LO001--CO6--SL001--PX32500--PW0100--IN0020--TM250--X032481--Y038077--Z211270--T2939774999.png,WE00046---D003--PO01--LO001--CO6--SL001--PX32500--PW0100--IN0020--TM250--X032481--Y038077--Z211270--T2939774999,WE00046---D003--PO01--LO001--CO6--SL001--PX32500--PW0100--IN0020--TM250--X032481--Y038077--Z211270--T2939774999,2618.0,4038.0,301.0782104868019,105.50709830172781,55.25564273730418,0.52485966319166,0.8518935794732854,0.6483407627538386,90.82400563727631,0.3386395589754357,0.03719536688401629,0.008213944219892536,0.0014158456511005751,-1.4119909227759966e-06,-0.00018697515679993708,-4.617288429834185e-06,86.0,58.0,1.4827586206896552
WE00046---D003--PO01--LO001--CO6--SL001--PX32500--PW0100--IN0020--TM255--X032481--Y038077--Z210173--T2927770888.png,WE00046---D003--PO01--LO001--CO6--SL001--PX32500--PW0100--IN0020--TM255--X032481--Y038077--Z210173--T2927770888,WE00046---D003--PO01--LO001--CO6--SL001--PX32500--PW0100--IN0020--TM255--X032481--Y038077--Z210173--T2927770888,3485.0,4931.0,338.6761902332486,126.49856876311343,47.030500767938314,0.4513079513079513,0.9283181348951635,0.7067531940782803,120.33287165193059,0.32664555060256784,0.061162362918585435,0.011121567300604401,0.0032224509943728453,1.5455994000200373e-05,0.00038110227701835224,-1.1544184361640912e-05,66.0,117.0,0.5641025641025641
WE00046---D003--PO01--LO001--CO6--SL001--PX32500--PW0100--IN0020--TM265--X032481--Y038077--Z215583--T2845547252.png,WE00046---D003--PO01--LO001--CO6--SL001--PX32500--PW0100--IN0020--TM265--X032481--Y038077--Z215583--T2845547252,WE00046---D003--PO01--LO001--CO6--SL001--PX32500--PW0100--IN0020--TM265--X032481--Y038077--Z215583--T2845547252,3037.0,4933.0,376.01933598375615,90.23380343565617,75.63876459494556,0.46910719802286066,0.5452813551872221,0.6156497060612204,84.34453153583817,0.2853013251546392,0.0024821618586690058,0.0023287250115680666,0.002028040326554431,2.127477654182673e-06,-2.659555194786079e-05,-3.859825731943689e-06,83.0,78.0,1.064102564102564
WE00046---D003--PO01--LO001--CO6--SL001--PX32500--PW0100--IN0020--TM280--X032481--Y038077--Z210286--T2675555374.png,WE00046---D003--PO01--LO001--CO6--SL001--PX32500--PW0100--IN0020--TM280--X032481--Y038077--Z210286--T2675555374,WE00046---D003--PO01--LO001--CO6--SL001--PX32500--PW0100--IN0020--TM280--X032481--Y038077--Z210286--T2675555374,2943.0,5078.0,380.43354954612926,98.24593396871228,76.71940689142937,0.43794642857142857,0.6246667832412193,0.5795588814493895,87.23531395025755,0.3299806943416003,0.006397812445241709,0.0051265911795697556,0.0024668838108484344,4.790818422809672e-06,-9.57277807752983e-05,7.349134631000193e-06,84.0,80.0,1.05
WE00046---D003--PO01--LO001--CO6--SL001--PX32500--PW0100--IN0020--TM280--X032481--Y038077--Z212061--T2338198475.png,WE00046---D003--PO01--LO001--CO6--SL001--PX32500--PW0100--IN0020--TM280--X032481--Y038077--Z212061--T2338198475,WE00046---D003--PO01--LO001--CO6--SL001--PX32500--PW0100--IN0020--TM280--X032481--Y038077--Z212061--T2338198475,3586.0,6483.0,430.71782079359116,169.09611210178844,54.85493014415951,0.35964296459733225,0.9459196896037265,0.5531389788678082,170.17931719218996,0.5507975196782839,0.1988341676484149,0.11227132820489426,0.04464108000622649,0.0029026468229135277,0.013062825949164853,-0.0012500051062269114,169.0,59.0,2.864406779661017
WE00046---D003--PO01--LO001--CO6--SL001--PX32500--PW0100--IN0020--TM281--X032481--Y038077--Z210639--T2363282120.png,WE00046---D003--PO01--LO001--CO6--SL001--PX32500--PW0100--IN0020--TM281--X032481--Y038077--Z210639--T2363282120,WE00046---D003--PO01--LO001--CO6--SL001--PX32500--PW0100--IN0020--TM281--X032481--Y038077--Z210639--T2363282120,2581.0,3195.0,245.1370849898476,82.374252322236,50.288486345808074,0.6095890410958904,0.7920255638813396,0.8078247261345853,75.69015788066504,0.225553305516271,0.010624457555384362,0.002540860663133187,0.00030204993396164715,-2.505518373796452e-07,-3.0190979791836166e-05,-8.510562379587434e-08,73.0,58.0,1.2586206896551724
WE00046---D003--PO01--LO001--CO6--SL001--PX32500--PW0100--IN0020--TM283--X032481--Y038077--Z209417--T2278177003.png,WE00046---D003--PO01--LO001--CO6--SL001--PX32500--PW0100--IN0020--TM283--X032481--Y038077--Z209417--T2278177003,WE00046---D003--PO01--LO001--CO6--SL001--PX32500--PW0100--IN0020--TM283--X032481--Y038077--Z209417--T2278177003,3452.0,6263.0,393.91883092036784,112.22862675899624,73.03552192294333,0.3825354609929078,0.7592711149630926,0.5511735589972856,100.60318086422517,0.32462072940988596,0.01728305727715116,0.009024530472642697,0.005827716300659178,3.449350004783211e-05,2.797814159177125e-05,-2.4420406212778394e-05,94.0,96.0,0.9791666666666666
WE00046---D003--PO01--LO001--CO6--SL001--PX32500--PW0100--IN0020--TM284--X032481--Y038077--Z212253--T2862310178.png,WE00046---D003--PO01--LO001--CO6--SL001--PX32500--PW0100--IN0020--TM284--X032481--Y038077--Z212253--T2862310178,WE00046---D003--PO01--LO001--CO6--SL001--PX32500--PW0100--IN0020--TM284--X032481--Y038077--Z212253--T2862310178,3537.0,6771.0,430.0315292925759,121.48118685458599,75.77749067941122,0.4079584775086505,0.7816002584722138,0.5223748338502436,106.23088063270491,0.36224036707073587,0.02537843267934513,0.006158426452523269,0.00625649763819463,3.439106743279974e-05,1.0346370596902394e-05,-1.8040807219966705e-05,85.0,102.0,0.8333333333333334
WE00047---D002--PO01--LO001--CO6--SL001--PX32500--PW0100--IN0020--TM250--X023472--Y038077--Z211070--T2939854804.png,WE00047---D002--PO01--LO001--CO6--SL001--PX32500--PW0100--IN0020--TM250--X023472--Y038077--Z211070--T2939854804,WE00047---D002--PO01--LO001--CO6--SL001--PX32500--PW0100--IN0020--TM250--X023472--Y038077--Z211070--T2939854804,3135.0,4222.0,318.1137443927346,126.68305323390219,38.9478909678328,0.43553764934704087,0.9515663125975662,0.7425390810042634,123.17873193047572,0.35019007550849046,0.08392962194937936,0.013063673856468741,0.006769497867411714,6.318440164709019e-05,0.00190675108156478,7.76790286509481e-06,122.0,59.0,2.0677966101694913
WE00047---D002--PO01--LO001--CO6--SL001--PX32500--PW0100--IN0020--TM265--X023472--Y038077--Z214983--T2845626562.png,WE00047---D002--PO01--LO001--CO6--SL001--PX32500--PW0100--IN0020--TM265--X023472--Y038077--Z214983--T2845626562,WE00047---D002--PO01--LO001--CO6--SL001--PX32500--PW0100--IN0020--TM265--X023472--Y038077--Z214983--T2845626562,3945.0,6314.0,418.8599564173221,131.2362261081164,61.48931061052653,0.4866165042555816,0.8834427312187983,0.6248020272410516,122.18837915284743,0.33276112741537484,0.045351803187472776,0.005053286605060496,0.004140628727145278,1.713202542657254e-05,0.0005436237230410988,-8.076380512277417e-06,121.0,67.0,1.8059701492537314
WE00047---D002--PO01--LO001--CO6--SL001--PX32500--PW0100--IN0020--TM280--X023472--Y038077--Z210675--T2853756821.png,WE00047---D002--PO01--LO001--CO6--SL001--PX32500--PW0100--IN0020--TM280--X023472--Y038077--Z210675--T2853756821,WE00047---D002--PO01--LO001--CO6--SL001--PX32500--PW0100--IN0020--TM280--X023472--Y038077--Z210675--T2853756821,4807.0,7216.0,553.5218613006979,256.52466835363816,33.414879379378526,0.4222222222222222,0.9914798821423023,0.6661585365853658,253.33377192944488,0.8701042703073967,0.7073982084053453,0.3311849864798375,0.2977548479816209,0.09349733662747665,0.2490758871701062,0.00098996132669181,253.0,45.0,5.622222222222222
WE00047---D002--PO01--LO001--CO6--SL001--PX32500--PW0100--IN0020--TM281--X023472--Y038077--Z210839--T2363363355.png,WE00047---D002--PO01--LO001--CO6--SL001--PX32500--PW0100--IN0020--TM281--X023472--Y038077--Z210839--T2363363355,WE00047---D002--PO01--LO001--CO6--SL001--PX32500--PW0100--IN0020--TM281--X023472--Y038077--Z210839--T2363363355,3309.0,3910.0,325.22034611053283,93.89353551964527,52.043991498825186,0.6535650799920996,0.8323254303581394,0.8462915601023018,92.78469701410896,0.2176747707673896,0.01330705422255896,3.129616932594693e-05,2.870830256379625e-05,8.564886722423734e-10,-1.7371140076017823e-06,-8.311333347273544e-11,83.0,61.0,1.360655737704918
WE00047---D002--PO01--LO001--CO6--SL001--PX32500--PW0100--IN0020--TM284--X023472--Y038077--Z210653--T2862384894.png,WE00047---D002--PO01--LO001--CO6--SL001--PX32500--PW0100--IN0020--TM284--X023472--Y038077--Z210653--T2862384894,WE00047---D002--PO01--LO001--CO6--SL001--PX32500--PW0100--IN0020--TM284--X023472--Y038077--Z210653--T2862384894,3043.0,5055.0,385.1614716074871,104.75900281294831,71.36437353283,0.44229651162790695,0.7320748020993818,0.6019782393669634,91.92388155425118,0.33000580184227324,0.014592959868829213,0.00600412713780505,0.003112325508346207,9.59245510428012e-06,-6.346250863931201e-06,9.433757667568189e-06,86.0,80.0,1.075
WE00048---D001--PO01--LO001--CO6--SL001--PX32500--PW0100--IN0020--TM250--X014463--Y038077--Z212070--T2939935003.png,WE00048---D001--PO01--LO001--CO6--SL001--PX32500--PW0100--IN0020--TM250--X014463--Y038077--Z212070--T2939935003,WE00048---D001--PO01--LO001--CO6--SL001--PX32500--PW0100--IN0020--TM250--X014463--Y038077--Z212070--T2939935003,3988.0,7075.0,436.1147904132612,200.74222078469185,52.95862153359647,0.24373548465957706,0.9645735526375212,0.5636749116607774,177.6879286839711,0.6754960945384382,0.34525981441753717,0.12558705083447025,0.052417736813806085,0.003958039967988521,0.02119939735191785,-0.0015561060624564795,162.0,101.0,1.603960396039604
WE00048---D001--PO01--LO001--CO6--SL001--PX32500--PW0100--IN0020--TM255--X014463--Y038077--Z211773--T2927928822.png,WE00048---D001--PO01--LO001--CO6--SL001--PX32500--PW0100--IN0020--TM255--X014463--Y038077--Z211773--T2927928822,WE00048---D001--PO01--LO001--CO6--SL001--PX32500--PW0100--IN0020--TM255--X014463--Y038077--Z211773--T2927928822,4378.0,6963.0,416.90158697766475,142.06370333501445,64.73179801868001,0.3471847739888977,0.8901573188719385,0.6287519747235387,134.40610105199838,0.3479371499541769,0.052120444994083165,0.009160835934094986,0.002394654022732927,1.050083634386704e-05,-4.759736002732975e-05,3.940488740393886e-06,97.0,130.0,0.7461538461538462
WE00048---D001--PO01--LO001--CO6--SL001--PX32500--PW0100--IN0020--TM280--X014463--Y038077--Z209861--T2338361158.png,WE00048---D001--PO01--LO001--CO6--SL001--PX32500--PW0100--IN0020--TM280--X014463--Y038077--Z209861--T2338361158,WE00048---D001--PO01--LO001--CO6--SL001--PX32500--PW0100--IN0020--TM280--X014463--Y038077--Z209861--T2338361158,3779.0,6364.0,382.19090885900994,118.29102506334142,69.9603388789007,0.47648468036817554,0.8063595820735651,0.5938089252042741,104.92378186092989,0.31237125606289184,0.02264271166099703,0.005564879471150255,0.0033340394689389237,1.0091378301262322e-05,3.17285894297589e-05,1.0217717168148475e-05,103.0,77.0,1.3376623376623376
WE00048---D001--PO01--LO001--CO6--SL001--PX32500--PW0100--IN0020--TM280--X014463--Y038077--Z210675--T2853836727.png,WE00048---D001--PO01--LO001--CO6--SL001--PX32500--PW0100--IN0020--TM280--X014463--Y038077--Z210675--T2853836727,WE00048---D001--PO01--LO001--CO6--SL001--PX32500--PW0100--IN0020--TM280--X014463--Y038077--Z210675--T2853836727,3685.0,5291.0,478.27922061357856,218.41260137046126,31.724901742156234,0.41803743618831535,0.9893946687334958,0.6964656964656964,215.23243250030885,0.8261623783575557,0.627298255458005,0.3683198239339294,0.32324283684230726,0.11153134576945331,0.25566381564013396,-0.0007167957285111326,215.0,41.0,5.2439024390243905
WE00048---D001--PO01--LO001--CO6--SL001--PX32500--PW0100--IN0020--TM281--X014463--Y038077--Z209239--T2363444792.png,WE00048---D001--PO01--LO001--CO6--SL001--PX32500--PW0100--IN0020--TM281--X014463--Y038077--Z209239--T2363444792,WE00048---D001--PO01--LO001--CO6--SL001--PX32500--PW0100--IN0020--TM281--X014463--Y038077--Z209239--T2363444792,2494.0,3733.0,291.4629867976521,92.5429587408169,53.68501512430665,0.5195833333333333,0.8145387647480014,0.668095365657648,81.78630692236935,0.2868454305684035,0.020276252406616433,0.004473751529911755,0.0012042808718788788,-1.0062398453885241e-07,-8.847380080902421e-05,-2.793483073591768e-06,80.0,60.0,1.3333333333333333
WE00048---D001--PO01--LO001--CO6--SL001--PX32500--PW0100--IN0020--TM283--X014463--Y038077--Z211817--T2278368187.png,WE00048---D001--PO01--LO001--CO6--SL001--PX32500--PW0100--IN0020--TM283--X014463--Y038077--Z211817--T2278368187,WE00048---D001--PO01--LO001--CO6--SL001--PX32500--PW0100--IN0020--TM283--X014463--Y038077--Z211817--T2278368187,3136.0,6131.0,384.63455967290594,125.57663423240412,72.11408331467364,0.3475177304964539,0.8186704949600838,0.5114989398140597,110.0,0.4179275366201909,0.04436901995723006,0.03407985280887229,0.009587984967280028,5.558187587311967e-05,-0.0005697629159333926,-0.00016416229452465838,96.0,94.0,1.0212765957446808
WE00048---D001--PO01--LO001--CO6--SL001--PX32500--PW0100--IN0020--TM284--X014463--Y038077--Z212653--T2862458947.png,WE00048---D001--PO01--LO001--CO6--SL001--PX32500--PW0100--IN0020--TM284--X014463--Y038077--Z212653--T2862458947,WE00048---D001--PO01--LO001--CO6--SL001--PX32500--PW0100--IN0020--TM284--X014463--Y038077--Z212653--T2862458947,3065.0,5121.0,349.1198410471445,108.43851968516294,66.03720964689079,0.43181177796562414,0.7931833118591399,0.5985159148603788,94.37160589923221,0.32870770002970784,0.022757663495868025,0.009353341288712035,0.003926656910098886,1.5093395136358796e-05,9.561715198981601e-05,-1.8397695422166762e-05,91.0,78.0,1.1666666666666667
WE00049---E001--PO01--LO001--CO6--SL001--PX32500--PW0100--IN0020--TM266--X014463--Y047049--Z209383--T2845785749.png,WE00049---E001--PO01--LO001--CO6--SL001--PX32500--PW0100--IN0020--TM266--X014463--Y047049--Z209383--T2845785749,WE00049---E001--PO01--LO001--CO6--SL001--PX32500--PW0100--IN0020--TM266--X014463--Y047049--Z209383--T2845785749,3100.0,5509.0,384.7766952966369,105.82872108560406,75.39682643911412,0.45925925925925926,0.7017309931788628,0.5627155563623162,92.64987857520376,0.34041128313920305,0.012363273351818265,0.005217357173693988,0.004927371591874002,2.2687939525016666e-05,8.718117864508132e-05,1.0460317227244707e-05,90.0,75.0,1.2
WE00049---E001--PO01--LO001--CO6--SL001--PX32500--PW0100--IN0020--TM280--X014463--Y047049--Z211286--T2675796509.png,WE00049---E001--PO01--LO001--CO6--SL001--PX32500--PW0100--IN0020--TM280--X014463--Y047049--Z211286--T2675796509,WE00049---E001--PO01--LO001--CO6--SL001--PX32500--PW0100--IN0020--TM280--X014463--Y047049--Z211286--T2675796509,3072.0,5900.0,376.3330444827409,121.50799637858967,63.5142314709479,0.3585434173669468,0.8525065908573143,0.5206779661016949,107.0420478129973,0.38245139126148486,0.04765714608289089,0.018878945021868866,0.008755004661476554,8.143872580892564e-05,0.00018612711830845054,7.76972721674572e-05,102.0,84.0,1.2142857142857142
WE00049---E001--PO01--LO001--CO6--SL001--PX32500--PW0100--IN0020--TM281--X014463--Y047049--Z212639--T2363525463.png,WE00049---E001--PO01--LO001--CO6--SL001--PX32500--PW0100--IN0020--TM281--X014463--Y047049--Z212639--T2363525463,WE00049---E001--PO01--LO001--CO6--SL001--PX32500--PW0100--IN0020--TM281--X014463--Y047049--Z212639--T2363525463,4776.0,7283.0,475.2203461105328,205.094266043032,49.78101892846844,0.42381755257786846,0.9700957306359839,0.6557737196210353,193.6620768245554,0.5828858852764671,0.26835138818874504,0.11320903030482693,0.07127386848249982,0.006366905564827453,0.03433249236737679,-0.0006722804684612378,191.0,59.0,3.23728813559322
WE00049---E001--PO01--LO001--CO6--SL001--PX32500--PW0100--IN0020--TM284--X014463--Y047049--Z217653--T2862533492.png,WE00049---E001--PO01--LO001--CO6--SL001--PX32500--PW0100--IN0020--TM284--X014463--Y047049--Z217653--T2862533492,WE00049---E001--PO01--LO001--CO6--SL001--PX32500--PW0100--IN0020--TM284--X014463--Y047049--Z217653--T2862533492,2882.0,5989.0,381.49852070358486,129.23703400103523,62.29349696461944,0.30336842105263156,0.876165909798751,0.48121556186341624,112.92918134831227,0.4463630014197125,0.07731529496735957,0.026586337277397558,0.017160238947859653,0.0003397050412766794,0.0017595331204786197,-0.00013765045868980772,100.0,95.0,1.0526315789473684
WE00050---E002--PO01--LO001--CO6--SL001--PX32500--PW0100--IN0020--TM250--X023472--Y047049--Z210270--T2940094509.png,WE00050---E002--PO01--LO001--CO6--SL001--PX32500--PW0100--IN0020--TM250--X023472--Y047049--Z210270--T2940094509,WE00050---E002--PO01--LO001--CO6--SL001--PX32500--PW0100--IN0020--TM250--X023472--Y047049--Z210270--T2940094509,3262.0,6351.0,386.61731573020285,124.58181841266563,68.22239361531355,0.3752876208007363,0.8367329452508189,0.5136199023775784,110.67971810589327,0.3865520476243326,0.04334692157652106,0.018285098496906505,0.01287634108142715,0.00017700226154293867,0.0010933887803945838,-8.778977927813506e-05,106.0,82.0,1.2926829268292683
WE00050---E002--PO01--LO001--CO6--SL001--PX32500--PW0100--IN0020--TM254--X023472--Y047049--Z210173--T2928086171.png,WE00050---E002--PO01--LO001--CO6--SL001--PX32500--PW0100--IN0020--TM254--X023472--Y047049--Z210173--T2928086171,WE00050---E002--PO01--LO001--CO6--SL001--PX32500--PW0100--IN0020--TM254--X023472--Y047049--Z210173--T2928086171,3267.0,6324.0,447.10259710444143,114.55857145940941,82.88569825502552,0.4041316180108857,0.6903008509324277,0.5166034155597723,97.94896630388705,0.3824935963813083,0.014312838079808335,0.003019878515331473,0.004033447583163663,8.094863903982072e-06,-0.0002245388785065018,-1.1516701980544775e-05,94.0,86.0,1.0930232558139534
WE00050---E002--PO01--LO001--CO6--SL001--PX32500--PW0100--IN0020--TM280--X023472--Y047049--Z210075--T2853997309.png,WE00050---E002--PO01--LO001--CO6--SL001--PX32500--PW0100--IN0020--TM280--X023472--Y047049--Z210075--T2853997309,WE00050---E002--PO01--LO001--CO6--SL001--PX32500--PW0100--IN0020--TM280--X023472--Y047049--Z210075--T2853997309,4055.0,6415.0,547.4152595828996,251.83113713348553,32.032183720597786,0.3712689983519502,0.9918774644235916,0.6321122369446609,254.04920783186867,0.9932950435242682,0.9248006286348853,0.6344287582953667,0.5726771430865505,0.3451821191292633,0.5498146325738531,-0.0020839490793393986,254.0,43.0,5.906976744186046
WE00050---E002--PO01--LO001--CO6--SL001--PX32500--PW0100--IN0020--TM280--X023472--Y047049--Z210086--T2675876979.png,WE00050---E002--PO01--LO001--CO6--SL001--PX32500--PW0100--IN0020--TM280--X023472--Y047049--Z210086--T2675876979,WE00050---E002--PO01--LO001--CO6--SL001--PX32500--PW0100--IN0020--TM280--X023472--Y047049--Z210086--T2675876979,3280.0,4344.0,280.2081528017131,105.83503252450167,49.275827225094126,0.513302034428795,0.8850000683885048,0.7550644567219152,96.74709297958259,0.2597020056817769,0.027944951145748936,0.003319827656853791,0.0005578353089903834,-1.0257629601128938e-07,-5.036383299844918e-05,-7.521689252536997e-07,90.0,71.0,1.267605633802817
WE00050---E002--PO01--LO001--CO6--SL001--PX32500--PW0100--IN0020--TM282--X023472--Y047049--Z221881--T2689924210.png,WE00050---E002--PO01--LO001--CO6--SL001--PX32500--PW0100--IN0020--TM282--X023472--Y047049--Z221881--T2689924210,WE00050---E002--PO01--LO001--CO6--SL001--PX32500--PW0100--IN0020--TM282--X023472--Y047049--Z221881--T2689924210,2547.0,3645.0,414.3330444827409,190.45696539321654,20.62182003253159,0.20892461652038388,0.9941209280825192,0.6987654320987654,175.20844728494114,0.9005475836338585,0.7738315855318063,0.154312655937765,0.13782543779578885,0.02009972294954772,0.1210815017901544,-9.423315150660673e-05,167.0,73.0,2.287671232876712
WE00051---E003--PO01--LO001--CO6--SL001--PX32500--PW0100--IN0020--TM250--X032481--Y047049--Z209270--T2940174181.png,WE00051---E003--PO01--LO001--CO6--SL001--PX32500--PW0100--IN0020--TM250--X032481--Y047049--Z209270--T2940174181,WE00051---E003--PO01--LO001--CO6--SL001--PX32500--PW0100--IN0020--TM250--X032481--Y047049--Z209270--T2940174181,3999.0,6131.0,399.8061325481598,179.32883406189612,39.460512796355395,0.3509126009126009,0.9754895969611681,0.6522590115804926,160.9751533622503,0.5269436546035009,0.2287432539670813,0.0301658007851065,0.02491505401493091,0.0006816763845165413,0.01120789464840443,4.323923595742096e-05,154.0,74.0,2.081081081081081
WE00051---E003--PO01--LO001--CO6--SL001--PX32500--PW0100--IN0020--TM254--X032481--Y047049--Z209373--T2928164764.png,WE00051---E003--PO01--LO001--CO6--SL001--PX32500--PW0100--IN0020--TM254--X032481--Y047049--Z209373--T2928164764,WE00051---E003--PO01--LO001--CO6--SL001--PX32500--PW0100--IN0020--TM254--X032481--Y047049--Z209373--T2928164764,4416.0,8968.0,501.2447327281723,146.1775598576805,108.01733344802362,0.39655172413793105,0.6737645767877225,0.49241748438893845,118.68024266911489,0.4675558102803342,0.01884765978029543,0.033637643196014,0.006245679227173961,5.482832562868279e-05,-0.00011826555837234618,-7.203575230994512e-05,116.0,96.0,1.2083333333333333
WE00051---E003--PO01--LO001--CO6--SL001--PX32500--PW0100--IN0020--TM266--X032481--Y047049--Z212383--T2845944994.png,WE00051---E003--PO01--LO001--CO6--SL001--PX32500--PW0100--IN0020--TM266--X032481--Y047049--Z212383--T2845944994,WE00051---E003--PO01--LO001--CO6--SL001--PX32500--PW0100--IN0020--TM266--X032481--Y047049--Z212383--T2845944994,2437.0,3777.0,292.8772003600252,89.53080247426585,52.33173738535079,0.433321479374111,0.8113857963143619,0.6452210749271909,79.30952023559341,0.2758097899429455,0.018316752977970953,0.003958755601063662,0.001226284062644479,6.987023536167744e-08,-4.689352113309025e-05,2.700975901873431e-06,76.0,74.0,1.027027027027027
WE00051---E003--PO01--LO001--CO6--SL001--PX32500--PW0100--IN0020--TM280--X032481--Y047049--Z210261--T2338605558.png,WE00051---E003--PO01--LO001--CO6--SL001--PX32500--PW0100--IN0020--TM280--X032481--Y047049--Z210261--T2338605558,WE00051---E003--PO01--LO001--CO6--SL001--PX32500--PW0100--IN0020--TM280--X032481--Y047049--Z210261--T2338605558,2898.0,3401.0,249.27922061357853,96.124704133261,43.28851854868637,0.6775777414075287,0.892858619617824,0.8521023228462217,92.57429448826494,0.23968803016836893,0.025236790313588865,0.002223100832029608,0.0002820452520759531,-2.6454202519662285e-08,-1.5581994607586312e-05,-2.217632134647274e-07,91.0,47.0,1.9361702127659575
WE00051---E003--PO01--LO001--CO6--SL001--PX32500--PW0100--IN0020--TM280--X032481--Y047049--Z210475--T2854077432.png,WE00051---E003--PO01--LO001--CO6--SL001--PX32500--PW0100--IN0020--TM280--X032481--Y047049--Z210475--T2854077432,WE00051---E003--PO01--LO001--CO6--SL001--PX32500--PW0100--IN0020--TM280--X032481--Y047049--Z210475--T2854077432,4430.0,6326.0,534.2081528017131,262.10225377825196,30.359538468066223,0.4520408163265306,0.9932689484286243,0.7002845399936769,245.13057744802055,0.9822135018571276,0.9143301459232671,0.4485564183339509,0.40713877699324064,0.1739872998768456,0.38891682883249173,0.0008086719358255928,245.0,40.0,6.125
WE00051---E003--PO01--LO001--CO6--SL001--PX32500--PW0100--IN0020--TM280--X032481--Y047049--Z211486--T2675957387.png,WE00051---E003--PO01--LO001--CO6--SL001--PX32500--PW0100--IN0020--TM280--X032481--Y047049--Z211486--T2675957387,WE00051---E003--PO01--LO001--CO6--SL001--PX32500--PW0100--IN0020--TM280--X032481--Y047049--Z211486--T2675957387,2775.0,4478.0,321.22034611053283,95.22594585526647,59.87460527079464,0.4787784679089027,0.7775965395671289,0.619696292987941,85.90692637965812,0.28497633153972096,0.015250093875778997,0.004821241948951015,0.0019995339695212996,2.1978329172932464e-06,-0.00011734226089275829,-5.806247513932989e-06,69.0,84.0,0.8214285714285714
WE00051---E003--PO01--LO001--CO6--SL001--PX32500--PW0100--IN0020--TM282--X032481--Y047049--Z210239--T2363687910.png,WE00051---E003--PO01--LO001--CO6--SL001--PX32500--PW0100--IN0020--TM282--X032481--Y047049--Z210239--T2363687910,WE00051---E003--PO01--LO001--CO6--SL001--PX32500--PW0100--IN0020--TM282--X032481--Y047049--Z210239--T2363687910,3128.0,3787.0,280.208152801713,119.16825596946627,39.186654042336556,0.5569800569800569,0.9443875053540212,0.8259836282017428,111.32385189167684,0.3144314874887709,0.06404272607139334,0.006575169461652253,0.003137887046392723,1.4037204517056446e-05,0.0007507714625912619,-2.471405450665876e-06,108.0,52.0,2.076923076923077
WE00051---E003--PO01--LO001--CO6--SL001--PX32500--PW0100--IN0020--TM284--X032481--Y047049--Z209453--T2862679963.png,WE00051---E003--PO01--LO001--CO6--SL001--PX32500--PW0100--IN0020--TM284--X032481--Y047049--Z209453--T2862679963,WE00051---E003--PO01--LO001--CO6--SL001--PX32500--PW0100--IN0020--TM284--X032481--Y047049--Z209453--T2862679963,3147.0,5339.0,407.1614716074871,101.58713140148738,81.33023944725025,0.45150645624103297,0.5992046626049152,0.5894362240119873,89.31965069345043,0.3363233459431626,0.0054152944159736125,0.002017922256426625,0.0033907428170133246,8.491044908002498e-06,0.00010397302336464785,-2.562909095454849e-06,82.0,85.0,0.9647058823529412
WE00052---E004--PO01--LO001--CO6--SL001--PX32500--PW0100--IN0020--TM250--X041490--Y047049--Z210670--T2940253280.png,WE00052---E004--PO01--LO001--CO6--SL001--PX32500--PW0100--IN0020--TM250--X041490--Y047049--Z210670--T2940253280,WE00052---E004--PO01--LO001--CO6--SL001--PX32500--PW0100--IN0020--TM250--X041490--Y047049--Z210670--T2940253280,3308.0,5412.0,370.6761902332486,110.35529698531681,68.8509808146322,0.43219231774235695,0.7815019342209808,0.6112342941611234,96.82974749528164,0.3196559313001498,0.019747949016412383,0.0069440651456227735,0.002739686122859201,6.034594874218536e-06,-0.00011158055354493673,-1.0314054584081236e-05,89.0,86.0,1.0348837209302326
WE00052---E004--PO01--LO001--CO6--SL001--PX32500--PW0100--IN0020--TM280--X041490--Y047049--Z208686--T2676037894.png,WE00052---E004--PO01--LO001--CO6--SL001--PX32500--PW0100--IN0020--TM280--X041490--Y047049--Z208686--T2676037894,WE00052---E004--PO01--LO001--CO6--SL001--PX32500--PW0100--IN0020--TM280--X041490--Y047049--Z208686--T2676037894,3306.0,5895.0,363.747258045114,139.08809020938534,51.7280269182544,0.348,0.9282694402043287,0.5608142493638677,127.47548783981962,0.41631287066980044,0.09931396585738378,0.020385131632162372,0.009288210348546181,0.00010710160897822703,0.001010052368295232,-6.974158257452983e-05,125.0,76.0,1.644736842105263
WE00052---E004--PO01--LO001--CO6--SL001--PX32500--PW0100--IN0020--TM280--X041490--Y047049--Z211061--T2338687095.png,WE00052---E004--PO01--LO001--CO6--SL001--PX32500--PW0100--IN0020--TM280--X041490--Y047049--Z211061--T2338687095,WE00052---E004--PO01--LO001--CO6--SL001--PX32500--PW0100--IN0020--TM280--X041490--Y047049--Z211061--T2338687095,2844.0,3218.0,243.17871555019022,96.88891012741006,41.04865486959032,0.5114188095666247,0.9058179119497427,0.8837787445618397,94.30270409696638,0.24332922319532535,0.02865238318608737,0.002316410142679136,0.000517334968424647,4.47788426418629e-07,5.0059184973124846e-05,3.467119235082325e-07,67.0,83.0,0.8072289156626506
WE00052---E004--PO01--LO001--CO6--SL001--PX32500--PW0100--IN0020--TM282--X041490--Y047049--Z209081--T2690083621.png,WE00052---E004--PO01--LO001--CO6--SL001--PX32500--PW0100--IN0020--TM282--X041490--Y047049--Z209081--T2690083621,WE00052---E004--PO01--LO001--CO6--SL001--PX32500--PW0100--IN0020--TM282--X041490--Y047049--Z209081--T2690083621,4234.0,5079.0,484.63455967290594,221.14818457805077,28.527743064569403,0.3597281223449448,0.9916448128523718,0.8336286670604449,218.27734651126764,0.7339447281903299,0.5039836175661674,0.11106473086736265,0.09904252937205955,0.01038759405702347,0.0702303286479206,-5.321780803897898e-05,214.0,55.0,3.890909090909091
WE00052---E004--PO01--LO001--CO6--SL001--PX32500--PW0100--IN0020--TM282--X041490--Y047049--Z209239--T2363768887.png,WE00052---E004--PO01--LO001--CO6--SL001--PX32500--PW0100--IN0020--TM282--X041490--Y047049--Z209239--T2363768887,WE00052---E004--PO01--LO001--CO6--SL001--PX32500--PW0100--IN0020--TM282--X041490--Y047049--Z209239--T2363768887,3179.0,5991.0,399.39801564019655,107.37755005138847,74.67196029023552,0.37971810797897754,0.7186083499801859,0.5306292772492072,96.93296652842108,0.33630544016642305,0.013702568411274539,0.004692087209540183,0.005487945797706036,2.12028858270977e-05,-1.9757287072218547e-05,1.805442107981911e-05,92.0,91.0,1.010989010989011
WE00053---E005--PO01--LO001--CO6--SL001--PX32500--PW0100--IN0020--TM266--X050499--Y047049--Z217183--T2846104312.png,WE00053---E005--PO01--LO001--CO6--SL001--PX32500--PW0100--IN0020--TM266--X050499--Y047049--Z217183--T2846104312,WE00053---E005--PO01--LO001--CO6--SL001--PX32500--PW0100--IN0020--TM266--X050499--Y047049--Z217183--T2846104312,3353.0,6622.0,445.7888886054567,115.8506455071047,85.32796877784283,0.3921637426900585,0.6764002457928072,0.5063424947145877,98.48857801796105,0.3858901416672636,0.013100919759766457,0.003993058491936755,0.006770387576849381,2.6843579906017975e-05,-3.597818073356764e-05,-2.2773583064582598e-05,95.0,90.0,1.0555555555555556
WE00053---E005--PO01--LO001--CO6--SL001--PX32500--PW0100--IN0020--TM280--X050499--Y047049--Z209686--T2676118415.png,WE00053---E005--PO01--LO001--CO6--SL001--PX32500--PW0100--IN0020--TM280--X050499--Y047049--Z209686--T2676118415,WE00053---E005--PO01--LO001--CO6--SL001--PX32500--PW0100--IN0020--TM280--X050499--Y047049--Z209686--T2676118415,4018.0,4983.0,347.84776310850236,131.850552512074,43.92491527622747,0.39116043613707163,0.9428767774699589,0.8063415613084487,130.41855696180662,0.30042879510581977,0.0577946640620289,0.0034940059161180995,0.0015552330331984033,3.5271538753295762e-06,0.00030954277236355175,-8.382457678741672e-07,107.0,96.0,1.1145833333333333
WE00053---E005--PO01--LO001--CO6--SL001--PX32500--PW0100--IN0020--TM281--X050499--Y047049--Z209239--T2363849545.png,WE00053---E005--PO01--LO001--CO6--SL001--PX32500--PW0100--IN0020--TM281--X050499--Y047049--Z209239--T2363849545,WE00053---E005--PO01--LO001--CO6--SL001--PX32500--PW0100--IN0020--TM281--X050499--Y047049--Z209239--T2363849545,2841.0,5214.0,364.6345596729059,106.80103690740027,66.35096109120937,0.4230826507818317,0.7836063639733667,0.5448791714614499,94.92101980067429,0.34778492437132735,0.023741669860507415,0.006081242138303976,0.004101189168697967,1.4963131426944362e-05,-0.0002517911101659108,1.3985520506479822e-05,79.0,85.0,0.9294117647058824
WE00053---E005--PO01--LO001--CO6--SL001--PX32500--PW0100--IN0020--TM282--X050499--Y047049--Z210681--T2690164315.png,WE00053---E005--PO01--LO001--CO6--SL001--PX32500--PW0100--IN0020--TM282--X050499--Y047049--Z210681--T2690164315,WE00053---E005--PO01--LO001--CO6--SL001--PX32500--PW0100--IN0020--TM282--X050499--Y047049--Z210681--T2690164315,4505.0,5679.0,508.5512985522207,243.02282484473915,28.06417759774025,0.5686695278969958,0.9933098524328109,0.7932734636379645,233.4823333787805,0.8302953865115742,0.6535783769925531,0.1681199447529726,0.15371634504076234,0.024710762126753372,0.12414107232250603,-9.996409439212359e-05,233.0,34.0,6.852941176470588
WE00053---E005--PO01--LO001--CO6--SL001--PX32500--PW0100--IN0020--TM283--X050499--Y047049--Z210765--T2344691282.png,WE00053---E005--PO01--LO001--CO6--SL001--PX32500--PW0100--IN0020--TM283--X050499--Y047049--Z210765--T2344691282,WE00053---E005--PO01--LO001--CO6--SL001--PX32500--PW0100--IN0020--TM283--X050499--Y047049--Z210765--T2344691282,4476.0,5451.0,456.9188309203678,204.00392390304552,35.10320913015983,0.3027597402597403,0.9850845073966225,0.8211337369290038,200.5691900566984,0.5983276957533975,0.31800058450221036,0.08878274162069036,0.07292335401392104,0.005867363577503887,0.04106107023214964,-5.801413099812023e-05,192.0,77.0,2.4935064935064934
WE00054---E006--PO01--LO001--CO6--SL001--PX32500--PW0100--IN0020--TM254--X059508--Y047049--Z209373--T2928401968.png,WE00054---E006--PO01--LO001--CO6--SL001--PX32500--PW0100--IN0020--TM254--X059508--Y047049--Z209373--T2928401968,WE00054---E006--PO01--LO001--CO6--SL001--PX32500--PW0100--IN0020--TM254--X059508--Y047049--Z209373--T2928401968,4177.0,9415.0,509.77164466275354,227.30913686750316,71.38749055584908,0.2467801016188113,0.9494049079308775,0.44365374402549124,191.60375779195982,0.8493778057114962,0.48562892419648546,0.28974690430351946,0.14963691572539747,0.030346888926089513,0.0737227451225959,0.0070624455913023635,186.0,91.0,2.043956043956044
WE00054---E006--PO01--LO001--CO6--SL001--PX32500--PW0100--IN0020--TM266--X059508--Y047049--Z213183--T2846183900.png,WE00054---E006--PO01--LO001--CO6--SL001--PX32500--PW0100--IN0020--TM266--X059508--Y047049--Z213183--T2846183900,WE00054---E006--PO01--LO001--CO6--SL001--PX32500--PW0100--IN0020--TM266--X059508--Y047049--Z213183--T2846183900,2995.0,4669.0,381.5046173579947,83.9429653527683,76.82769228401033,0.49300411522633747,0.4029163334384817,0.6414649817948169,86.95401083331349,0.2702194435288531,0.0005698533448735385,0.0006659897046220448,0.0016452618419099817,1.642339462280367e-06,3.052457025320975e-05,5.18392668542766e-07,75.0,81.0,0.9259259259259259
WE00054---E006--PO01--LO001--CO6--SL001--PX32500--PW0100--IN0020--TM280--X059508--Y047049--Z211686--T2676199230.png,WE00054---E006--PO01--LO001--CO6--SL001--PX32500--PW0100--IN0020--TM280--X059508--Y047049--Z211686--T2676199230,WE00054---E006--PO01--LO001--CO6--SL001--PX32500--PW0100--IN0020--TM280--X059508--Y047049--Z211686--T2676199230,4175.0,6458.0,409.5462479183374,163.9717663366734,52.57037211424191,0.30035971223021585,0.9472125613393579,0.6464849798699288,158.02847844613325,0.4438680266436899,0.13041068319091104,0.03864956104747438,0.015235065282511274,0.0003418636775740653,0.0030895130782377577,0.0001407145642825568,139.0,100.0,1.39
WE00054---E006--PO01--LO001--CO6--SL001--PX32500--PW0100--IN0020--TM281--X059508--Y047049--Z209639--T2363930383.png,WE00054---E006--PO01--LO001--CO6--SL001--PX32500--PW0100--IN0020--TM281--X059508--Y047049--Z209639--T2363930383,WE00054---E006--PO01--LO001--CO6--SL001--PX32500--PW0100--IN0020--TM281--X059508--Y047049--Z209639--T2363930383,4237.0,5473.0,407.27922061357856,178.6231018667536,37.354892654208285,0.5319522912743252,0.9778885143535495,0.774164078202083,177.1383639983163,0.4912320115309779,0.20255874369445473,0.0529269668156279,0.040557748099057114,0.0018786551939918468,0.018124802241012844,4.075629081255207e-05,177.0,45.0,3.933333333333333
WE00054---E006--PO01--LO001--CO6--SL001--PX32500--PW0100--IN0020--TM282--X059508--Y047049--Z209881--T2690244922.png,WE00054---E006--PO01--LO001--CO6--SL001--PX32500--PW0100--IN0020--TM282--X059508--Y047049--Z209881--T2690244922,WE00054---E006--PO01--LO001--CO6--SL001--PX32500--PW0100--IN0020--TM282--X059508--Y047049--Z209881--T2690244922,3591.0,5210.0,508.19090885900994,225.55178501634865,30.99280053346196,0.2597280486040793,0.9905144224972584,0.6892514395393474,227.49505489130968,0.9021540206239227,0.7546707406944079,0.5439633751554889,0.4868264139157084,0.2505187324218221,0.4224233629756919,0.001297532878184779,223.0,62.0,3.596774193548387
WE00054---E006--PO01--LO001--CO6--SL001--PX32500--PW0100--IN0020--TM284--X059508--Y047049--Z209653--T2862901091.png,WE00054---E006--PO01--LO001--CO6--SL001--PX32500--PW0100--IN0020--TM284--X059508--Y047049--Z209653--T2862901091,WE00054---E006--PO01--LO001--CO6--SL001--PX32500--PW0100--IN0020--TM284--X059508--Y047049--Z209653--T2862901091,3156.0,5773.0,411.50461735799473,106.84610216212167,84.08643608758676,0.4171844018506279,0.6169702635833425,0.5466828338818639,91.92388155425118,0.3661006472027557,0.007405897714539027,0.00601139901237134,0.005286053199635825,2.8639639064569927e-05,0.00015650393056495214,8.226999580765321e-06,85.0,89.0,0.9550561797752809
WE00055---E007--PO01--LO001--CO6--SL001--PX32500--PW0100--IN0020--TM250--X068517--Y047049--Z210070--T2940491348.png,WE00055---E007--PO01--LO001--CO6--SL001--PX32500--PW0100--IN0020--TM250--X068517--Y047049--Z210070--T2940491348,WE00055---E007--PO01--LO001--CO6--SL001--PX32500--PW0100--IN0020--TM250--X068517--Y047049--Z210070--T2940491348,3101.0,5226.0,377.9898987322333,106.76131963308066,68.39693674347593,0.4321348940914158,0.7678307164919542,0.5933792575583621,94.92101980067429,0.324010809530955,0.01834316034284695,0.0034332305209267703,0.0031339433605606475,9.602050138782388e-06,7.825654632539461e-07,-3.6710543442096655e-06,92.0,78.0,1.1794871794871795
WE00055---E007--PO01--LO001--CO6--SL001--PX32500--PW0100--IN0020--TM254--X068517--Y047049--Z210573--T2928481050.png,WE00055---E007--PO01--LO001--CO6--SL001--PX32500--PW0100--IN0020--TM254--X068517--Y047049--Z210573--T2928481050,WE00055---E007--PO01--LO001--CO6--SL001--PX32500--PW0100--IN0020--TM254--X068517--Y047049--Z210573--T2928481050,3611.0,5454.0,391.747258045114,105.20653182364563,71.5529107105636,0.5177060931899642,0.7331021749061588,0.6620828749541621,94.36630754670864,0.2801895833826095,0.010600684427207649,0.0029587968383439247,0.001365870202554951,9.409746908930676e-07,-6.31571252995618e-05,2.5795507602278294e-06,75.0,93.0,0.8064516129032258
WE00055---E007--PO01--LO001--CO6--SL001--PX32500--PW0100--IN0020--TM267--X068517--Y047049--Z210183--T2846263124.png,WE00055---E007--PO01--LO001--CO6--SL001--PX32500--PW0100--IN0020--TM267--X068517--Y047049--Z210183--T2846263124,WE00055---E007--PO01--LO001--CO6--SL001--PX32500--PW0100--IN0020--TM267--X068517--Y047049--Z210183--T2846263124,2431.0,4045.0,300.0071426749364,105.49540365375898,51.99387677511412,0.38809067688378035,0.8701117820494816,0.6009888751545117,92.47702417357513,0.3556315151731616,0.04692718113986799,0.014752484046712666,0.00251884776505081,-2.852945681000113e-06,-0.00035300683435245274,1.5087118037186102e-05,87.0,72.0,1.2083333333333333
WE00055---E007--PO01--LO001--CO6--SL001--PX32500--PW0100--IN0020--TM280--X068517--Y047049--Z210261--T2338931506.png,WE00055---E007--PO01--LO001--CO6--SL001--PX32500--PW0100--IN0020--TM280--X068517--Y047049--Z210261--T2338931506,WE00055---E007--PO01--LO001--CO6--SL001--PX32500--PW0100--IN0020--TM280--X068517--Y047049--Z210261--T2338931506,3491.0,6009.0,376.73506473629425,136.95753667423398,62.90916699187335,0.4047536231884058,0.8882639553477423,0.580961890497587,124.48293055676348,0.4066694740669858,0.07020567819366394,0.01768291584974294,0.007524670474210788,8.011218776768632e-05,0.0004863296553610083,-3.340473639265749e-05,115.0,75.0,1.5333333333333334
WE00055---E007--PO01--LO001--CO6--SL001--PX32500--PW0100--IN0020--TM280--X068517--Y047049--Z210486--T2676279932.png,WE00055---E007--PO01--LO001--CO6--SL001--PX32500--PW0100--IN0020--TM280--X068517--Y047049--Z210486--T2676279932,WE00055---E007--PO01--LO001--CO6--SL001--PX32500--PW0100--IN0020--TM280--X068517--Y047049--Z210486--T2676279932,2967.0,4244.0,328.5279579551077,101.0345469049104,52.93157499325613,0.5232804232804232,0.8517823598279184,0.6991046182846371,90.44888059008801,0.274050625622414,0.02433991748887536,0.0017125732099141431,0.0010288287339525997,7.165300698738301e-07,3.184067745400869e-05,-1.1625759292345463e-06,90.0,63.0,1.4285714285714286
WE00055---E007--PO01--LO001--CO6--SL001--PX32500--PW0100--IN0020--TM280--X068517--Y047049--Z213275--T2854398467.png,WE00055---E007--PO01--LO001--CO6--SL001--PX32500--PW0100--IN0020--TM280--X068517--Y047049--Z213275--T2854398467,WE00055---E007--PO01--LO001--CO6--SL001--PX32500--PW0100--IN0020--TM280--X068517--Y047049--Z213275--T2854398467,4079.0,4840.0,479.58073580374355,229.6011910848745,26.692007264888602,0.587413594470046,0.9932195415493186,0.8427685950413223,224.32119828495925,0.8186622058013899,0.6349363536537108,0.1648435894276652,0.14998433957401483,0.023583273887190916,0.1194848622156836,4.5525990719010555e-05,224.0,31.0,7.225806451612903
WE00055---E007--PO01--LO001--CO6--SL001--PX32500--PW0100--IN0020--TM281--X068517--Y047049--Z211239--T2364010908.png,WE00055---E007--PO01--LO001--CO6--SL001--PX32500--PW0100--IN0020--TM281--X068517--Y047049--Z211239--T2364010908,WE00055---E007--PO01--LO001--CO6--SL001--PX32500--PW0100--IN0020--TM281--X068517--Y047049--Z211239--T2364010908,3401.0,3943.0,281.90663761154804,105.11036260591166,44.00067311387752,0.5320713391739674,0.908164241136907,0.8625412122749175,103.78824596263297,0.23861084169399693,0.02804054810398141,0.0008086758502339685,0.00022781450572222534,8.710323944163067e-08,2.2824005259719764e-05,-4.443379341392608e-08,94.0,68.0,1.3823529411764706
WE00056---E008--PO01--LO001--CO6--SL001--PX32500--PW0100--IN0020--TM250--X077526--Y047049--Z210470--T2940570993.png,WE00056---E008--PO01--LO001--CO6--SL001--PX32500--PW0100--IN0020--TM250--X077526--Y047049--Z210470--T2940570993,WE00056---E008--PO01--LO001--CO6--SL001--PX32500--PW0100--IN0020--TM250--X077526--Y047049--Z210470--T2940570993,3316.0,4969.0,325.32085117392114,99.43064198255409,63.95179344920765,0.48764705882352943,0.7657150751841265,0.66733749245321,93.81364506296512,0.2634251441954344,0.011936603130960698,0.004953736170405123,0.0016892453483055,2.120955744264548e-06,-6.567325233594904e-05,-4.40230259046947e-06,85.0,80.0,1.0625
WE00056---E008--PO01--LO001--CO6--SL001--PX32500--PW0100--IN0020--TM267--X077526--Y047049--Z213783--T2846342502.png,WE00056---E008--PO01--LO001--CO6--SL001--PX32500--PW0100--IN0020--TM267--X077526--Y047049--Z213783--T2846342502,WE00056---E008--PO01--LO001--CO6--SL001--PX32500--PW0100--IN0020--TM267--X077526--Y047049--Z213783--T2846342502,3028.0,4752.0,372.19090885901,101.36267082558334,66.78327112896217,0.4211990541104465,0.7522702284586317,0.6372053872053872,98.08669634563088,0.30412806183082963,0.014403099906959727,0.0053932184022012376,0.004730336509064671,2.3364746840411778e-05,0.0005123454284276246,4.99413480905545e-06,79.0,91.0,0.8681318681318682
WE00056---E008--PO01--LO001--CO6--SL001--PX32500--PW0100--IN0020--TM280--X077526--Y047049--Z209461--T2339013418.png,WE00056---E008--PO01--LO001--CO6--SL001--PX32500--PW0100--IN0020--TM280--X077526--Y047049--Z209461--T2339013418,WE00056---E008--PO01--LO001--CO6--SL001--PX32500--PW0100--IN0020--TM280--X077526--Y047049--Z209461--T2339013418,3023.0,5881.0,372.5340546095176,132.18648164810378,55.44950242329628,0.2915702160493827,0.9077648680901693,0.5140282264920932,120.65239326262865,0.42482453790720354,0.08861870452556322,0.027130994277015805,0.011911715251682834,0.0001772721293279098,0.0005464871367551968,0.00012012408178080402,108.0,96.0,1.125
WE00056---E008--PO01--LO001--CO6--SL001--PX32500--PW0100--IN0020--TM280--X077526--Y047049--Z215075--T2854478261.png,WE00056---E008--PO01--LO001--CO6--SL001--PX32500--PW0100--IN0020--TM280--X077526--Y047049--Z215075--T2854478261,WE00056---E008--PO01--LO001--CO6--SL001--PX32500--PW0100--IN0020--TM280--X077526--Y047049--Z215075--T2854478261,4156.0,5510.0,481.37972567696687,225.94669003998655,31.390580529158207,0.47442922374429225,0.9903023238324791,0.7542649727767695,219.3855054464629,0.7825624892622614,0.5668969024410284,0.22393000406978705,0.19509894958274812,0.0407785673695307,0.14675523237919924,-0.00022441892459628375,219.0,40.0,5.475
WE00056---E008--PO01--LO001--CO6--SL001--PX32500--PW0100--IN0020--TM281--X077526--Y047049--Z210439--T2364091593.png,WE00056---E008--PO01--LO001--CO6--SL001--PX32500--PW0100--IN0020--TM281--X077526--Y047049--Z210439--T2364091593,WE00056---E008--PO01--LO001--CO6--SL001--PX32500--PW0100--IN0020--TM281--X077526--Y047049--Z210439--T2364091593,3152.0,4772.0,335.60512242138304,108.09221228746038,55.359371747588675,0.45601851851851855,0.8588963246870824,0.6605196982397318,98.2700361249552,0.2924450031227221,0.029209775321132524,0.003207646529268646,0.0018171850619867877,3.5631604293836627e-06,5.1870857283068945e-05,-2.5596514336079902e-06,96.0,72.0,1.3333333333333333
WE00056---E008--PO01--LO001--CO6--SL001--PX32500--PW0100--IN0020--TM281--X077526--Y047049--Z210686--T2676360878.png,WE00056---E008--PO01--LO001--CO6--SL001--PX32500--PW0100--IN0020--TM281--X077526--Y047049--Z210686--T2676360878,WE00056---E008--PO01--LO001--CO6--SL001--PX32500--PW0100--IN0020--TM281--X077526--Y047049--Z210686--T2676360878,3128.0,4423.0,333.32085117392114,95.65410967172167,64.11927554381163,0.543905407755173,0.7420682668752542,0.7072122993443364,87.20665112249179,0.2649654370474943,0.010134831246956789,0.0026919866950381607,0.0008148905714559353,2.9958563337579526e-07,-4.8866181377606025e-05,-1.1691666636816983e-06,81.0,71.0,1.1408450704225352
WE00056---E008--PO01--LO001--CO6--SL001--PX32500--PW0100--IN0020--TM284--X077526--Y047049--Z211853--T2863048380.png,WE00056---E008--PO01--LO001--CO6--SL001--PX32500--PW0100--IN0020--TM284--X077526--Y047049--Z211853--T2863048380,WE00056---E008--PO01--LO001--CO6--SL001--PX32500--PW0100--IN0020--TM284--X077526--Y047049--Z211853--T2863048380,3280.0,5891.0,380.9838020778234,147.68040463786417,44.50767594874388,0.43386243386243384,0.9535046371801373,0.5567815311492107,140.69825869569246,0.4533238401745749,0.1427562331083694,0.03562677051646097,0.023197535432271283,0.0006576104751704623,0.006755927048297105,-0.00011083396103057691,140.0,54.0,2.5925925925925926
WE00057---E009--PO01--LO001--CO6--SL001--PX32500--PW0100--IN0020--TM250--X086535--Y047049--Z211470--T2940650010.png,WE00057---E009--PO01--LO001--CO6--SL001--PX32500--PW0100--IN0020--TM250--X086535--Y047049--Z211470--T2940650010,WE00057---E009--PO01--LO001--CO6--SL001--PX32500--PW0100--IN0020--TM250--X086535--Y047049--Z211470--T2940650010,2606.0,4197.0,326.2497833620557,84.30501473031259,66.1990584269678,0.4825925925925926,0.6192007192512754,0.6209197045508696,77.3692445355388,0.27555762771717474,0.004271207347544624,0.002079029883985905,0.0016530158088007391,2.09326223829391e-06,-7.061834184494197e-05,2.2380390627878144e-06,75.0,72.0,1.0416666666666667
WE00057---E009--PO01--LO001--CO6--SL001--PX32500--PW0100--IN0020--TM254--X086535--Y047049--Z212373--T2928638497.png,WE00057---E009--PO01--LO001--CO6--SL001--PX32500--PW0100--IN0020--TM254--X086535--Y047049--Z212373--T2928638497,WE00057---E009--PO01--LO001--CO6--SL001--PX32500--PW0100--IN0020--TM254--X086535--Y047049--Z212373--T2928638497,4085.0,7742.0,491.84776310850236,216.29576809018332,49.13913376885174,0.380141447980644,0.97385164087189,0.527641436321364,199.42417105255822,0.7527312386976049,0.46082836592310894,0.1672783991985901,0.08650674264679356,0.010077017353829154,0.04684625654402024,0.0025969342122224934,199.0,54.0,3.685185185185185
WE00057---E009--PO01--LO001--CO6--SL001--PX32500--PW0100--IN0020--TM280--X086535--Y047049--Z211461--T2339095556.png,WE00057---E009--PO01--LO001--CO6--SL001--PX32500--PW0100--IN0020--TM280--X086535--Y047049--Z211461--T2339095556,WE00057---E009--PO01--LO001--CO6--SL001--PX32500--PW0100--IN0020--TM280--X086535--Y047049--Z211461--T2339095556,3003.0,4838.0,350.77669529663683,103.92008052220739,64.0727650250814,0.47833705001592863,0.7873094293153112,0.6207110376188507,91.60785992479029,0.31020442794083747,0.019410158422025835,0.005081655036400379,0.001893441777369925,1.228394824013728e-06,-0.00014409262562137118,-5.743381850423412e-06,86.0,73.0,1.178082191780822
WE00057---E009--PO01--LO001--CO6--SL001--PX32500--PW0100--IN0020--TM281--X086535--Y047049--Z210886--T2676441359.png,WE00057---E009--PO01--LO001--CO6--SL001--PX32500--PW0100--IN0020--TM281--X086535--Y047049--Z210886--T2676441359,WE00057---E009--PO01--LO001--CO6--SL001--PX32500--PW0100--IN0020--TM281--X086535--Y047049--Z210886--T2676441359,3332.0,4939.0,333.8061325481597,103.52776401146856,60.778967662817685,0.5214397496087637,0.8095297055830328,0.6746304920024296,94.33981132056604,0.2703346494480073,0.017358354169393464,0.004247333358443422,0.0013719078233998382,1.2435213584121847e-06,-6.76213021735092e-05,3.069322082502332e-06,90.0,71.0,1.267605633802817
WE00057---E009--PO01--LO001--CO6--SL001--PX32500--PW0100--IN0020--TM281--X086535--Y047049--Z211439--T2364172792.png,WE00057---E009--PO01--LO001--CO6--SL001--PX32500--PW0100--IN0020--TM281--X086535--Y047049--Z211439--T2364172792,WE00057---E009--PO01--LO001--CO6--SL001--PX32500--PW0100--IN0020--TM281--X086535--Y047049--Z211439--T2364172792,2847.0,5619.0,363.2203461105328,133.19773254062713,50.06952712971005,0.3083170890188434,0.9266587132652025,0.5066737853710624,122.58874336577564,0.44451601468557284,0.11185404196784329,0.022883501473080055,0.008832221901969365,9.330740561692969e-05,3.285853432150629e-05,-8.402453635440479e-05,114.0,81.0,1.4074074074074074
WE00057---E009--PO01--LO001--CO6--SL001--PX32500--PW0100--IN0020--TM284--X086535--Y047049--Z211053--T2863121689.png,WE00057---E009--PO01--LO001--CO6--SL001--PX32500--PW0100--IN0020--TM284--X086535--Y047049--Z211053--T2863121689,WE00057---E009--PO01--LO001--CO6--SL001--PX32500--PW0100--IN0020--TM284--X086535--Y047049--Z211053--T2863121689,2543.0,4134.0,352.5340546095176,89.9676518178231,69.80407206370735,0.4849351639969489,0.6308809211215071,0.6151427189163038,77.6659513557904,0.3186882336386231,0.0062690600703825,0.0022943524415748266,0.0013251150908300251,1.0237060366667487e-06,-6.0901582732236744e-05,2.071363477543726e-06,69.0,76.0,0.9078947368421053
WE00058---E010--PO01--LO001--CO6--SL001--PX32500--PW0100--IN0020--TM250--X095544--Y047049--Z209870--T2940729529.png,WE00058---E010--PO01--LO001--CO6--SL001--PX32500--PW0100--IN0020--TM250--X095544--Y047049--Z209870--T2940729529,WE00058---E010--PO01--LO001--CO6--SL001--PX32500--PW0100--IN0020--TM250--X095544--Y047049--Z209870--T2940729529,2509.0,2711.0,220.45079348883235,87.56867885432884,38.96744715307527,0.5341707472855014,0.8955340584444264,0.9254887495389156,85.88364221433555,0.2288445459824704,0.023468337850989587,0.0015931931234928506,0.0003527397296056952,2.644007023169817e-07,5.400159727262291e-05,-4.137714196069693e-09,77.0,61.0,1.2622950819672132
WE00058---E010--PO01--LO001--CO6--SL001--PX32500--PW0100--IN0020--TM254--X095544--Y047049--Z210973--T2928716740.png,WE00058---E010--PO01--LO001--CO6--SL001--PX32500--PW0100--IN0020--TM254--X095544--Y047049--Z210973--T2928716740,WE00058---E010--PO01--LO001--CO6--SL001--PX32500--PW0100--IN0020--TM254--X095544--Y047049--Z210973--T2928716740,4145.0,6707.0,393.32085117392114,132.96708112375887,73.55326083058684,0.3966507177033493,0.8330690915234071,0.6180110332488445,126.24579200908045,0.3481653625057993,0.03423036991796493,0.02344499668382988,0.006806691050389484,6.0042703817359176e-05,0.0002689200400891739,-6.155090227657907e-05,95.0,110.0,0.8636363636363636
WE00058---E010--PO01--LO001--CO6--SL001--PX32500--PW0100--IN0020--TM267--X095544--Y047049--Z218583--T2846502206.png,WE00058---E010--PO01--LO001--CO6--SL001--PX32500--PW0100--IN0020--TM267--X095544--Y047049--Z218583--T2846502206,WE00058---E010--PO01--LO001--CO6--SL001--PX32500--PW0100--IN0020--TM267--X095544--Y047049--Z218583--T2846502206,3452.0,5475.0,364.91883092036784,127.86776323496025,57.671592769195115,0.48592342342342343,0.8925111783503691,0.6305022831050229,111.28791488746656,0.35624597130735314,0.05560545390306985,0.010638893695125584,0.0044779131492872,2.4246234376030002e-05,0.00030171691105845393,-1.9167270077894407e-05,64.0,111.0,0.5765765765765766
WE00058---E010--PO01--LO001--CO6--SL001--PX32500--PW0100--IN0020--TM280--X095544--Y047049--Z212075--T2854637945.png,WE00058---E010--PO01--LO001--CO6--SL001--PX32500--PW0100--IN0020--TM280--X095544--Y047049--Z212075--T2854637945,WE00058---E010--PO01--LO001--CO6--SL001--PX32500--PW0100--IN0020--TM280--X095544--Y047049--Z212075--T2854637945,4692.0,5808.0,503.88939366884495,228.5325226049799,31.21258760440036,0.2653996266757169,0.9906292762593435,0.8078512396694215,226.83253734859116,0.7086708694740785,0.46610173161788915,0.10052384701876091,0.08624814717583568,0.008030124168892296,0.05830189152625293,-0.00010475502160020838,213.0,83.0,2.566265060240964
WE00058---E010--PO01--LO001--CO6--SL001--PX32500--PW0100--IN0020--TM281--X095544--Y047049--Z202737--T2353740462.png,WE00058---E010--PO01--LO001--CO6--SL001--PX32500--PW0100--IN0020--TM281--X095544--Y047049--Z202737--T2353740462,WE00058---E010--PO01--LO001--CO6--SL001--PX32500--PW0100--IN0020--TM281--X095544--Y047049--Z202737--T2353740462,5106.0,12525.0,602.7422074112307,242.73258982782644,57.790934497995394,0.21789783638458585,0.9712443765621585,0.4076646706586826,237.00843866833097,0.7620801786461445,0.4628335592044253,0.22020619247263173,0.21505107966550224,0.04675441981065221,0.13704397751824401,-0.002018945623438611,219.0,107.0,2.046728971962617
WE00058---E010--PO01--LO001--CO6--SL001--PX32500--PW0100--IN0020--TM281--X095544--Y047049--Z209286--T2676522282.png,WE00058---E010--PO01--LO001--CO6--SL001--PX32500--PW0100--IN0020--TM281--X095544--Y047049--Z209286--T2676522282,WE00058---E010--PO01--LO001--CO6--SL001--PX32500--PW0100--IN0020--TM281--X095544--Y047049--Z209286--T2676522282,3036.0,4689.0,368.0904037956216,103.11993486041315,67.23342944793306,0.49150072850898496,0.7582253706452708,0.6474728087012156,88.23264701911646,0.31196588852408685,0.015838726827814526,0.003786059600909275,0.0011918511459190595,5.191244484392349e-07,-8.191175451203862e-05,2.4779917224377154e-06,87.0,71.0,1.2253521126760563
WE00058---E010--PO01--LO001--CO6--SL001--PX32500--PW0100--IN0020--TM281--X095544--Y047049--Z211839--T2364253701.png,WE00058---E010--PO01--LO001--CO6--SL001--PX32500--PW0100--IN0020--TM281--X095544--Y047049--Z211839--T2364253701,WE00058---E010--PO01--LO001--CO6--SL001--PX32500--PW0100--IN0020--TM281--X095544--Y047049--Z211839--T2364253701,4484.0,6785.0,414.8599564173221,171.26541228979775,47.07624255300341,0.4070442992011619,0.9614805344906907,0.6608695652173913,163.62457028209425,0.4397303476207573,0.14284645572287405,0.014471692185365601,0.011939151909626987,0.00015663600259993015,0.0038481583537039086,-9.6831876950252e-06,162.0,68.0,2.3823529411764706
WE00058---E010--PO01--LO001--CO6--SL001--PX32500--PW0100--IN0020--TM284--X095544--Y047049--Z210253--T2863195249.png,WE00058---E010--PO01--LO001--CO6--SL001--PX32500--PW0100--IN0020--TM284--X095544--Y047049--Z210253--T2863195249,WE00058---E010--PO01--LO001--CO6--SL001--PX32500--PW0100--IN0020--TM284--X095544--Y047049--Z210253--T2863195249,2990.0,3875.0,318.2497833620557,78.98665649337012,65.20138512185937,0.5767746913580247,0.5644409979343263,0.7716129032258064,74.62573282722254,0.21927492737898563,0.0017262622927758716,0.001293709527897131,0.00038836330699106145,1.7319855205237507e-07,-9.203884109757682e-06,2.1396657217520427e-07,72.0,72.0,1.0
WE00059---E011--PO01--LO001--CO6--SL001--PX32500--PW0100--IN0020--TM250--X104554--Y047049--Z212270--T2940808984.png,WE00059---E011--PO01--LO001--CO6--SL001--PX32500--PW0100--IN0020--TM250--X104554--Y047049--Z212270--T2940808984,WE00059---E011--PO01--LO001--CO6--SL001--PX32500--PW0100--IN0020--TM250--X104554--Y047049--Z212270--T2940808984,3366.0,5778.0,400.3919189857867,173.08299254772638,48.61001091212927,0.27075289575289574,0.9597522624984585,0.5825545171339563,165.4841382127,0.6001310062045757,0.262534251341297,0.0851987079262804,0.031118455713413366,0.0014147121992798316,0.008448517446007183,-0.0007522974465931773,148.0,84.0,1.7619047619047619
WE00059---E011--PO01--LO001--CO6--SL001--PX32500--PW0100--IN0020--TM254--X104554--Y047049--Z211573--T2928795672.png,WE00059---E011--PO01--LO001--CO6--SL001--PX32500--PW0100--IN0020--TM254--X104554--Y047049--Z211573--T2928795672,WE00059---E011--PO01--LO001--CO6--SL001--PX32500--PW0100--IN0020--TM254--X104554--Y047049--Z211573--T2928795672,3595.0,8519.0,466.71782079359116,145.83696840831632,86.30783285893044,0.29015334947538335,0.8060772076243986,0.4219978870759479,126.82665335015349,0.4992604896963373,0.05772172773624526,0.03196118981901461,0.029421946592190516,0.0008892403443682337,0.0024289288624690848,-0.00015256307728844874,118.0,105.0,1.1238095238095238
WE00059---E011--PO01--LO001--CO6--SL001--PX32500--PW0100--IN0020--TM280--X104554--Y047049--Z211075--T2854718292.png,WE00059---E011--PO01--LO001--CO6--SL001--PX32500--PW0100--IN0020--TM280--X104554--Y047049--Z211075--T2854718292,WE00059---E011--PO01--LO001--CO6--SL001--PX32500--PW0100--IN0020--TM280--X104554--Y047049--Z211075--T2854718292,4729.0,6338.0,508.8711037056153,227.07076007865112,31.998678529085588,0.50265731292517,0.9900210698039646,0.7461344272641212,224.0200883849482,0.6949810413182503,0.44611210845305,0.09377297296461777,0.08165063442284864,0.007144309822088434,0.05417693591630353,6.4880362268188e-05,224.0,42.0,5.333333333333333
WE00059---E011--PO01--LO001--CO6--SL001--PX32500--PW0100--IN0020--TM280--X104554--Y047049--Z212861--T2339258406.png,WE00059---E011--PO01--LO001--CO6--SL001--PX32500--PW0100--IN0020--TM280--X104554--Y047049--Z212861--T2339258406,WE00059---E011--PO01--LO001--CO6--SL001--PX32500--PW0100--IN0020--TM280--X104554--Y047049--Z212861--T2339258406,2873.0,5880.0,366.2914139223983,130.39080332158582,58.36518573801655,0.29833852544132916,0.8942252002311644,0.48860544217687074,116.82465493208187,0.4439665962643936,0.08747103089339571,0.033598979789445434,0.01694576372296031,0.0003512973096852367,0.0013436601355521001,-0.00020021763963325262,107.0,90.0,1.1888888888888889
WE00059---E011--PO01--LO001--CO6--SL001--PX32500--PW0100--IN0020--TM281--X104554--Y047049--Z208486--T2676603197.png,WE00059---E011--PO01--LO001--CO6--SL001--PX32500--PW0100--IN0020--TM281--X104554--Y047049--Z208486--T2676603197,WE00059---E011--PO01--LO001--CO6--SL001--PX32500--PW0100--IN0020--TM281--X104554--Y047049--Z208486--T2676603197,3279.0,3929.0,290.5929291125633,121.59513746679868,39.2935081660467,0.5427010923535254,0.9463476462611644,0.8345635021634004,118.96217886370441,0.3112488037428493,0.06370079591804698,0.005523580377905014,0.0026905147141543942,1.015687849610714e-05,0.0006054455075865614,2.101581133248982e-06,53.0,114.0,0.4649122807017544
WE00059---E011--PO01--LO001--CO6--SL001--PX32500--PW0100--IN0020--TM281--X104554--Y047049--Z211439--T2364335054.png,WE00059---E011--PO01--LO001--CO6--SL001--PX32500--PW0100--IN0020--TM281--X104554--Y047049--Z211439--T2364335054,WE00059---E011--PO01--LO001--CO6--SL001--PX32500--PW0100--IN0020--TM281--X104554--Y047049--Z211439--T2364335054,2860.0,5365.0,362.5340546095176,112.30391202955173,64.6670525308061,0.3780568407138136,0.8175751549922521,0.5330848089468779,95.34149149242423,0.3670016682728,0.03394050105402943,0.008072016490345887,0.0040471407744009065,1.0611646265516192e-05,-0.0003143016187970095,2.0554394528866997e-05,85.0,89.0,0.9550561797752809
WE00059---E011--PO01--LO001--CO6--SL001--PX32500--PW0100--IN0020--TM281--X104554--Y047049--Z216337--T2353821027.png,WE00059---E011--PO01--LO001--CO6--SL001--PX32500--PW0100--IN0020--TM281--X104554--Y047049--Z216337--T2353821027,WE00059---E011--PO01--LO001--CO6--SL001--PX32500--PW0100--IN0020--TM281--X104554--Y047049--Z216337--T2353821027,3480.0,5678.0,426.0904037956216,183.18664028638372,45.9461822171125,0.3944236654199252,0.9680347202200156,0.6128918633321592,173.4156855650607,0.6405962076102917,0.3189631226338895,0.10843046793543096,0.050268677189561614,0.0035838420605929723,0.023509772490435437,-0.0009641352226948873,173.0,51.0,3.392156862745098
WE00059---E011--PO01--LO001--CO6--SL001--PX32500--PW0100--IN0020--TM282--X104554--Y047049--Z209681--T2690645588.png,WE00059---E011--PO01--LO001--CO6--SL001--PX32500--PW0100--IN0020--TM282--X104554--Y047049--Z209681--T2690645588,WE00059---E011--PO01--LO001--CO6--SL001--PX32500--PW0100--IN0020--TM282--X104554--Y047049--Z209681--T2690645588,3804.0,5717.0,494.24978336205567,234.17403609552744,28.357420259352164,0.46945575712699,0.9926408623805411,0.6653839426272521,219.58369702689677,0.9141959526983915,0.7881385664866167,0.2833958404706147,0.25317507285135626,0.06781167549564729,0.22311325732657844,0.0007081002035490593,219.0,37.0,5.918918918918919
WE00059---E011--PO01--LO001--CO6--SL001--PX32500--PW0100--IN0020--TM284--X104554--Y047049--Z215453--T2863269115.png,WE00059---E011--PO01--LO001--CO6--SL001--PX32500--PW0100--IN0020--TM284--X104554--Y047049--Z215453--T2863269115,WE00059---E011--PO01--LO001--CO6--SL001--PX32500--PW0100--IN0020--TM284--X104554--Y047049--Z215453--T2863269115,3599.0,6326.0,425.5462479183374,108.80001601669463,80.00842187932629,0.40356582193316887,0.6776642826542449,0.5689219095795132,99.14131328563285,0.3167336596424921,0.008911905298875254,0.0035366905374379955,0.0033796298323979083,1.1223759469654064e-05,-7.555041786709244e-05,-3.2480450468306066e-06,98.0,91.0,1.0769230769230769
WE00060---E012--PO01--LO001--CO6--SL001--PX32500--PW0100--IN0020--TM249--X113563--Y047049--Z210070--T2940888670.png,WE00060---E012--PO01--LO001--CO6--SL001--PX32500--PW0100--IN0020--TM249--X113563--Y047049--Z210070--T2940888670,WE00060---E012--PO01--LO001--CO6--SL001--PX32500--PW0100--IN0020--TM249--X113563--Y047049--Z210070--T2940888670,3666.0,6242.0,384.43354954612926,159.92102441875753,58.811058169754844,0.31878260869565217,0.9299244436853108,0.5873117590515861,136.69308687713507,0.4949787679724347,0.14216347157344295,0.04152103345458862,0.006380406821501032,-2.483438868091519e-06,-0.0008344587165216161,-0.00010382033330576923,125.0,92.0,1.358695652173913
WE00060---E012--PO01--LO001--CO6--SL001--PX32500--PW0100--IN0020--TM281--X113563--Y047049--Z211086--T2676684012.png,WE00060---E012--PO01--LO001--CO6--SL001--PX32500--PW0100--IN0020--TM281--X113563--Y047049--Z211086--T2676684012,WE00060---E012--PO01--LO001--CO6--SL001--PX32500--PW0100--IN0020--TM281--X113563--Y047049--Z211086--T2676684012,2167.0,3391.0,274.69343417595167,93.88561377950558,43.77890998772101,0.46303418803418805,0.8846263789836303,0.6390445296372751,90.93404203047393,0.3095033870116367,0.039580197212000845,0.007221978388360029,0.005506122538946375,3.3020933305663275e-05,0.0007839189081138353,-1.0732742664472525e-05,52.0,90.0,0.5777777777777777
WE00060---E012--PO01--LO001--CO6--SL001--PX32500--PW0100--IN0020--TM281--X113563--Y047049--Z221937--T2353901084.png,WE00060---E012--PO01--LO001--CO6--SL001--PX32500--PW0100--IN0020--TM281--X113563--Y047049--Z221937--T2353901084,WE00060---E012--PO01--LO001--CO6--SL001--PX32500--PW0100--IN0020--TM281--X113563--Y047049--Z221937--T2353901084,4053.0,8544.0,451.1553749530772,174.66441709125965,67.36829603460292,0.3374125874125874,0.922623700437714,0.4743679775280899,154.39235732380018,0.540435262589986,0.16036995561673167,0.0861469266767493,0.041192845995818135,0.002220299261162101,0.011357703045937155,-0.001044881820027462,154.0,78.0,1.9743589743589745
WE00060---E012--PO01--LO001--CO6--SL001--PX32500--PW0100--IN0020--TM284--X113563--Y047049--Z211253--T2863342459.png,WE00060---E012--PO01--LO001--CO6--SL001--PX32500--PW0100--IN0020--TM284--X113563--Y047049--Z211253--T2863342459,WE00060---E012--PO01--LO001--CO6--SL001--PX32500--PW0100--IN0020--TM284--X113563--Y047049--Z211253--T2863342459,2894.0,5138.0,361.26197667087547,117.34012761317452,64.06218533676426,0.4104964539007092,0.8378158561609629,0.5632541845075905,97.8008179924892,0.3859854254146081,0.04356558071808796,0.011855206879326747,0.003850392645760957,1.2276541862199091e-05,-0.0003010597519506924,2.2935347782773273e-05,94.0,75.0,1.2533333333333334
WE00061---F012--PO01--LO001--CO6--SL001--PX32500--PW0100--IN0020--TM250--X113563--Y056021--Z209070--T2940968061.png,WE00061---F012--PO01--LO001--CO6--SL001--PX32500--PW0100--IN0020--TM250--X113563--Y056021--Z209070--T2940968061,WE00061---F012--PO01--LO001--CO6--SL001--PX32500--PW0100--IN0020--TM250--X113563--Y056021--Z209070--T2940968061,3288.0,4719.0,329.66399692442883,110.26301903308764,54.449282182652595,0.4775599128540305,0.8695682779722673,0.6967577876668786,102.61578825892242,0.2874592779899859,0.030537303644703036,0.0037138008674019243,0.0016644152511033539,3.3296764557600227e-06,9.17571594183114e-05,-2.457070153689295e-06,81.0,85.0,0.9529411764705882
WE00061---F012--PO01--LO001--CO6--SL001--PX32500--PW0100--IN0020--TM254--X113563--Y056021--Z209573--T2928953253.png,WE00061---F012--PO01--LO001--CO6--SL001--PX32500--PW0100--IN0020--TM254--X113563--Y056021--Z209573--T2928953253,WE00061---F012--PO01--LO001--CO6--SL001--PX32500--PW0100--IN0020--TM254--X113563--Y056021--Z209573--T2928953253,3484.0,5540.0,452.7766952966369,195.98526117645812,34.162970513043796,0.29777777777777775,0.9846901223530037,0.6288808664259928,199.2636444512646,0.7099836960512269,0.44637073728663024,0.30230233526083267,0.2597132487285528,0.07276301452110577,0.17240900442299995,-0.0011176351878908683,195.0,60.0,3.25
WE00061---F012--PO01--LO001--CO6--SL001--PX32500--PW0100--IN0020--TM268--X113563--Y056021--Z206583--T2846740887.png,WE00061---F012--PO01--LO001--CO6--SL001--PX32500--PW0100--IN0020--TM268--X113563--Y056021--Z206583--T2846740887,WE00061---F012--PO01--LO001--CO6--SL001--PX32500--PW0100--IN0020--TM268--X113563--Y056021--Z206583--T2846740887,3656.0,6673.0,445.5462479183374,177.61525798116816,53.77881703948049,0.3010540184453228,0.9530596370695449,0.5478795144612618,178.88543819998318,0.5887469404725595,0.23996563579328778,0.12076004851933012,0.05351750327051409,0.004088442601573472,0.016879653197372023,0.0013397105375428462,176.0,69.0,2.550724637681159
WE00061---F012--PO01--LO001--CO6--SL001--PX32500--PW0100--IN0020--TM280--X113563--Y056021--Z210261--T2339422373.png,WE00061---F012--PO01--LO001--CO6--SL001--PX32500--PW0100--IN0020--TM280--X113563--Y056021--Z210261--T2339422373,WE00061---F012--PO01--LO001--CO6--SL001--PX32500--PW0100--IN0020--TM280--X113563--Y056021--Z210261--T2339422373,3491.0,4815.0,350.63455967290594,157.16187527360862,37.14931535956962,0.47613202400436444,0.9716616317801728,0.7250259605399793,144.81022063376605,0.46691361127187886,0.17430480603171045,0.02090231699611633,0.012821502332918535,0.00020756275314233295,0.004804043172113711,-3.121415831459088e-05,141.0,52.0,2.7115384615384617
WE00061---F012--PO01--LO001--CO6--SL001--PX32500--PW0100--IN0020--TM281--X113563--Y056021--Z209886--T2676765412.png,WE00061---F012--PO01--LO001--CO6--SL001--PX32500--PW0100--IN0020--TM281--X113563--Y056021--Z209886--T2676765412,WE00061---F012--PO01--LO001--CO6--SL001--PX32500--PW0100--IN0020--TM281--X113563--Y056021--Z209886--T2676765412,3661.0,5264.0,359.1614716074871,107.46488331882817,62.59773821611235,0.523,0.8128344117150802,0.6954787234042553,101.27191120937731,0.26405316130330314,0.016968177102224893,0.0013094275172062717,0.001149491849950489,1.273207127320537e-06,2.3402626727694085e-05,6.064490373493004e-07,100.0,70.0,1.4285714285714286
WE00061---F012--PO01--LO001--CO6--SL001--PX32500--PW0100--IN0020--TM281--X113563--Y056021--Z212137--T2353980941.png,WE00061---F012--PO01--LO001--CO6--SL001--PX32500--PW0100--IN0020--TM281--X113563--Y056021--Z212137--T2353980941,WE00061---F012--PO01--LO001--CO6--SL001--PX32500--PW0100--IN0020--TM281--X113563--Y056021--Z212137--T2353980941,3652.0,6104.0,380.75945135393374,149.92529081374317,57.259791562707065,0.35285024154589373,0.9241944927103853,0.5982961992136304,144.5441109142811,0.44079060369985834,0.1079571973807687,0.059556738106307586,0.023462206651800557,0.0008030716789781259,0.005347348061669759,0.0003525233065633005,138.0,75.0,1.84
WE00061---F012--PO01--LO001--CO6--SL001--PX32500--PW0100--IN0020--TM281--X113563--Y056021--Z212239--T2364496113.png,WE00061---F012--PO01--LO001--CO6--SL001--PX32500--PW0100--IN0020--TM281--X113563--Y056021--Z212239--T2364496113,WE00061---F012--PO01--LO001--CO6--SL001--PX32500--PW0100--IN0020--TM281--X113563--Y056021--Z212239--T2364496113,2745.0,4547.0,349.11984104714446,101.33779262340582,58.40883457736651,0.4132169200662351,0.8171834875080383,0.6036947437871124,94.25497334358543,0.3114968162675449,0.024380321441456944,0.00549242495014333,0.0037755822863633996,1.5795479438917366e-05,0.0001491110792460576,-6.790483874633257e-06,73.0,91.0,0.8021978021978022
WE00062---F011--PO01--LO001--CO6--SL001--PX32500--PW0100--IN0020--TM249--X104554--Y056021--Z210470--T2941047435.png,WE00062---F011--PO01--LO001--CO6--SL001--PX32500--PW0100--IN0020--TM249--X104554--Y056021--Z210470--T2941047435,WE00062---F011--PO01--LO001--CO6--SL001--PX32500--PW0100--IN0020--TM249--X104554--Y056021--Z210470--T2941047435,3306.0,5593.0,392.5756851698602,111.20313028348613,71.53233167069567,0.4605739760378936,0.7656492772961183,0.5910960128732344,98.00510190801293,0.33051668668883094,0.018782002491310207,0.0048825492311373635,0.0033984561484654676,9.327990284844606e-06,-2.7201963530239766e-05,1.022893031842102e-05,97.0,74.0,1.3108108108108107
WE00062---F011--PO01--LO001--CO6--SL001--PX32500--PW0100--IN0020--TM268--X104554--Y056021--Z215583--T2846819930.png,WE00062---F011--PO01--LO001--CO6--SL001--PX32500--PW0100--IN0020--TM268--X104554--Y056021--Z215583--T2846819930,WE00062---F011--PO01--LO001--CO6--SL001--PX32500--PW0100--IN0020--TM268--X104554--Y056021--Z215583--T2846819930,4209.0,6710.0,434.71782079359116,176.76117672104286,49.178252461197175,0.48720916772774625,0.9605177738102787,0.6272727272727273,163.68872899500442,0.49986656734000035,0.18321935162602784,0.042428175689818985,0.021376967826712744,0.0006264695690505778,0.0073187127068633125,-0.00014834239796009878,163.0,53.0,3.0754716981132075
WE00062---F011--PO01--LO001--CO6--SL001--PX32500--PW0100--IN0020--TM280--X104554--Y056021--Z211875--T2854959632.png,WE00062---F011--PO01--LO001--CO6--SL001--PX32500--PW0100--IN0020--TM280--X104554--Y056021--Z211875--T2854959632,WE00062---F011--PO01--LO001--CO6--SL001--PX32500--PW0100--IN0020--TM280--X104554--Y056021--Z211875--T2854959632,4646.0,6507.0,522.1564209736038,235.114426760118,32.11009347446885,0.2005611914526225,0.9906301203755435,0.7140003073613033,231.2444593930847,0.7575044631629091,0.5325554733876159,0.14908757141312684,0.12840043092339326,0.017763785645690134,0.0924680971120159,-0.00022526887917831244,205.0,113.0,1.8141592920353982
WE00062---F011--PO01--LO001--CO6--SL001--PX32500--PW0100--IN0020--TM281--X104554--Y056021--Z211886--T2676846440.png,WE00062---F011--PO01--LO001--CO6--SL001--PX32500--PW0100--IN0020--TM281--X104554--Y056021--Z211886--T2676846440,WE00062---F011--PO01--LO001--CO6--SL001--PX32500--PW0100--IN0020--TM281--X104554--Y056021--Z211886--T2676846440,4155.0,7279.0,410.5756851698602,136.38134854005838,69.81318271325239,0.4222560975609756,0.8590469224575373,0.5708201676054403,124.45481107614924,0.3530949565306686,0.04262902948993059,0.010560184480892649,0.0059178044886624885,3.954075730245212e-05,0.0002679666853986997,-2.500125483684489e-05,120.0,82.0,1.4634146341463414
WE00062---F011--PO01--LO001--CO6--SL001--PX32500--PW0100--IN0020--TM281--X104554--Y056021--Z217337--T2354061141.png,WE00062---F011--PO01--LO001--CO6--SL001--PX32500--PW0100--IN0020--TM281--X104554--Y056021--Z217337--T2354061141,WE00062---F011--PO01--LO001--CO6--SL001--PX32500--PW0100--IN0020--TM281--X104554--Y056021--Z217337--T2354061141,3487.0,7273.0,426.5929291125633,157.12832456290323,73.81314741303343,0.29944182052382995,0.8827923196743329,0.47944452083046885,142.76203977248295,0.5401794363163761,0.1189346073921896,0.09627991453593081,0.0333184034925877,0.001527329608120555,0.005623130124765329,0.0011083310404410803,137.0,85.0,1.611764705882353
WE00062---F011--PO01--LO001--CO6--SL001--PX32500--PW0100--IN0020--TM284--X104554--Y056021--Z210853--T2863489167.png,WE00062---F011--PO01--LO001--CO6--SL001--PX32500--PW0100--IN0020--TM284--X104554--Y056021--Z210853--T2863489167,WE00062---F011--PO01--LO001--CO6--SL001--PX32500--PW0100--IN0020--TM284--X104554--Y056021--Z210853--T2863489167,2978.0,5332.0,392.71782079359116,101.41622636372963,75.11992331107508,0.3905061631261474,0.6718258750979518,0.5585146286571643,93.43446901438462,0.33429008244041825,0.009492210062313503,0.0028137729304513856,0.002675111328761964,4.712420760247433e-06,-0.00022228138299427882,5.626640066705335e-06,93.0,82.0,1.1341463414634145
WE00063---F010--PO01--LO001--CO6--SL001--PX32500--PW0100--IN0020--TM254--X095544--Y056021--Z210773--T2929111298.png,WE00063---F010--PO01--LO001--CO6--SL001--PX32500--PW0100--IN0020--TM254--X095544--Y056021--Z210773--T2929111298,WE00063---F010--PO01--LO001--CO6--SL001--PX32500--PW0100--IN0020--TM254--X095544--Y056021--Z210773--T2929111298,3007.0,5096.0,358.6345596729059,103.36979204350084,68.90096845840222,0.4312966150315548,0.7454617655016786,0.5900706436420722,91.0494371207203,0.32076524280059754,0.015232431820106435,0.008175590465158493,0.0034333465002739693,1.266349478796556e-05,-3.417938398049791e-05,-1.3058217958687832e-05,83.0,84.0,0.9880952380952381
WE00063---F010--PO01--LO001--CO6--SL001--PX32500--PW0100--IN0020--TM268--X095544--Y056021--Z214383--T2846899673.png,WE00063---F010--PO01--LO001--CO6--SL001--PX32500--PW0100--IN0020--TM268--X095544--Y056021--Z214383--T2846899673,WE00063---F010--PO01--LO001--CO6--SL001--PX32500--PW0100--IN0020--TM268--X095544--Y056021--Z214383--T2846899673,4111.0,5934.0,470.71782079359116,211.39932127035212,35.722287970336644,0.28806670870997125,0.9856194552570061,0.6927873272665993,207.36923590542548,0.698822593216389,0.43562872146532833,0.12040548914490416,0.0884723177158502,0.00911555645456335,0.054813332159039316,0.0005365626697514279,201.0,71.0,2.8309859154929575
WE00063---F010--PO01--LO001--CO6--SL001--PX32500--PW0100--IN0020--TM280--X095544--Y056021--Z209461--T2339585167.png,WE00063---F010--PO01--LO001--CO6--SL001--PX32500--PW0100--IN0020--TM280--X095544--Y056021--Z209461--T2339585167,WE00063---F010--PO01--LO001--CO6--SL001--PX32500--PW0100--IN0020--TM280--X095544--Y056021--Z209461--T2339585167,4341.0,7407.0,528.492424049175,244.2437939238366,36.388924064560086,0.3802224752561969,0.9888392941328282,0.5860672336978534,233.0772404161333,0.8779541676008676,0.7053058341563906,0.30235181335327743,0.24078945326132514,0.06492335610089062,0.19615767534837472,0.002459920563472502,233.0,49.0,4.755102040816326
WE00063---F010--PO01--LO001--CO6--SL001--PX32500--PW0100--IN0020--TM280--X095544--Y056021--Z210675--T2855039735.png,WE00063---F010--PO01--LO001--CO6--SL001--PX32500--PW0100--IN0020--TM280--X095544--Y056021--Z210675--T2855039735,WE00063---F010--PO01--LO001--CO6--SL001--PX32500--PW0100--IN0020--TM280--X095544--Y056021--Z210675--T2855039735,3888.0,5567.0,500.59902576697317,229.59376577784153,30.452653795902467,0.3058767996223743,0.9911646668370143,0.6984012933357284,226.73773395709856,0.8622791507083242,0.6929966498281162,0.36298829334737187,0.32252138121989077,0.11035283903766738,0.2684538840613627,0.00017805307075390714,223.0,57.0,3.912280701754386
WE00063---F010--PO01--LO001--CO6--SL001--PX32500--PW0100--IN0020--TM284--X095544--Y056021--Z210653--T2863562005.png,WE00063---F010--PO01--LO001--CO6--SL001--PX32500--PW0100--IN0020--TM284--X095544--Y056021--Z210653--T2863562005,WE00063---F010--PO01--LO001--CO6--SL001--PX32500--PW0100--IN0020--TM284--X095544--Y056021--Z210653--T2863562005,2615.0,3696.0,335.8061325481598,98.71866069592127,49.058470244570366,0.5094486654977596,0.867777830791231,0.707521645021645,92.11405973031478,0.2904423392049194,0.030764359024672075,0.0009415233330743132,0.0002328612195053583,-2.9358916101153212e-08,-3.337480362149751e-05,1.0500681703195312e-07,87.0,59.0,1.4745762711864407
WE00064---F009--PO01--LO001--CO6--SL001--PX32500--PW0100--IN0020--TM250--X086535--Y056021--Z210670--T2941206643.png,WE00064---F009--PO01--LO001--CO6--SL001--PX32500--PW0100--IN0020--TM250--X086535--Y056021--Z210670--T2941206643,WE00064---F009--PO01--LO001--CO6--SL001--PX32500--PW0100--IN0020--TM250--X086535--Y056021--Z210670--T2941206643,3313.0,6337.0,390.8599564173221,131.6242866607479,69.34133590554742,0.35021141649048626,0.8499814460637038,0.5228025879753827,112.60550608207397,0.4175440255077856,0.05575695757746358,0.021645185400894586,0.007958747703013646,6.4068992897326e-05,-0.0002206698154489621,-8.250419488851957e-05,110.0,86.0,1.2790697674418605
WE00064---F009--PO01--LO001--CO6--SL001--PX32500--PW0100--IN0020--TM254--X086535--Y056021--Z210173--T2929190146.png,WE00064---F009--PO01--LO001--CO6--SL001--PX32500--PW0100--IN0020--TM254--X086535--Y056021--Z210173--T2929190146,WE00064---F009--PO01--LO001--CO6--SL001--PX32500--PW0100--IN0020--TM254--X086535--Y056021--Z210173--T2929190146,2719.0,4401.0,355.56958851545033,85.75815724181857,70.59771608243732,0.45316666666666666,0.5677244248654028,0.6178141331515564,81.49233092751734,0.28361757653477626,0.002968887198988,0.0012257539392255543,0.001357032725969552,6.351049187276764e-07,-7.099602738866768e-05,-1.6308997634112572e-06,75.0,80.0,0.9375
WE00064---F009--PO01--LO001--CO6--SL001--PX32500--PW0100--IN0020--TM268--X086535--Y056021--Z214383--T2846978874.png,WE00064---F009--PO01--LO001--CO6--SL001--PX32500--PW0100--IN0020--TM268--X086535--Y056021--Z214383--T2846978874,WE00064---F009--PO01--LO001--CO6--SL001--PX32500--PW0100--IN0020--TM268--X086535--Y056021--Z214383--T2846978874,3870.0,7742.0,430.2741699796952,156.11484184682388,68.7994503606334,0.3786692759295499,0.8976555826093354,0.49987083440971325,148.12494725737457,0.4700453523059447,0.10058977181301587,0.06298970294791766,0.03666579046061196,0.001664788909221604,0.0072739362572483085,-0.0005774204236257029,146.0,70.0,2.085714285714286
WE00064---F009--PO01--LO001--CO6--SL001--PX32500--PW0100--IN0020--TM280--X086535--Y056021--Z210061--T2339667359.png,WE00064---F009--PO01--LO001--CO6--SL001--PX32500--PW0100--IN0020--TM280--X086535--Y056021--Z210061--T2339667359,WE00064---F009--PO01--LO001--CO6--SL001--PX32500--PW0100--IN0020--TM280--X086535--Y056021--Z210061--T2339667359,3202.0,3603.0,249.0365799264593,97.47346882586979,44.93893790597686,0.7096631205673759,0.8873805810796938,0.8887038578961977,94.53041838477179,0.22487088665414295,0.021325673168735522,0.0009179281801050525,0.0001284281985154663,1.4372094826468317e-08,1.169580214367119e-06,-4.168767172317605e-08,94.0,48.0,1.9583333333333333
WE00064---F009--PO01--LO001--CO6--SL001--PX32500--PW0100--IN0020--TM281--X086535--Y056021--Z211086--T2677009314.png,WE00064---F009--PO01--LO001--CO6--SL001--PX32500--PW0100--IN0020--TM281--X086535--Y056021--Z211086--T2677009314,WE00064---F009--PO01--LO001--CO6--SL001--PX32500--PW0100--IN0020--TM281--X086535--Y056021--Z211086--T2677009314,3558.0,5223.0,328.048773235279,111.54591222212865,58.448180918557526,0.4840816326530612,0.8517286160382289,0.6812176909821941,101.6366075781753,0.2785743462998044,0.025140142796365905,0.005947694492042409,0.0014577394987154043,1.2147561746084397e-06,-8.338169999935735e-05,4.116862641382577e-06,98.0,75.0,1.3066666666666666
WE00064---F009--PO01--LO001--CO6--SL001--PX32500--PW0100--IN0020--TM284--X086535--Y056021--Z209453--T2863635718.png,WE00064---F009--PO01--LO001--CO6--SL001--PX32500--PW0100--IN0020--TM284--X086535--Y056021--Z209453--T2863635718,WE00064---F009--PO01--LO001--CO6--SL001--PX32500--PW0100--IN0020--TM284--X086535--Y056021--Z209453--T2863635718,2888.0,4676.0,354.6345596729059,91.16274579473024,72.17299688886197,0.475,0.6109178707161333,0.6176218990590248,81.58431221748455,0.29258110501978646,0.004505744534906716,0.002777842218493154,0.002405558018259182,4.123283265185797e-06,-7.1167431968839996e-06,4.654764798740767e-06,76.0,80.0,0.95
WE00065---F008--PO01--LO001--CO6--SL001--PX32500--PW0100--IN0020--TM254--X077526--Y056021--Z211373--T2929269193.png,WE00065---F008--PO01--LO001--CO6--SL001--PX32500--PW0100--IN0020--TM254--X077526--Y056021--Z211373--T2929269193,WE00065---F008--PO01--LO001--CO6--SL001--PX32500--PW0100--IN0020--TM254--X077526--Y056021--Z211373--T2929269193,2882.0,5199.0,387.06096654409873,106.27328213801023,67.00453022046369,0.4060298675683291,0.7761951661384562,0.5543373725716484,92.76313923105448,0.34228872238137925,0.021774700534953194,0.002532939418910844,0.003199201311775626,9.098558812194316e-06,-2.8425435426638525e-05,3.917326672621262e-07,78.0,91.0,0.8571428571428571
WE00065---F008--PO01--LO001--CO6--SL001--PX32500--PW0100--IN0020--TM269--X077526--Y056021--Z215183--T2847058286.png,WE00065---F008--PO01--LO001--CO6--SL001--PX32500--PW0100--IN0020--TM269--X077526--Y056021--Z215183--T2847058286,WE00065---F008--PO01--LO001--CO6--SL001--PX32500--PW0100--IN0020--TM269--X077526--Y056021--Z215183--T2847058286,4331.0,7239.0,455.38686835190333,201.56758985084682,39.773742419981,0.24543805961691034,0.9803387089935164,0.5982870562232353,188.85973631242842,0.609146904069069,0.3175199986476164,0.08987498633533034,0.07580414434820526,0.006251505439852978,0.04134959814284712,-0.00025963545155424585,173.0,102.0,1.696078431372549
WE00065---F008--PO01--LO001--CO6--SL001--PX32500--PW0100--IN0020--TM280--X077526--Y056021--Z209075--T2855199234.png,WE00065---F008--PO01--LO001--CO6--SL001--PX32500--PW0100--IN0020--TM280--X077526--Y056021--Z209075--T2855199234,WE00065---F008--PO01--LO001--CO6--SL001--PX32500--PW0100--IN0020--TM280--X077526--Y056021--Z209075--T2855199234,3874.0,5432.0,502.48023074035524,245.41331769384777,28.69719245103218,0.4413305992253361,0.9931396727393765,0.7131811487481591,231.3114783144148,0.9849513641596708,0.9184904223956907,0.4859835083693622,0.4400695796620188,0.2035126186782981,0.42158738289268205,-0.0005251882997437049,231.0,38.0,6.078947368421052
WE00065---F008--PO01--LO001--CO6--SL001--PX32500--PW0100--IN0020--TM280--X077526--Y056021--Z213261--T2339748424.png,WE00065---F008--PO01--LO001--CO6--SL001--PX32500--PW0100--IN0020--TM280--X077526--Y056021--Z213261--T2339748424,WE00065---F008--PO01--LO001--CO6--SL001--PX32500--PW0100--IN0020--TM280--X077526--Y056021--Z213261--T2339748424,3128.0,5288.0,368.048773235279,113.96680756356201,65.48617234945094,0.4455840455840456,0.8184291796240133,0.5915279878971256,98.812954616285,0.3452060421038197,0.030217915176488756,0.008136397786580983,0.0028245806167657246,3.6604476710301505e-06,-0.0001807503979125245,1.3036743772536982e-05,90.0,78.0,1.1538461538461537
WE00065---F008--PO01--LO001--CO6--SL001--PX32500--PW0100--IN0020--TM281--X077526--Y056021--Z210086--T2677090247.png,WE00065---F008--PO01--LO001--CO6--SL001--PX32500--PW0100--IN0020--TM281--X077526--Y056021--Z210086--T2677090247,WE00065---F008--PO01--LO001--CO6--SL001--PX32500--PW0100--IN0020--TM281--X077526--Y056021--Z210086--T2677090247,3021.0,4416.0,304.3919189857867,97.40577780167878,55.89449974928911,0.4615737203972498,0.8189734151952287,0.6841032608695652,88.81441324469807,0.26092520381027184,0.01733311728881476,0.00397009224941342,0.0010323883013364874,3.010553959480435e-07,-5.3917155733808274e-05,-2.0682940604866545e-06,77.0,85.0,0.9058823529411765
WE00065---F008--PO01--LO001--CO6--SL001--PX32500--PW0100--IN0020--TM281--X077526--Y056021--Z211839--T2364818185.png,WE00065---F008--PO01--LO001--CO6--SL001--PX32500--PW0100--IN0020--TM281--X077526--Y056021--Z211839--T2364818185,WE00065---F008--PO01--LO001--CO6--SL001--PX32500--PW0100--IN0020--TM281--X077526--Y056021--Z211839--T2364818185,4262.0,8085.0,443.445742854949,182.16572606594485,62.006516266622945,0.3109587042171312,0.940286083453195,0.5271490414347557,161.27616066858735,0.5430132539396973,0.18511425103255433,0.06257724361647019,0.03450231119610285,0.0015480607075614625,0.009589598947447127,0.00041674089928664024,154.0,89.0,1.7303370786516854
WE00065---F008--PO01--LO001--CO6--SL001--PX32500--PW0100--IN0020--TM284--X077526--Y056021--Z211253--T2863708177.png,WE00065---F008--PO01--LO001--CO6--SL001--PX32500--PW0100--IN0020--TM284--X077526--Y056021--Z211253--T2863708177,WE00065---F008--PO01--LO001--CO6--SL001--PX32500--PW0100--IN0020--TM284--X077526--Y056021--Z211253--T2863708177,3436.0,5167.0,356.0904037956216,108.49255038781531,62.31014552815133,0.5398271798900236,0.818626339810369,0.66498935552545,96.93296652842108,0.2847276579851579,0.02058715125194137,0.005115599878580973,0.0014290085644498302,2.866528533475351e-07,-0.00013034258850810903,3.85302618563439e-06,67.0,95.0,0.7052631578947368
WE00066---F007--PO01--LO001--CO6--SL001--PX32500--PW0100--IN0020--TM251--X068517--Y056021--Z208870--T2941366046.png,WE00066---F007--PO01--LO001--CO6--SL001--PX32500--PW0100--IN0020--TM251--X068517--Y056021--Z208870--T2941366046,WE00066---F007--PO01--LO001--CO6--SL001--PX32500--PW0100--IN0020--TM251--X068517--Y056021--Z208870--T2941366046,3141.0,5618.0,389.3624817342638,113.8726561322559,74.64234833123469,0.43003833515881706,0.7552041507561928,0.5590957636169456,99.40321926376429,0.36888057105651806,0.021655062350390487,0.008295418683694477,0.0038922852087654564,1.702647353240923e-05,-0.0001645739759416234,1.4115973587216007e-05,83.0,88.0,0.9431818181818182
WE00066---F007--PO01--LO001--CO6--SL001--PX32500--PW0100--IN0020--TM254--X068517--Y056021--Z212373--T2929348174.png,WE00066---F007--PO01--LO001--CO6--SL001--PX32500--PW0100--IN0020--TM254--X068517--Y056021--Z212373--T2929348174,WE00066---F007--PO01--LO001--CO6--SL001--PX32500--PW0100--IN0020--TM254--X068517--Y056021--Z212373--T2929348174,3147.0,5475.0,397.747258045114,109.29132211043704,71.49788789258739,0.44625638116846283,0.7563255161248843,0.5747945205479452,95.2102935611481,0.3387460490496563,0.01841383627604485,0.0014884510534685239,0.0029538877520822503,5.7034912195671895e-06,-4.110962908727164e-05,2.415271771528744e-06,86.0,82.0,1.048780487804878
WE00066---F007--PO01--LO001--CO6--SL001--PX32500--PW0100--IN0020--TM280--X068517--Y056021--Z219461--T2339829804.png,WE00066---F007--PO01--LO001--CO6--SL001--PX32500--PW0100--IN0020--TM280--X068517--Y056021--Z219461--T2339829804,WE00066---F007--PO01--LO001--CO6--SL001--PX32500--PW0100--IN0020--TM280--X068517--Y056021--Z219461--T2339829804,4019.0,7914.0,445.93102422918764,135.084025665038,82.5568119037919,0.3353638184245661,0.7915136011312552,0.5078342178417994,118.27087553578015,0.38976301912152783,0.03160629061767563,0.018332479674302214,0.014068757663005523,0.00020895846436026967,0.0010997171227279932,-8.593895244190149e-05,107.0,112.0,0.9553571428571429
WE00066---F007--PO01--LO001--CO6--SL001--PX32500--PW0100--IN0020--TM281--X068517--Y056021--Z210639--T2364898962.png,WE00066---F007--PO01--LO001--CO6--SL001--PX32500--PW0100--IN0020--TM281--X068517--Y056021--Z210639--T2364898962,WE00066---F007--PO01--LO001--CO6--SL001--PX32500--PW0100--IN0020--TM281--X068517--Y056021--Z210639--T2364898962,4172.0,6219.0,499.22034611053283,222.4850221875558,34.46011965876474,0.37524734664508,0.9879321348257707,0.6708474031194726,219.31712199461307,0.7593343262328258,0.5238211155061081,0.286390987022072,0.24780688538807347,0.066015428516051,0.1792680867092469,0.0002930918342544282,218.0,51.0,4.2745098039215685
WE00066---F007--PO01--LO001--CO6--SL001--PX32500--PW0100--IN0020--TM281--X068517--Y056021--Z210886--T2677170943.png,WE00066---F007--PO01--LO001--CO6--SL001--PX32500--PW0100--IN0020--TM281--X068517--Y056021--Z210886--T2677170943,WE00066---F007--PO01--LO001--CO6--SL001--PX32500--PW0100--IN0020--TM281--X068517--Y056021--Z210886--T2677170943,3795.0,6172.0,375.1614716074871,123.77040158428737,68.97587673751512,0.4125,0.830318631509753,0.6148736228127025,105.68348972285122,0.33064532081759956,0.030254000314539606,0.009459936030589635,0.00201029062944816,-2.474077418462156e-06,-0.00027237724284331623,8.41026958621464e-06,100.0,92.0,1.0869565217391304
WE00066---F007--PO01--LO001--CO6--SL001--PX32500--PW0100--IN0020--TM281--X068517--Y056021--Z212737--T2354382022.png,WE00066---F007--PO01--LO001--CO6--SL001--PX32500--PW0100--IN0020--TM281--X068517--Y056021--Z212737--T2354382022,WE00066---F007--PO01--LO001--CO6--SL001--PX32500--PW0100--IN0020--TM281--X068517--Y056021--Z212737--T2354382022,4236.0,6824.0,441.2447327281724,192.4997073649843,50.458951740349725,0.23431795552605378,0.9650339771808183,0.6207502930832356,180.54639292990598,0.5843107168664355,0.2592619862167351,0.09932560504204231,0.05230527189050021,0.0036810804206843573,0.022452195141466253,-0.0008142695617835874,131.0,138.0,0.9492753623188406
WE00066---F007--PO01--LO001--CO6--SL001--PX32500--PW0100--IN0020--TM284--X068517--Y056021--Z212053--T2863780949.png,WE00066---F007--PO01--LO001--CO6--SL001--PX32500--PW0100--IN0020--TM284--X068517--Y056021--Z212053--T2863780949,WE00066---F007--PO01--LO001--CO6--SL001--PX32500--PW0100--IN0020--TM284--X068517--Y056021--Z212053--T2863780949,3331.0,4859.0,368.6761902332485,97.0879240367297,69.24505120201873,0.5368251410153102,0.7009402270619707,0.685532002469644,90.13878188659973,0.26682944516909324,0.007550845234767435,0.0007889044356312881,0.0009152204240298558,7.095490953498235e-07,-2.8891039369411792e-05,3.1831709458997597e-07,85.0,73.0,1.1643835616438356
WE00067---F006--PO01--LO001--CO6--SL001--PX32500--PW0100--IN0020--TM252--X059508--Y056021--Z210070--T2941445381.png,WE00067---F006--PO01--LO001--CO6--SL001--PX32500--PW0100--IN0020--TM252--X059508--Y056021--Z210070--T2941445381,WE00067---F006--PO01--LO001--CO6--SL001--PX32500--PW0100--IN0020--TM252--X059508--Y056021--Z210070--T2941445381,3469.0,6291.0,398.3330444827409,158.6747941120287,56.28255085983279,0.29982713915298187,0.9349787277319375,0.5514226673024957,141.4390328021229,0.5106914063452068,0.15724980994846313,0.045595081355422624,0.01301592818292283,0.00021586217622130511,0.0008425350170405215,-0.00023225971038619509,130.0,89.0,1.4606741573033708
WE00067---F006--PO01--LO001--CO6--SL001--PX32500--PW0100--IN0020--TM269--X059508--Y056021--Z215183--T2847217292.png,WE00067---F006--PO01--LO001--CO6--SL001--PX32500--PW0100--IN0020--TM269--X059508--Y056021--Z215183--T2847217292,WE00067---F006--PO01--LO001--CO6--SL001--PX32500--PW0100--IN0020--TM269--X059508--Y056021--Z215183--T2847217292,3799.0,6528.0,388.1614716074871,147.73192271371033,50.19148523044352,0.35637898686679176,0.9405168476148287,0.5819546568627451,138.42326394071193,0.40049858808777816,0.1008753759619135,0.021335971432097707,0.013278165289055052,0.00021641306972482603,0.0030968493186977935,5.5806489398926983e-05,130.0,82.0,1.5853658536585367
WE00067---F006--PO01--LO001--CO6--SL001--PX32500--PW0100--IN0020--TM280--X059508--Y056021--Z213861--T2339911361.png,WE00067---F006--PO01--LO001--CO6--SL001--PX32500--PW0100--IN0020--TM280--X059508--Y056021--Z213861--T2339911361,WE00067---F006--PO01--LO001--CO6--SL001--PX32500--PW0100--IN0020--TM280--X059508--Y056021--Z213861--T2339911361,3943.0,7324.0,405.88939366884495,134.33420759381553,73.87851469591638,0.4012006512006512,0.8351906329770004,0.5383670125614418,128.08200498118384,0.37255443608187055,0.039810296444158136,0.030202212889761083,0.016723155250405478,0.00033827766817212044,0.0018760463211047128,0.00016376762978161902,126.0,78.0,1.6153846153846154
WE00067---F006--PO01--LO001--CO6--SL001--PX32500--PW0100--IN0020--TM281--X059508--Y056021--Z209039--T2364980023.png,WE00067---F006--PO01--LO001--CO6--SL001--PX32500--PW0100--IN0020--TM281--X059508--Y056021--Z209039--T2364980023,WE00067---F006--PO01--LO001--CO6--SL001--PX32500--PW0100--IN0020--TM281--X059508--Y056021--Z209039--T2364980023,3869.0,7767.0,428.51681066681454,154.3020570106925,75.54009187019503,0.3960892710892711,0.8719696975015504,0.49813312733359083,136.0624856453828,0.4767935880958985,0.08551750246598507,0.052394824621044105,0.028165850255287242,0.0010120343164437481,0.004668235438866839,-0.00038277564444288146,132.0,74.0,1.7837837837837838
WE00067---F006--PO01--LO001--CO6--SL001--PX32500--PW0100--IN0020--TM281--X059508--Y056021--Z210086--T2677251997.png,WE00067---F006--PO01--LO001--CO6--SL001--PX32500--PW0100--IN0020--TM281--X059508--Y056021--Z210086--T2677251997,WE00067---F006--PO01--LO001--CO6--SL001--PX32500--PW0100--IN0020--TM281--X059508--Y056021--Z210086--T2677251997,3261.0,5389.0,383.88939366884495,99.515997512525,71.83461367718596,0.4638031574455981,0.692060125294869,0.6051215438856931,90.80198235721508,0.2887083234257788,0.008264286176147884,0.0021163521262785308,0.0025469804582735726,3.114427796367092e-06,-5.522752501705066e-05,5.026714066242061e-06,79.0,89.0,0.8876404494382022
WE00067---F006--PO01--LO001--CO6--SL001--PX32500--PW0100--IN0020--TM281--X059508--Y056021--Z213137--T2354462452.png,WE00067---F006--PO01--LO001--CO6--SL001--PX32500--PW0100--IN0020--TM281--X059508--Y056021--Z213137--T2354462452,WE00067---F006--PO01--LO001--CO6--SL001--PX32500--PW0100--IN0020--TM281--X059508--Y056021--Z213137--T2354462452,3517.0,8100.0,456.8183258569795,183.72202535077142,65.05721682938061,0.21574039995092625,0.9352049938818581,0.43419753086419755,168.8342382338369,0.6750466317275827,0.2752247365907511,0.15197820090057235,0.08839044091116433,0.00999259924361751,0.028587949660483017,0.002258655911430257,143.0,114.0,1.2543859649122806
WE00067---F006--PO01--LO001--CO6--SL001--PX32500--PW0100--IN0020--TM284--X059508--Y056021--Z210653--T2863854113.png,WE00067---F006--PO01--LO001--CO6--SL001--PX32500--PW0100--IN0020--TM284--X059508--Y056021--Z210653--T2863854113,WE00067---F006--PO01--LO001--CO6--SL001--PX32500--PW0100--IN0020--TM284--X059508--Y056021--Z210653--T2863854113,3260.0,5349.0,378.19090885901,101.68161236903471,75.5265180692998,0.4854802680565897,0.6695415644538559,0.6094597120957188,90.47098982546837,0.3075806216571875,0.007895955687982313,0.002188049649194969,0.001918403918813154,2.4231293169268224e-06,-9.481043599523367e-05,-3.094612199954481e-06,85.0,79.0,1.0759493670886076
WE00068---F005--PO01--LO001--CO6--SL001--PX32500--PW0100--IN0020--TM252--X050499--Y056021--Z209270--T2941524763.png,WE00068---F005--PO01--LO001--CO6--SL001--PX32500--PW0100--IN0020--TM252--X050499--Y056021--Z209270--T2941524763,WE00068---F005--PO01--LO001--CO6--SL001--PX32500--PW0100--IN0020--TM252--X050499--Y056021--Z209270--T2941524763,3464.0,6748.0,405.1198410471445,160.86100924896581,56.315756866900756,0.28963210702341136,0.9367162395277441,0.5133372851215174,146.37281168304446,0.5241001870685578,0.16781841797024816,0.0424013273486635,0.01568159553620779,0.0003417117899372717,0.001175701008313945,0.00021620653501342824,130.0,92.0,1.4130434782608696
WE00068---F005--PO01--LO001--CO6--SL001--PX32500--PW0100--IN0020--TM281--X050499--Y056021--Z207537--T2354542655.png,WE00068---F005--PO01--LO001--CO6--SL001--PX32500--PW0100--IN0020--TM281--X050499--Y056021--Z207537--T2354542655,WE00068---F005--PO01--LO001--CO6--SL001--PX32500--PW0100--IN0020--TM281--X050499--Y056021--Z207537--T2354542655,3557.0,5060.0,429.5218613006978,194.95963347289333,36.50711309964041,0.42269756387403445,0.9823113899946947,0.7029644268774704,187.77113729218343,0.6912782539843062,0.41530563342875476,0.08354095324155299,0.049601429213303974,0.003163336150691834,0.028547701852627293,0.00043379899519026743,187.0,45.0,4.155555555555556
WE00068---F005--PO01--LO001--CO6--SL001--PX32500--PW0100--IN0020--TM281--X050499--Y056021--Z208839--T2365060295.png,WE00068---F005--PO01--LO001--CO6--SL001--PX32500--PW0100--IN0020--TM281--X050499--Y056021--Z208839--T2365060295,WE00068---F005--PO01--LO001--CO6--SL001--PX32500--PW0100--IN0020--TM281--X050499--Y056021--Z208839--T2365060295,3041.0,4840.0,332.97770542341357,99.73030202272294,63.10103636992903,0.3939629485684674,0.7743832811234119,0.628305785123967,93.34345183246653,0.28625193054305004,0.01502656116559032,0.005780584889229126,0.0011328151425323446,-6.725903494281306e-07,-0.00013886201366364144,-2.8197347179850992e-06,93.0,83.0,1.1204819277108433
WE00068---F005--PO01--LO001--CO6--SL001--PX32500--PW0100--IN0020--TM284--X050499--Y056021--Z212053--T2863926906.png,WE00068---F005--PO01--LO001--CO6--SL001--PX32500--PW0100--IN0020--TM284--X050499--Y056021--Z212053--T2863926906,WE00068---F005--PO01--LO001--CO6--SL001--PX32500--PW0100--IN0020--TM284--X050499--Y056021--Z212053--T2863926906,3237.0,5138.0,356.1137443927346,98.92640112194393,70.38512063264915,0.48779385171790235,0.7026964724093904,0.6300116776956014,88.48163651289458,0.2846095544758326,0.008705517028173498,0.0036190173806052092,0.0019310047329423644,2.5506647044864865e-06,-5.130454777549532e-05,4.421774055234542e-06,84.0,79.0,1.0632911392405062
WE00069---F004--PO01--LO001--CO6--SL001--PX32500--PW0100--IN0020--TM269--X041490--Y056021--Z213583--T2847376572.png,WE00069---F004--PO01--LO001--CO6--SL001--PX32500--PW0100--IN0020--TM269--X041490--Y056021--Z213583--T2847376572,WE00069---F004--PO01--LO001--CO6--SL001--PX32500--PW0100--IN0020--TM269--X041490--Y056021--Z213583--T2847376572,3748.0,6875.0,412.5756851698602,128.72325513802977,72.60132914663706,0.3748,0.8257672890112707,0.5451636363636364,113.70136322841516,0.36420473264388736,0.035499286616406105,0.012799672518862184,0.007918712192054072,6.603996943883964e-05,0.00033834110570521935,-4.4658816837103347e-05,100.0,100.0,1.0
WE00069---F004--PO01--LO001--CO6--SL001--PX32500--PW0100--IN0020--TM281--X041490--Y056021--Z213737--T2354622945.png,WE00069---F004--PO01--LO001--CO6--SL001--PX32500--PW0100--IN0020--TM281--X041490--Y056021--Z213737--T2354622945,WE00069---F004--PO01--LO001--CO6--SL001--PX32500--PW0100--IN0020--TM281--X041490--Y056021--Z213737--T2354622945,4350.0,7445.0,436.45793616376875,173.35915066022258,60.78218759466025,0.2608695652173913,0.9365199686715115,0.5842847548690396,167.38578195294843,0.484883181701526,0.14342893404685408,0.08409030252820124,0.043835387260438265,0.0025761105613309357,0.01392631405842104,0.0006683613002305675,145.0,115.0,1.2608695652173914
WE00069---F004--PO01--LO001--CO6--SL001--PX32500--PW0100--IN0020--TM282--X041490--Y056021--Z211039--T2365140766.png,WE00069---F004--PO01--LO001--CO6--SL001--PX32500--PW0100--IN0020--TM282--X041490--Y056021--Z211039--T2365140766,WE00069---F004--PO01--LO001--CO6--SL001--PX32500--PW0100--IN0020--TM282--X041490--Y056021--Z211039--T2365140766,3499.0,5694.0,390.8772003600252,147.14907368816776,44.886291465290654,0.3472952853598015,0.9523396743483817,0.614506498068142,157.50872991678906,0.422757020734368,0.1230466485730202,0.04461206266405335,0.03212965621251955,0.0012113695326842167,0.010002095776293315,0.00011078436745052807,155.0,65.0,2.3846153846153846
WE00070---F003--PO01--LO001--CO6--SL001--PX32500--PW0100--IN0020--TM254--X032481--Y056021--Z211173--T2929665050.png,WE00070---F003--PO01--LO001--CO6--SL001--PX32500--PW0100--IN0020--TM254--X032481--Y056021--Z211173--T2929665050,WE00070---F003--PO01--LO001--CO6--SL001--PX32500--PW0100--IN0020--TM254--X032481--Y056021--Z211173--T2929665050,2983.0,4997.0,355.4629867976521,105.5966869932087,68.13775783344495,0.43828974434322654,0.7639595278081129,0.596958174904943,93.40770846134703,0.3309045915712136,0.018592427882594298,0.004755562954021032,0.003684374295184607,1.4067967511591826e-05,0.00016200665968730993,6.3195584686968414e-06,83.0,82.0,1.0121951219512195
WE00070---F003--PO01--LO001--CO6--SL001--PX32500--PW0100--IN0020--TM254--X032481--Y056021--Z212070--T2941683149.png,WE00070---F003--PO01--LO001--CO6--SL001--PX32500--PW0100--IN0020--TM254--X032481--Y056021--Z212070--T2941683149,WE00070---F003--PO01--LO001--CO6--SL001--PX32500--PW0100--IN0020--TM254--X032481--Y056021--Z212070--T2941683149,4308.0,7024.0,495.5462479183373,211.75662525603934,41.288721066806595,0.23844578513311562,0.9808068294470574,0.6133257403189066,213.15252754776333,0.67527894073757,0.3916432072748448,0.22886015306416554,0.18510529070863874,0.03808190482834195,0.11375640247780178,0.0011405014361776933,203.0,89.0,2.2808988764044944
WE00070---F003--PO01--LO001--CO6--SL001--PX32500--PW0100--IN0020--TM269--X032481--Y056021--Z214983--T2847455781.png,WE00070---F003--PO01--LO001--CO6--SL001--PX32500--PW0100--IN0020--TM269--X032481--Y056021--Z214983--T2847455781,WE00070---F003--PO01--LO001--CO6--SL001--PX32500--PW0100--IN0020--TM269--X032481--Y056021--Z214983--T2847455781,3929.0,6965.0,402.43354954612926,134.2108438187991,78.98739954113553,0.39431955038137295,0.8084737976252304,0.5641062455132807,122.06555615733703,0.3857781860019259,0.03507601128635307,0.023659426667538855,0.008541331806387895,8.706008204566614e-05,0.0001556191656741354,8.463673442816696e-05,106.0,94.0,1.127659574468085
WE00070---F003--PO01--LO001--CO6--SL001--PX32500--PW0100--IN0020--TM281--X032481--Y056021--Z210937--T2354702924.png,WE00070---F003--PO01--LO001--CO6--SL001--PX32500--PW0100--IN0020--TM281--X032481--Y056021--Z210937--T2354702924,WE00070---F003--PO01--LO001--CO6--SL001--PX32500--PW0100--IN0020--TM281--X032481--Y056021--Z210937--T2354702924,3441.0,8104.0,473.0376259469858,198.4969864775888,58.235495753309145,0.3099441542064493,0.9559952122268153,0.4246051332675222,183.09560344257315,0.7772527355114385,0.42778862243298804,0.22757903098206284,0.1714799288621011,0.033741132495011865,0.09044568039246008,0.003014519388483166,182.0,61.0,2.9836065573770494
WE00070---F003--PO01--LO001--CO6--SL001--PX32500--PW0100--IN0020--TM281--X032481--Y056021--Z211261--T2340155620.png,WE00070---F003--PO01--LO001--CO6--SL001--PX32500--PW0100--IN0020--TM281--X032481--Y056021--Z211261--T2340155620,WE00070---F003--PO01--LO001--CO6--SL001--PX32500--PW0100--IN0020--TM281--X032481--Y056021--Z211261--T2340155620,2730.0,3626.0,270.8944443027283,109.11929331994207,40.62954810618285,0.46682626538987687,0.9280961392782707,0.752895752895753,101.82828683622247,0.31038874436712866,0.05513314714942421,0.0041112418709798254,0.0008970252442024704,7.087485459539046e-07,-1.2772084522020275e-06,-1.5700796755662395e-06,86.0,68.0,1.2647058823529411
WE00070---F003--PO01--LO001--CO6--SL001--PX32500--PW0100--IN0020--TM281--X032481--Y056021--Z212086--T2677495426.png,WE00070---F003--PO01--LO001--CO6--SL001--PX32500--PW0100--IN0020--TM281--X032481--Y056021--Z212086--T2677495426,WE00070---F003--PO01--LO001--CO6--SL001--PX32500--PW0100--IN0020--TM281--X032481--Y056021--Z212086--T2677495426,3084.0,3532.0,252.79393923933998,99.42948267278675,44.22008209217267,0.6111771700356718,0.8956606481285581,0.8731596828992072,93.05912099305473,0.2399813084633692,0.025832473276958565,0.0019995484838149446,0.0004119661550507748,3.271217774460975e-07,5.680205781051716e-05,1.8109213925406475e-07,58.0,87.0,0.6666666666666666
WE00070---F003--PO01--LO001--CO6--SL001--PX32500--PW0100--IN0020--TM282--X032481--Y056021--Z213839--T2365221481.png,WE00070---F003--PO01--LO001--CO6--SL001--PX32500--PW0100--IN0020--TM282--X032481--Y056021--Z213839--T2365221481,WE00070---F003--PO01--LO001--CO6--SL001--PX32500--PW0100--IN0020--TM282--X032481--Y056021--Z213839--T2365221481,3337.0,4778.0,306.19090885900994,112.22960643271138,54.554146007616765,0.5363227258116361,0.8739064918384651,0.6984093763080786,102.59142264341595,0.29164742670553,0.032459157500555856,0.00882333351178254,0.001618436167287181,1.6332772706536096e-07,-0.00010806366634065458,-6.11370936841368e-06,102.0,61.0,1.6721311475409837
WE00070---F003--PO01--LO001--CO6--SL001--PX32500--PW0100--IN0020--TM284--X032481--Y056021--Z211653--T2864072947.png,WE00070---F003--PO01--LO001--CO6--SL001--PX32500--PW0100--IN0020--TM284--X032481--Y056021--Z211653--T2864072947,WE00070---F003--PO01--LO001--CO6--SL001--PX32500--PW0100--IN0020--TM284--X032481--Y056021--Z211653--T2864072947,2737.0,3589.0,258.79393923934,98.27016787844744,43.929490257380756,0.4712465564738292,0.89452009867716,0.7626079687935358,95.0789145920377,0.2645877331277757,0.031135629011210784,0.003318954818225796,0.0009543584276473882,1.2167798315430673e-06,6.890489814303335e-05,-1.1850657462028724e-06,88.0,66.0,1.3333333333333333
WE00071---F002--PO01--LO001--CO6--SL001--PX32500--PW0100--IN0020--TM254--X023472--Y056021--Z209670--T2941762242.png,WE00071---F002--PO01--LO001--CO6--SL001--PX32500--PW0100--IN0020--TM254--X023472--Y056021--Z209670--T2941762242,WE00071---F002--PO01--LO001--CO6--SL001--PX32500--PW0100--IN0020--TM254--X023472--Y056021--Z209670--T2941762242,5225.0,8534.0,527.2031021678297,238.03183257245794,45.6127113125172,0.34814765458422176,0.9814683298702555,0.6122568549332084,228.47538160598398,0.7026276644866232,0.4262189620059163,0.1122926854993134,0.0796864394020576,0.007513130608936004,0.045905548593043945,0.0006110048597515985,224.0,67.0,3.343283582089552
WE00071---F002--PO01--LO001--CO6--SL001--PX32500--PW0100--IN0020--TM254--X023472--Y056021--Z210973--T2929744313.png,WE00071---F002--PO01--LO001--CO6--SL001--PX32500--PW0100--IN0020--TM254--X023472--Y056021--Z210973--T2929744313,WE00071---F002--PO01--LO001--CO6--SL001--PX32500--PW0100--IN0020--TM254--X023472--Y056021--Z210973--T2929744313,3280.0,5748.0,422.2680733252853,110.20014134884093,73.08859107499102,0.440150295222759,0.7484112043743064,0.5706332637439109,98.2344135219425,0.3331938509647823,0.01679972126473767,0.0016426494993026332,0.0025543647095256495,4.712897369469194e-06,-5.678459838585444e-05,-2.2729029777039614e-06,92.0,81.0,1.1358024691358024
WE00071---F002--PO01--LO001--CO6--SL001--PX32500--PW0100--IN0020--TM280--X023472--Y056021--Z210075--T2855678028.png,WE00071---F002--PO01--LO001--CO6--SL001--PX32500--PW0100--IN0020--TM280--X023472--Y056021--Z210075--T2855678028,WE00071---F002--PO01--LO001--CO6--SL001--PX32500--PW0100--IN0020--TM280--X023472--Y056021--Z210075--T2855678028,4153.0,6451.0,558.5990257669732,256.8420514299636,33.361024084443855,0.31946153846153846,0.9915285069267197,0.6437761587350799,252.30140705116966,1.00952319574276,0.9526239855511511,0.7182752186428613,0.6472683198283045,0.4413248476408942,0.6301046652040356,0.0034911828323374305,250.0,52.0,4.8076923076923075
WE00071---F002--PO01--LO001--CO6--SL001--PX32500--PW0100--IN0020--TM281--X023472--Y056021--Z211261--T2340236955.png,WE00071---F002--PO01--LO001--CO6--SL001--PX32500--PW0100--IN0020--TM281--X023472--Y056021--Z211261--T2340236955,WE00071---F002--PO01--LO001--CO6--SL001--PX32500--PW0100--IN0020--TM281--X023472--Y056021--Z211261--T2340236955,4038.0,5816.0,427.0437226013957,199.6463550559493,39.0120336048564,0.27781217750257997,0.9807224972592726,0.6942916093535075,181.89282558693733,0.6404873367557055,0.35209308831169683,0.04434769984686259,0.021308194732083167,0.0006320356903765839,0.009906698314643702,0.00017200003574146253,171.0,85.0,2.011764705882353
WE00071---F002--PO01--LO001--CO6--SL001--PX32500--PW0100--IN0020--TM282--X023472--Y056021--Z209086--T2677577219.png,WE00071---F002--PO01--LO001--CO6--SL001--PX32500--PW0100--IN0020--TM282--X023472--Y056021--Z209086--T2677577219,WE00071---F002--PO01--LO001--CO6--SL001--PX32500--PW0100--IN0020--TM282--X023472--Y056021--Z209086--T2677577219,4196.0,6821.0,429.62950903902254,175.29140659571618,42.37357471610603,0.2624960900844542,0.9703430067600952,0.6151590675853981,165.58381563425817,0.48442857871374684,0.18570889271527852,0.033263461182276015,0.028715466692818756,0.0008854281456714575,0.01172367002429215,6.0282546767642545e-05,139.0,115.0,1.208695652173913
WE00071---F002--PO01--LO001--CO6--SL001--PX32500--PW0100--IN0020--TM282--X023472--Y056021--Z210639--T2365302416.png,WE00071---F002--PO01--LO001--CO6--SL001--PX32500--PW0100--IN0020--TM282--X023472--Y056021--Z210639--T2365302416,WE00071---F002--PO01--LO001--CO6--SL001--PX32500--PW0100--IN0020--TM282--X023472--Y056021--Z210639--T2365302416,2653.0,3991.0,292.4213562373095,103.24041130408746,48.948094566616035,0.4516513449097719,0.880461535114215,0.6647456777749937,93.92017887546851,0.3075409557090919,0.03789012076710577,0.007011768172353913,0.002288255872268935,6.009316186455763e-06,4.333337435786429e-05,6.920990928163017e-06,66.0,89.0,0.7415730337078652
WE00072---F001--PO01--LO001--CO6--SL001--PX32500--PW0100--IN0020--TM254--X014463--Y056021--Z211470--T2941841561.png,WE00072---F001--PO01--LO001--CO6--SL001--PX32500--PW0100--IN0020--TM254--X014463--Y056021--Z211470--T2941841561,WE00072---F001--PO01--LO001--CO6--SL001--PX32500--PW0100--IN0020--TM254--X014463--Y056021--Z211470--T2941841561,3508.0,5398.0,375.8061325481597,168.9124013606855,36.857266249708125,0.4495706779443804,0.9759033050474424,0.649870322341608,154.17522498767434,0.5325302417480612,0.2343765543062585,0.03886003772999176,0.027174970956992745,0.0008791245415643552,0.012242939105866664,8.360009613095091e-05,153.0,51.0,3.0
WE00072---F001--PO01--LO001--CO6--SL001--PX32500--PW0100--IN0020--TM254--X014463--Y056021--Z211773--T2929823576.png,WE00072---F001--PO01--LO001--CO6--SL001--PX32500--PW0100--IN0020--TM254--X014463--Y056021--Z211773--T2929823576,WE00072---F001--PO01--LO001--CO6--SL001--PX32500--PW0100--IN0020--TM254--X014463--Y056021--Z211773--T2929823576,3286.0,4754.0,357.94826817189073,101.98578130976125,66.07748644905558,0.47706155632984903,0.7617179076453497,0.6912074042911233,90.82400563727631,0.2808759472913034,0.013175287143649083,0.005317620621159265,0.0015025046254875532,1.2432895852879214e-06,-5.10737406091183e-05,4.060942215058369e-06,82.0,84.0,0.9761904761904762
WE00072---F001--PO01--LO001--CO6--SL001--PX32500--PW0100--IN0020--TM269--X014463--Y056021--Z215983--T2847613974.png,WE00072---F001--PO01--LO001--CO6--SL001--PX32500--PW0100--IN0020--TM269--X014463--Y056021--Z215983--T2847613974,WE00072---F001--PO01--LO001--CO6--SL001--PX32500--PW0100--IN0020--TM269--X014463--Y056021--Z215983--T2847613974,3707.0,7710.0,423.20310216782974,159.1332412466036,68.15761702640644,0.30175010175010175,0.9036340717190212,0.4808041504539559,139.2838827718412,0.5052746363024014,0.12154270233738504,0.05758111136706264,0.022533477983292003,0.0006424629755159511,0.0015811680600133658,0.000496042562341741,135.0,91.0,1.4835164835164836
WE00072---F001--PO01--LO001--CO6--SL001--PX32500--PW0100--IN0020--TM280--X014463--Y056021--Z213875--T2855758318.png,WE00072---F001--PO01--LO001--CO6--SL001--PX32500--PW0100--IN0020--TM280--X014463--Y056021--Z213875--T2855758318,WE00072---F001--PO01--LO001--CO6--SL001--PX32500--PW0100--IN0020--TM280--X014463--Y056021--Z213875--T2855758318,4497.0,5845.0,507.00209204105306,233.54856243472935,30.737649624773937,0.23136286463960487,0.9913013888310892,0.7693755346449958,225.24875138388668,0.7712048882558378,0.5549398490967447,0.17449197295091437,0.15425818917272308,0.025308111415391295,0.11491340088434499,-3.130383736713732e-05,209.0,93.0,2.247311827956989
WE00072---F001--PO01--LO001--CO6--SL001--PX32500--PW0100--IN0020--TM281--X014463--Y056021--Z212261--T2340319135.png,WE00072---F001--PO01--LO001--CO6--SL001--PX32500--PW0100--IN0020--TM281--X014463--Y056021--Z212261--T2340319135,WE00072---F001--PO01--LO001--CO6--SL001--PX32500--PW0100--IN0020--TM281--X014463--Y056021--Z212261--T2340319135,4447.0,5992.0,505.68838354206827,235.9926238610392,32.74449179278727,0.22834403080872914,0.9903271336492706,0.7421562082777036,221.16509670379727,0.7977951464412222,0.5892969656168621,0.15766499870949918,0.1319033829067503,0.019021522911473757,0.1012087107333565,-0.0001021478780199956,205.0,95.0,2.1578947368421053
WE00072---F001--PO01--LO001--CO6--SL001--PX32500--PW0100--IN0020--TM281--X014463--Y056021--Z217737--T2354862760.png,WE00072---F001--PO01--LO001--CO6--SL001--PX32500--PW0100--IN0020--TM281--X014463--Y056021--Z217737--T2354862760,WE00072---F001--PO01--LO001--CO6--SL001--PX32500--PW0100--IN0020--TM281--X014463--Y056021--Z217737--T2354862760,3314.0,4614.0,382.47518010647184,175.62197270878872,33.5527505607005,0.25793897882938976,0.9815801148207067,0.7182488079757261,160.262285020525,0.6029131029027441,0.3141039790121027,0.09456228212448611,0.0706533568937035,0.005774975821834231,0.039579423904819305,3.5060371723850004e-05,146.0,88.0,1.6590909090909092
WE00072---F001--PO01--LO001--CO6--SL001--PX32500--PW0100--IN0020--TM282--X014463--Y056021--Z211486--T2677658739.png,WE00072---F001--PO01--LO001--CO6--SL001--PX32500--PW0100--IN0020--TM282--X014463--Y056021--Z211486--T2677658739,WE00072---F001--PO01--LO001--CO6--SL001--PX32500--PW0100--IN0020--TM282--X014463--Y056021--Z211486--T2677658739,3487.0,4854.0,351.50461735799473,99.02358892942942,63.61103153509367,0.4987128146453089,0.7663840956196611,0.7183765966213432,92.43916918709297,0.24827994152249971,0.010656061634577224,0.0006067162047493019,0.0005169472963172117,2.777924231420497e-07,-1.5888645528764463e-05,8.152840665723484e-08,92.0,76.0,1.2105263157894737
WE00072---F001--PO01--LO001--CO6--SL001--PX32500--PW0100--IN0020--TM283--X014463--Y056021--Z211281--T2691684480.png,WE00072---F001--PO01--LO001--CO6--SL001--PX32500--PW0100--IN0020--TM283--X014463--Y056021--Z211281--T2691684480,WE00072---F001--PO01--LO001--CO6--SL001--PX32500--PW0100--IN0020--TM283--X014463--Y056021--Z211281--T2691684480,5045.0,6186.0,520.4924240491749,243.45134498263624,32.755958402937814,0.40678922754394453,0.9909070399472965,0.8155512447462011,236.4571842850202,0.7475410082352522,0.5197782013489657,0.1489246564386035,0.12990644606152138,0.018068768122253123,0.09364628073857134,3.492578074663043e-05,234.0,53.0,4.415094339622642
WE00072---F001--PO01--LO001--CO6--SL001--PX32500--PW0100--IN0020--TM284--X014463--Y056021--Z211253--T2864218939.png,WE00072---F001--PO01--LO001--CO6--SL001--PX32500--PW0100--IN0020--TM284--X014463--Y056021--Z211253--T2864218939,WE00072---F001--PO01--LO001--CO6--SL001--PX32500--PW0100--IN0020--TM284--X014463--Y056021--Z211253--T2864218939,2769.0,4895.0,360.6345596729059,101.4227741045965,67.84408259863338,0.461961961961962,0.7433312032617709,0.5656792645556691,87.36704184073076,0.3360734617804758,0.016458320645006776,0.0042415488941519395,0.0026395908483189973,1.8869548800432797e-06,-0.00020001782206414883,-8.628240540092718e-06,74.0,81.0,0.9135802469135802
WE00073---G001--PO01--LO001--CO6--SL001--PX32500--PW0100--IN0020--TM254--X014463--Y064992--Z210070--T2941921174.png,WE00073---G001--PO01--LO001--CO6--SL001--PX32500--PW0100--IN0020--TM254--X014463--Y064992--Z210070--T2941921174,WE00073---G001--PO01--LO001--CO6--SL001--PX32500--PW0100--IN0020--TM254--X014463--Y064992--Z210070--T2941921174,3759.0,6199.0,374.3330444827409,132.42112925967453,58.76684606644054,0.3448623853211009,0.8961320365472808,0.606388127117277,125.4312560727987,0.34897741538647487,0.054819181390597535,0.01063387808064057,0.005423587409707994,3.5283596638793574e-05,0.00043994852750746643,-2.1249917582830308e-05,100.0,109.0,0.9174311926605505
WE00073---G001--PO01--LO001--CO6--SL001--PX32500--PW0100--IN0020--TM270--X014463--Y064992--Z215183--T2847693614.png,WE00073---G001--PO01--LO001--CO6--SL001--PX32500--PW0100--IN0020--TM270--X014463--Y064992--Z215183--T2847693614,WE00073---G001--PO01--LO001--CO6--SL001--PX32500--PW0100--IN0020--TM270--X014463--Y064992--Z215183--T2847693614,3826.0,7200.0,424.9604614807105,154.21296765676962,60.06644018260108,0.2829044661342798,0.9210251236595809,0.5313888888888889,153.83432646844463,0.44742578132706917,0.10860244190598137,0.05591743384481834,0.02873569781007782,0.001104841906218608,0.005440764670164908,0.00032580022862165845,138.0,98.0,1.4081632653061225
WE00073---G001--PO01--LO001--CO6--SL001--PX32500--PW0100--IN0020--TM281--X014463--Y064992--Z215937--T2354943085.png,WE00073---G001--PO01--LO001--CO6--SL001--PX32500--PW0100--IN0020--TM281--X014463--Y064992--Z215937--T2354943085,WE00073---G001--PO01--LO001--CO6--SL001--PX32500--PW0100--IN0020--TM281--X014463--Y064992--Z215937--T2354943085,3723.0,5847.0,381.50461735799473,113.4979536656079,75.23537146659767,0.4403311649911295,0.7487268405697564,0.6367367880964597,100.12492197250393,0.3112769709575176,0.014696695505810193,0.00618984064764262,0.001317982519791815,2.5586807360107346e-06,-8.457306340788813e-05,2.7612336684732505e-06,89.0,95.0,0.9368421052631579
WE00073---G001--PO01--LO001--CO6--SL001--PX32500--PW0100--IN0020--TM282--X014463--Y064992--Z209839--T2365463790.png,WE00073---G001--PO01--LO001--CO6--SL001--PX32500--PW0100--IN0020--TM282--X014463--Y064992--Z209839--T2365463790,WE00073---G001--PO01--LO001--CO6--SL001--PX32500--PW0100--IN0020--TM282--X014463--Y064992--Z209839--T2365463790,3147.0,4053.0,322.63455967290594,89.6935254189005,62.332372491244875,0.5521052631578948,0.7190596035229836,0.7764618800888231,80.62257748298549,0.23693702658202764,0.006824494532020709,0.0008615310329440323,0.00019614331235479366,-2.533526817040126e-08,-1.055804276831957e-05,7.654601861689747e-08,75.0,76.0,0.9868421052631579
WE00073---G001--PO01--LO001--CO6--SL001--PX32500--PW0100--IN0020--TM282--X014463--Y064992--Z210486--T2677740340.png,WE00073---G001--PO01--LO001--CO6--SL001--PX32500--PW0100--IN0020--TM282--X014463--Y064992--Z210486--T2677740340,WE00073---G001--PO01--LO001--CO6--SL001--PX32500--PW0100--IN0020--TM282--X014463--Y064992--Z210486--T2677740340,3007.0,4172.0,309.80003589374985,93.63145608900629,56.92803709940997,0.5473243538405533,0.7939361108283394,0.7207574304889741,84.64632301523794,0.2495770489137702,0.01319236047604801,0.0011054452457905505,0.0006768490009704622,4.7310177167002285e-07,-9.196358518157265e-06,-3.448948464724142e-07,82.0,67.0,1.2238805970149254
WE00073---G001--PO01--LO001--CO6--SL001--PX32500--PW0100--IN0020--TM284--X014463--Y064992--Z210853--T2864291411.png,WE00073---G001--PO01--LO001--CO6--SL001--PX32500--PW0100--IN0020--TM284--X014463--Y064992--Z210853--T2864291411,WE00073---G001--PO01--LO001--CO6--SL001--PX32500--PW0100--IN0020--TM284--X014463--Y064992--Z210853--T2864291411,3081.0,4910.0,377.1198410471445,96.63856889141084,74.74509287243039,0.5067434210526316,0.6338574203591043,0.6274949083503055,84.20213774008353,0.30277998023953673,0.00579355204959231,0.0007651252722412525,0.001255016561901077,8.597631078435387e-07,-4.202945437992462e-05,8.793503409028293e-07,76.0,80.0,0.95
WE00073---G001--PO01--LO001--CO6--SL001--PX32500--PW0100--IN0020--TM285--X014463--Y064992--Z211061--T2345300942.png,WE00073---G001--PO01--LO001--CO6--SL001--PX32500--PW0100--IN0020--TM285--X014463--Y064992--Z211061--T2345300942,WE00073---G001--PO01--LO001--CO6--SL001--PX32500--PW0100--IN0020--TM285--X014463--Y064992--Z211061--T2345300942,4732.0,9968.0,477.00209204105306,167.69723723290255,76.9926438650432,0.28440918379612934,0.8883758367996852,0.4747191011235955,153.0,0.4497336034562258,0.08593323157405423,0.044870677144751354,0.022074113540216704,0.000576461401544326,0.0029128851946967995,0.00038771145163883533,118.0,141.0,0.8368794326241135
WE00074---G002--PO01--LO001--CO6--SL001--PX32500--PW0100--IN0020--TM254--X023472--Y064992--Z211373--T2929981878.png,WE00074---G002--PO01--LO001--CO6--SL001--PX32500--PW0100--IN0020--TM254--X023472--Y064992--Z211373--T2929981878,WE00074---G002--PO01--LO001--CO6--SL001--PX32500--PW0100--IN0020--TM254--X023472--Y064992--Z211373--T2929981878,2619.0,4158.0,316.73506473629425,121.04145105908002,48.33537025904761,0.4470809149880505,0.9168076639571116,0.6298701298701299,102.59142264341595,0.40538709651982835,0.08636513651291719,0.011803343528284986,0.004170755871088826,2.1725005338322533e-05,0.00029889837750893256,1.960536423956585e-05,101.0,58.0,1.7413793103448276
WE00074---G002--PO01--LO001--CO6--SL001--PX32500--PW0100--IN0020--TM255--X023472--Y064992--Z210270--T2942001127.png,WE00074---G002--PO01--LO001--CO6--SL001--PX32500--PW0100--IN0020--TM255--X023472--Y064992--Z210270--T2942001127,WE00074---G002--PO01--LO001--CO6--SL001--PX32500--PW0100--IN0020--TM255--X023472--Y064992--Z210270--T2942001127,3106.0,5531.0,364.2203461105329,103.37447662024984,69.66095645159997,0.4675598374228511,0.7388499513360697,0.5615621045018984,92.39588735436226,0.3126797180912404,0.013779562314753756,0.006122599231117385,0.004432803595522125,1.749233641896248e-05,-7.881632807247576e-06,1.5077062688505303e-05,91.0,73.0,1.2465753424657535
WE00074---G002--PO01--LO001--CO6--SL001--PX32500--PW0100--IN0020--TM281--X023472--Y064992--Z215337--T2355023395.png,WE00074---G002--PO01--LO001--CO6--SL001--PX32500--PW0100--IN0020--TM281--X023472--Y064992--Z215337--T2355023395,WE00074---G002--PO01--LO001--CO6--SL001--PX32500--PW0100--IN0020--TM281--X023472--Y064992--Z215337--T2355023395,3076.0,4744.0,351.8061325481598,101.73415405114491,66.29771471856405,0.469116974226018,0.7584973874045261,0.648397976391231,89.1852005660132,0.2996022650643325,0.01463763258780203,0.0036332958491683822,0.001446763306676861,6.608775556646796e-07,-5.739580899866702e-05,-3.250505733107071e-06,83.0,79.0,1.0506329113924051
WE00074---G002--PO01--LO001--CO6--SL001--PX32500--PW0100--IN0020--TM284--X023472--Y064992--Z210653--T2864364499.png,WE00074---G002--PO01--LO001--CO6--SL001--PX32500--PW0100--IN0020--TM284--X023472--Y064992--Z210653--T2864364499,WE00074---G002--PO01--LO001--CO6--SL001--PX32500--PW0100--IN0020--TM284--X023472--Y064992--Z210653--T2864364499,3132.0,5105.0,404.5756851698602,101.893737489269,78.27592959294735,0.47368421052631576,0.6401962683607889,0.6135161606268364,88.64536084872124,0.3294511273382048,0.007210394912368587,0.0034247237221093144,0.0016313370630554357,2.712402188695115e-06,-3.5080295993504856e-05,2.740623050526571e-06,87.0,76.0,1.144736842105263
WE00075---G003--PO01--LO001--CO6--SL001--PX32500--PW0100--IN0020--TM281--X032481--Y064992--Z211675--T2855997656.png,WE00075---G003--PO01--LO001--CO6--SL001--PX32500--PW0100--IN0020--TM281--X032481--Y064992--Z211675--T2855997656,WE00075---G003--PO01--LO001--CO6--SL001--PX32500--PW0100--IN0020--TM281--X032481--Y064992--Z211675--T2855997656,4312.0,5516.0,502.24978336205567,235.55402119042822,29.22177956948502,0.37991189427312777,0.9922752767331833,0.7817258883248731,229.38613733179255,0.8166107563223022,0.6270371951993791,0.21581894705221022,0.19359342829753953,0.03957109065804282,0.15317249797644486,-0.00013902491656048524,227.0,50.0,4.54
WE00075---G003--PO01--LO001--CO6--SL001--PX32500--PW0100--IN0020--TM281--X032481--Y064992--Z214337--T2355103168.png,WE00075---G003--PO01--LO001--CO6--SL001--PX32500--PW0100--IN0020--TM281--X032481--Y064992--Z214337--T2355103168,WE00075---G003--PO01--LO001--CO6--SL001--PX32500--PW0100--IN0020--TM281--X032481--Y064992--Z214337--T2355103168,3154.0,6363.0,410.47518010647184,123.59479123692577,76.72886260647485,0.36534229120815476,0.7839611866790126,0.49567813924249565,103.07764064044152,0.419368079775336,0.03461111388507312,0.009972118230024541,0.007445378219810419,6.0983230086358165e-05,-0.00022941273893616876,1.9919426950239625e-05,97.0,89.0,1.0898876404494382
WE00075---G003--PO01--LO001--CO6--SL001--PX32500--PW0100--IN0020--TM282--X032481--Y064992--Z210486--T2677902933.png,WE00075---G003--PO01--LO001--CO6--SL001--PX32500--PW0100--IN0020--TM282--X032481--Y064992--Z210486--T2677902933,WE00075---G003--PO01--LO001--CO6--SL001--PX32500--PW0100--IN0020--TM282--X032481--Y064992--Z210486--T2677902933,3072.0,3895.0,295.27922061357856,87.08089779044111,54.370882896908824,0.5782044042913608,0.7811270591613695,0.7887034659820282,82.80096617793781,0.2144221123652878,0.008861269268639074,0.0009838121562207025,0.0002217819738183524,-1.6509732411871538e-08,-1.6437982918492487e-05,1.022725873034928e-07,77.0,69.0,1.1159420289855073
WE00075---G003--PO01--LO001--CO6--SL001--PX32500--PW0100--IN0020--TM284--X032481--Y064992--Z210853--T2864437210.png,WE00075---G003--PO01--LO001--CO6--SL001--PX32500--PW0100--IN0020--TM284--X032481--Y064992--Z210853--T2864437210,WE00075---G003--PO01--LO001--CO6--SL001--PX32500--PW0100--IN0020--TM284--X032481--Y064992--Z210853--T2864437210,3502.0,5095.0,399.10259710444143,90.84181996194518,77.71108996523458,0.5024390243902439,0.5178771346519636,0.6873405299313052,86.12200647918046,0.25505514273242513,0.0015601918423944845,0.0001418856754679429,0.0008310243407402485,1.4371944794680257e-07,-1.5116272716613178e-05,2.4652352533228096e-07,85.0,82.0,1.0365853658536586
WE00076---G004--PO01--LO001--CO6--SL001--PX32500--PW0100--IN0020--TM254--X041490--Y064992--Z210373--T2930139646.png,WE00076---G004--PO01--LO001--CO6--SL001--PX32500--PW0100--IN0020--TM254--X041490--Y064992--Z210373--T2930139646,WE00076---G004--PO01--LO001--CO6--SL001--PX32500--PW0100--IN0020--TM254--X041490--Y064992--Z210373--T2930139646,3538.0,6077.0,404.19090885900994,107.47676349043094,81.74833950364948,0.44671717171717173,0.6492042994605834,0.5821951620865559,93.29523031752481,0.32211075646519866,0.00739653379900986,0.005734527854977822,0.00281421631443447,6.3329207820173635e-06,-8.940516352199152e-05,-9.365130145003535e-06,90.0,88.0,1.0227272727272727
WE00076---G004--PO01--LO001--CO6--SL001--PX32500--PW0100--IN0020--TM270--X041490--Y064992--Z213783--T2847931886.png,WE00076---G004--PO01--LO001--CO6--SL001--PX32500--PW0100--IN0020--TM270--X041490--Y064992--Z213783--T2847931886,WE00076---G004--PO01--LO001--CO6--SL001--PX32500--PW0100--IN0020--TM270--X041490--Y064992--Z213783--T2847931886,5042.0,6775.0,557.2691193458119,260.1887694666446,31.47445351239634,0.17904829545454545,0.9926564361400978,0.7442066420664206,249.1766441703556,0.8514582132644628,0.6837611034855087,0.22025799205301946,0.19640759032462163,0.04085093185146148,0.1623440175728316,9.884455746928108e-05,128.0,220.0,0.5818181818181818
WE00076---G004--PO01--LO001--CO6--SL001--PX32500--PW0100--IN0020--TM281--X041490--Y064992--Z208461--T2340644899.png,WE00076---G004--PO01--LO001--CO6--SL001--PX32500--PW0100--IN0020--TM281--X041490--Y064992--Z208461--T2340644899,WE00076---G004--PO01--LO001--CO6--SL001--PX32500--PW0100--IN0020--TM281--X041490--Y064992--Z208461--T2340644899,4002.0,5694.0,523.0365799264592,241.14272024837777,31.693021180182804,0.4101250256200041,0.9913256551963527,0.702845100105374,238.2540660723338,0.9238233870613896,0.7964671568518181,0.5325244049246657,0.4792530163466508,0.24210754047267083,0.4269125206005996,0.0015346347807170188,238.0,41.0,5.804878048780488
WE00076---G004--PO01--LO001--CO6--SL001--PX32500--PW0100--IN0020--TM281--X041490--Y064992--Z209137--T2355183085.png,WE00076---G004--PO01--LO001--CO6--SL001--PX32500--PW0100--IN0020--TM281--X041490--Y064992--Z209137--T2355183085,WE00076---G004--PO01--LO001--CO6--SL001--PX32500--PW0100--IN0020--TM281--X041490--Y064992--Z209137--T2355183085,3547.0,7186.0,445.6883835420683,175.67257817895975,55.423559679025765,0.20679804104477612,0.9489277318090079,0.4935986640690231,175.93180496999398,0.5979106585060836,0.239765180266947,0.13770670460730938,0.09595639534379882,0.010935373937935783,0.037058527145442444,0.001444207249865328,134.0,128.0,1.046875
WE00076---G004--PO01--LO001--CO6--SL001--PX32500--PW0100--IN0020--TM282--X041490--Y064992--Z209439--T2365705583.png,WE00076---G004--PO01--LO001--CO6--SL001--PX32500--PW0100--IN0020--TM282--X041490--Y064992--Z209439--T2365705583,WE00076---G004--PO01--LO001--CO6--SL001--PX32500--PW0100--IN0020--TM282--X041490--Y064992--Z209439--T2365705583,2879.0,4539.0,370.9188309203678,106.64666710134303,58.683806694517834,0.47414361001317523,0.8349908289233952,0.6342806785635603,94.25497334358543,0.3216676965088619,0.029634163784872863,0.0015562883942375244,0.001949255294646683,3.1726282323239688e-06,6.640440327357097e-05,-1.2086761489438664e-06,66.0,92.0,0.717391304347826
WE00076---G004--PO01--LO001--CO6--SL001--PX32500--PW0100--IN0020--TM284--X041490--Y064992--Z209453--T2864509889.png,WE00076---G004--PO01--LO001--CO6--SL001--PX32500--PW0100--IN0020--TM284--X041490--Y064992--Z209453--T2864509889,WE00076---G004--PO01--LO001--CO6--SL001--PX32500--PW0100--IN0020--TM284--X041490--Y064992--Z209453--T2864509889,3087.0,4997.0,363.4041122946064,100.5327875270929,68.48420381669767,0.47230722154222765,0.7320856256224654,0.6177706623974385,88.76936408468859,0.2995814613778465,0.01202721827608074,0.002931436426993024,0.0018177287489844418,3.601832265967063e-06,-6.0735691652906085e-05,-2.152461043141707e-06,76.0,86.0,0.8837209302325582
WE00077---G005--PO01--LO001--CO6--SL001--PX32500--PW0100--IN0020--TM281--X050499--Y064992--Z213337--T2355263387.png,WE00077---G005--PO01--LO001--CO6--SL001--PX32500--PW0100--IN0020--TM281--X050499--Y064992--Z213337--T2355263387,WE00077---G005--PO01--LO001--CO6--SL001--PX32500--PW0100--IN0020--TM281--X050499--Y064992--Z213337--T2355263387,2922.0,4587.0,391.94826817189073,104.1856140435088,64.81166767428675,0.4833746898263027,0.7829545938181742,0.6370176586003924,93.43446901438462,0.3220224683509832,0.02025708454152257,0.0010752642962639438,0.0006358302537980523,1.248261929083976e-07,-8.182504779625767e-05,-5.107043178715829e-07,93.0,65.0,1.4307692307692308
WE00077---G005--PO01--LO001--CO6--SL001--PX32500--PW0100--IN0020--TM281--X050499--Y064992--Z215475--T2856157093.png,WE00077---G005--PO01--LO001--CO6--SL001--PX32500--PW0100--IN0020--TM281--X050499--Y064992--Z215475--T2856157093,WE00077---G005--PO01--LO001--CO6--SL001--PX32500--PW0100--IN0020--TM281--X050499--Y064992--Z215475--T2856157093,4481.0,5820.0,512.19090885901,239.3475197553312,28.756915251166944,0.2817530181086519,0.9927560976805906,0.7699312714776633,232.15727427758966,0.8105639838734583,0.6201491113415201,0.1792054354629527,0.16242167546915914,0.027710281536695087,0.1278723352699644,4.720072328881324e-05,224.0,71.0,3.1549295774647885
WE00077---G005--PO01--LO001--CO6--SL001--PX32500--PW0100--IN0020--TM282--X050499--Y064992--Z209639--T2365786112.png,WE00077---G005--PO01--LO001--CO6--SL001--PX32500--PW0100--IN0020--TM282--X050499--Y064992--Z209639--T2365786112,WE00077---G005--PO01--LO001--CO6--SL001--PX32500--PW0100--IN0020--TM282--X050499--Y064992--Z209639--T2365786112,2765.0,4925.0,365.4629867976521,106.93505719057897,67.27438748473885,0.4175475687103594,0.7773127007523648,0.5614213197969543,91.0,0.3607809599412111,0.02439120424605492,0.004647313662768439,0.0037262736018992323,1.3728726346204013e-05,-2.9119870852522558e-05,-7.2092205590773105e-06,86.0,77.0,1.1168831168831168
WE00077---G005--PO01--LO001--CO6--SL001--PX32500--PW0100--IN0020--TM282--X050499--Y064992--Z212286--T2678065031.png,WE00077---G005--PO01--LO001--CO6--SL001--PX32500--PW0100--IN0020--TM282--X050499--Y064992--Z212286--T2678065031,WE00077---G005--PO01--LO001--CO6--SL001--PX32500--PW0100--IN0020--TM282--X050499--Y064992--Z212286--T2678065031,3052.0,4143.0,293.7645019878171,106.84066247668622,46.294008137314535,0.4390103567318757,0.9012499780689094,0.7366642529567946,107.80074211247342,0.2776470828119866,0.036051084492469646,0.006034201095284571,0.0013964237387627967,4.024601333426451e-06,0.00024696015699626593,4.835970237053769e-07,88.0,79.0,1.1139240506329113
WE00077---G005--PO01--LO001--CO6--SL001--PX32500--PW0100--IN0020--TM284--X050499--Y064992--Z210453--T2864582910.png,WE00077---G005--PO01--LO001--CO6--SL001--PX32500--PW0100--IN0020--TM284--X050499--Y064992--Z210453--T2864582910,WE00077---G005--PO01--LO001--CO6--SL001--PX32500--PW0100--IN0020--TM284--X050499--Y064992--Z210453--T2864582910,3645.0,7117.0,432.2741699796952,168.41863397348848,55.45045859913335,0.34644995722840033,0.9442456353855381,0.5121539974708444,167.6722994414999,0.5390876136548369,0.18804659572603385,0.0997088066882394,0.06446301575202341,0.005104733470557997,0.020413079583415313,-0.0008069527198713549,167.0,63.0,2.6507936507936507
WE00078---G006--PO01--LO001--CO6--SL001--PX32500--PW0100--IN0020--TM254--X059508--Y064992--Z209373--T2930297402.png,WE00078---G006--PO01--LO001--CO6--SL001--PX32500--PW0100--IN0020--TM254--X059508--Y064992--Z209373--T2930297402,WE00078---G006--PO01--LO001--CO6--SL001--PX32500--PW0100--IN0020--TM254--X059508--Y064992--Z209373--T2930297402,3336.0,5051.0,332.5340546095176,134.95133357128697,46.4234247041619,0.4483870967741935,0.9389691975429114,0.6604632745990893,122.18428704215611,0.381575929142906,0.09049447308408831,0.012189147596770127,0.0050649877393452725,3.495732935969274e-05,0.0006885409373648167,-1.9021435304267116e-05,120.0,62.0,1.935483870967742
WE00078---G006--PO01--LO001--CO6--SL001--PX32500--PW0100--IN0020--TM257--X059508--Y064992--Z210270--T2942319580.png,WE00078---G006--PO01--LO001--CO6--SL001--PX32500--PW0100--IN0020--TM257--X059508--Y064992--Z210270--T2942319580,WE00078---G006--PO01--LO001--CO6--SL001--PX32500--PW0100--IN0020--TM257--X059508--Y064992--Z210270--T2942319580,3471.0,5201.0,347.1198410471445,108.11109051027354,63.23551608933156,0.5317095588235294,0.8110964792749267,0.6673716592962892,97.32420048477151,0.282460717127713,0.019169989044961692,0.004318790419298477,0.0013313748259403861,6.583789821153497e-07,-8.655519911907937e-05,3.123879769872575e-06,68.0,96.0,0.7083333333333334
WE00078---G006--PO01--LO001--CO6--SL001--PX32500--PW0100--IN0020--TM281--X059508--Y064992--Z209861--T2340806839.png,WE00078---G006--PO01--LO001--CO6--SL001--PX32500--PW0100--IN0020--TM281--X059508--Y064992--Z209861--T2340806839,WE00078---G006--PO01--LO001--CO6--SL001--PX32500--PW0100--IN0020--TM281--X059508--Y064992--Z209861--T2340806839,4014.0,5833.0,438.45793616376875,201.16551706483457,37.65485992677516,0.21364700872897593,0.9823249705762587,0.6881536087776444,187.85632808079689,0.6521775929880935,0.3696921129582809,0.07283502710928484,0.047982534949290265,0.002825329815791922,0.026443315807975643,-0.00025237555097265205,154.0,122.0,1.2622950819672132
WE00078---G006--PO01--LO001--CO6--SL001--PX32500--PW0100--IN0020--TM281--X059508--Y064992--Z213337--T2355342660.png,WE00078---G006--PO01--LO001--CO6--SL001--PX32500--PW0100--IN0020--TM281--X059508--Y064992--Z213337--T2355342660,WE00078---G006--PO01--LO001--CO6--SL001--PX32500--PW0100--IN0020--TM281--X059508--Y064992--Z213337--T2355342660,3524.0,4510.0,401.5290039756343,189.79967606603432,28.789782522075143,0.21280193236714975,0.9884288699510023,0.7813747228381375,181.20706387997132,0.6536033025759072,0.38962946281598165,0.06449851325005679,0.05355615872883741,0.0031473259983060137,0.03321281529471657,-4.6430337361292196e-05,144.0,115.0,1.2521739130434784
WE00078---G006--PO01--LO001--CO6--SL001--PX32500--PW0100--IN0020--TM282--X059508--Y064992--Z210086--T2678146001.png,WE00078---G006--PO01--LO001--CO6--SL001--PX32500--PW0100--IN0020--TM282--X059508--Y064992--Z210086--T2678146001,WE00078---G006--PO01--LO001--CO6--SL001--PX32500--PW0100--IN0020--TM282--X059508--Y064992--Z210086--T2678146001,2468.0,2741.0,221.1370849898476,89.02926750798568,37.768610046969414,0.5452938577110031,0.9055559278329784,0.900401313389274,86.53323061113575,0.23684862180633393,0.027093308127934472,0.0011418960879521199,0.0001980330940361425,5.1689975034340076e-08,1.03107351363119e-05,7.87174493581829e-08,73.0,62.0,1.1774193548387097
WE00078---G006--PO01--LO001--CO6--SL001--PX32500--PW0100--IN0020--TM282--X059508--Y064992--Z217839--T2365866596.png,WE00078---G006--PO01--LO001--CO6--SL001--PX32500--PW0100--IN0020--TM282--X059508--Y064992--Z217839--T2365866596,WE00078---G006--PO01--LO001--CO6--SL001--PX32500--PW0100--IN0020--TM282--X059508--Y064992--Z217839--T2365866596,2825.0,3808.0,275.69343417595167,104.13663810588912,46.69525820766194,0.445864898989899,0.8938311273086863,0.741859243697479,94.66784036831093,0.2881612065282553,0.036741699539858494,0.005934526411164003,0.0011877117623337505,9.083096014554994e-07,-6.389521966297952e-06,-3.019605086329754e-06,72.0,88.0,0.8181818181818182
WE00078---G006--PO01--LO001--CO6--SL001--PX32500--PW0100--IN0020--TM284--X059508--Y064992--Z211053--T2864655233.png,WE00078---G006--PO01--LO001--CO6--SL001--PX32500--PW0100--IN0020--TM284--X059508--Y064992--Z211053--T2864655233,WE00078---G006--PO01--LO001--CO6--SL001--PX32500--PW0100--IN0020--TM284--X059508--Y064992--Z211053--T2864655233,3482.0,6080.0,400.43354954612926,107.71986323224971,78.90205575449666,0.4505693581780538,0.6807944395048804,0.5726973684210527,94.64142856064674,0.3200226762108752,0.009318578630343556,0.0045770360513999854,0.003999855343417006,1.1403628194258069e-05,-5.312709892122937e-05,1.2761496453122154e-05,92.0,84.0,1.0952380952380953
WE00079---G007--PO01--LO001--CO6--SL001--PX32500--PW0100--IN0020--TM254--X068517--Y064992--Z209973--T2930376628.png,WE00079---G007--PO01--LO001--CO6--SL001--PX32500--PW0100--IN0020--TM254--X068517--Y064992--Z209973--T2930376628,WE00079---G007--PO01--LO001--CO6--SL001--PX32500--PW0100--IN0020--TM254--X068517--Y064992--Z209973--T2930376628,3475.0,6676.0,436.0071426749364,179.21599018119605,61.246187102432,0.2767160375856028,0.9397926815395662,0.5205212702216896,169.00887550658396,0.6451342908491486,0.26030689753234004,0.177073696010753,0.06691847795347793,0.006540896244345639,0.022087075882511624,0.003206201354888496,161.0,78.0,2.0641025641025643
WE00079---G007--PO01--LO001--CO6--SL001--PX32500--PW0100--IN0020--TM257--X068517--Y064992--Z208670--T2942398704.png,WE00079---G007--PO01--LO001--CO6--SL001--PX32500--PW0100--IN0020--TM257--X068517--Y064992--Z208670--T2942398704,WE00079---G007--PO01--LO001--CO6--SL001--PX32500--PW0100--IN0020--TM257--X068517--Y064992--Z208670--T2942398704,2829.0,3914.0,284.73506473629425,104.09415811008543,51.826104444807335,0.49337286362050925,0.8672475583714113,0.7227899846704139,96.1041102138717,0.29872611467328436,0.03241693209538364,0.009564453853261112,0.0018036458631390468,1.802523611424933e-06,-4.7521069285011994e-05,-7.2712057867083605e-06,94.0,61.0,1.540983606557377
WE00079---G007--PO01--LO001--CO6--SL001--PX32500--PW0100--IN0020--TM281--X068517--Y064992--Z211075--T2856316990.png,WE00079---G007--PO01--LO001--CO6--SL001--PX32500--PW0100--IN0020--TM281--X068517--Y064992--Z211075--T2856316990,WE00079---G007--PO01--LO001--CO6--SL001--PX32500--PW0100--IN0020--TM281--X068517--Y064992--Z211075--T2856316990,3924.0,5437.0,475.3380951166243,229.33245772644804,30.296929754705477,0.47586708707252,0.991235167205864,0.721721537612654,217.5890622251036,0.8523075961935308,0.6774401697103284,0.3020212827461143,0.26746777052360904,0.07601685488702926,0.21943275842412374,-0.0006538175994438141,217.0,38.0,5.7105263157894735
WE00079---G007--PO01--LO001--CO6--SL001--PX32500--PW0100--IN0020--TM282--X068517--Y064992--Z217239--T2365947138.png,WE00079---G007--PO01--LO001--CO6--SL001--PX32500--PW0100--IN0020--TM282--X068517--Y064992--Z217239--T2365947138,WE00079---G007--PO01--LO001--CO6--SL001--PX32500--PW0100--IN0020--TM282--X068517--Y064992--Z217239--T2365947138,3376.0,4956.0,320.8061325481597,107.47849604111703,57.209579047832506,0.47032599609919196,0.8465629555985252,0.6811945117029863,101.01980003939822,0.2744476274824238,0.023489756955180782,0.006342683549567033,0.0015477344092863536,1.4717456161768172e-06,-6.885762672542563e-05,-4.620595808301022e-06,74.0,97.0,0.7628865979381443
WE00079---G007--PO01--LO001--CO6--SL001--PX32500--PW0100--IN0020--TM284--X068517--Y064992--Z209453--T2864728170.png,WE00079---G007--PO01--LO001--CO6--SL001--PX32500--PW0100--IN0020--TM284--X068517--Y064992--Z209453--T2864728170,WE00079---G007--PO01--LO001--CO6--SL001--PX32500--PW0100--IN0020--TM284--X068517--Y064992--Z209453--T2864728170,2791.0,4698.0,378.43354954612926,94.11734470929655,71.66875201541541,0.4533788174139051,0.6481849562983419,0.5940825883354619,84.15461959987698,0.3133841945220275,0.006945680713885314,0.0018457779907064713,0.002309664997357432,4.49434613975173e-06,-2.2433091184366827e-05,1.5945961381784132e-06,81.0,76.0,1.0657894736842106
WE00079---G007--PO01--LO001--CO6--SL001--PX32500--PW0100--IN0020--TM284--X068517--Y064992--Z210661--T2345807260.png,WE00079---G007--PO01--LO001--CO6--SL001--PX32500--PW0100--IN0020--TM284--X068517--Y064992--Z210661--T2345807260,WE00079---G007--PO01--LO001--CO6--SL001--PX32500--PW0100--IN0020--TM284--X068517--Y064992--Z210661--T2345807260,4909.0,6828.0,525.9310242291876,256.7893727361392,31.96262977079961,0.2432486001684753,0.9922233439513964,0.7189513766842414,232.69078194032525,0.8525462371675121,0.6831560486571152,0.15588941363134218,0.13209092651673204,0.018951948901523408,0.10782797195991474,-0.0003251687435187837,217.0,93.0,2.3333333333333335
WE00080---G008--PO01--LO001--CO6--SL001--PX32500--PW0100--IN0020--TM254--X077526--Y064992--Z209373--T2930455400.png,WE00080---G008--PO01--LO001--CO6--SL001--PX32500--PW0100--IN0020--TM254--X077526--Y064992--Z209373--T2930455400,WE00080---G008--PO01--LO001--CO6--SL001--PX32500--PW0100--IN0020--TM254--X077526--Y064992--Z209373--T2930455400,3617.0,6550.0,401.84776310850236,129.71383838779502,73.31100931073998,0.4180536292186778,0.8249710906556684,0.5522137404580153,109.59014554237986,0.38360837633837447,0.03915283192171422,0.013408257554768632,0.0049476547075054614,1.4031181977357843e-05,-0.0002562849693948172,-3.7776551611171886e-05,103.0,84.0,1.2261904761904763
WE00080---G008--PO01--LO001--CO6--SL001--PX32500--PW0100--IN0020--TM271--X077526--Y064992--Z213983--T2848249889.png,WE00080---G008--PO01--LO001--CO6--SL001--PX32500--PW0100--IN0020--TM271--X077526--Y064992--Z213983--T2848249889,WE00080---G008--PO01--LO001--CO6--SL001--PX32500--PW0100--IN0020--TM271--X077526--Y064992--Z213983--T2848249889,3851.0,4821.0,467.55339059327383,220.26181845549596,26.99306479101309,0.16146750524109016,0.9924623524021673,0.7987969300974902,215.1278689523977,0.799206281097989,0.6014867221261169,0.18310639017123165,0.16564050788668416,0.028846775894639673,0.12828495800624648,-0.00012836846017017477,159.0,150.0,1.06
WE00080---G008--PO01--LO001--CO6--SL001--PX32500--PW0100--IN0020--TM281--X077526--Y064992--Z213537--T2355502372.png,WE00080---G008--PO01--LO001--CO6--SL001--PX32500--PW0100--IN0020--TM281--X077526--Y064992--Z213537--T2355502372,WE00080---G008--PO01--LO001--CO6--SL001--PX32500--PW0100--IN0020--TM281--X077526--Y064992--Z213537--T2355502372,3971.0,7180.0,422.9188309203678,129.06702704837485,83.26528148016996,0.4195900253592561,0.7640710573960859,0.5530640668523676,107.54068997360952,0.37130767708193557,0.02342914733189188,0.015022811871347503,0.004432958946355557,1.2814055638975889e-05,-0.00019855016229077465,-3.383011435327147e-05,104.0,91.0,1.1428571428571428
WE00080---G008--PO01--LO001--CO6--SL001--PX32500--PW0100--IN0020--TM282--X077526--Y064992--Z210686--T2678307963.png,WE00080---G008--PO01--LO001--CO6--SL001--PX32500--PW0100--IN0020--TM282--X077526--Y064992--Z210686--T2678307963,WE00080---G008--PO01--LO001--CO6--SL001--PX32500--PW0100--IN0020--TM282--X077526--Y064992--Z210686--T2678307963,3443.0,5481.0,359.22034611053283,149.7241308533068,41.38539332573231,0.3663545435198978,0.9610395265859968,0.6281700419631454,132.7742444904131,0.43802763107217013,0.1412596716929827,0.01794550277314343,0.011561494126103203,0.00016322482209288618,0.0036880054531698556,3.302574850175666e-05,74.0,127.0,0.5826771653543307
WE00080---G008--PO01--LO001--CO6--SL001--PX32500--PW0100--IN0020--TM282--X077526--Y064992--Z216239--T2366028099.png,WE00080---G008--PO01--LO001--CO6--SL001--PX32500--PW0100--IN0020--TM282--X077526--Y064992--Z216239--T2366028099,WE00080---G008--PO01--LO001--CO6--SL001--PX32500--PW0100--IN0020--TM282--X077526--Y064992--Z216239--T2366028099,2322.0,2743.0,216.06601717798213,72.78933435305656,43.59881114067385,0.6349466776045939,0.8007695788471298,0.8465184104994532,69.87131027825369,0.19377539643737102,0.00836251402586545,0.0006241006489757926,7.342096847043233e-05,-1.3828388629066198e-10,-2.2774947678366813e-06,1.571595111010917e-08,69.0,53.0,1.3018867924528301
WE00080---G008--PO01--LO001--CO6--SL001--PX32500--PW0100--IN0020--TM283--X077526--Y064992--Z210461--T2345890793.png,WE00080---G008--PO01--LO001--CO6--SL001--PX32500--PW0100--IN0020--TM283--X077526--Y064992--Z210461--T2345890793,WE00080---G008--PO01--LO001--CO6--SL001--PX32500--PW0100--IN0020--TM283--X077526--Y064992--Z210461--T2345890793,3845.0,5919.0,508.3746750430836,242.99377098743346,29.17189910569553,0.21337402885682574,0.9927675994484534,0.6496029734752492,224.54398232862977,0.9736178874532859,0.8948253708587645,0.3500381071117946,0.31265405268246105,0.10342896548618613,0.2950761575161954,0.000755185899549142,212.0,85.0,2.4941176470588236
WE00081---G009--PO01--LO001--CO6--SL001--PX32500--PW0100--IN0020--TM271--X086535--Y064992--Z209983--T2848328909.png,WE00081---G009--PO01--LO001--CO6--SL001--PX32500--PW0100--IN0020--TM271--X086535--Y064992--Z209983--T2848328909,WE00081---G009--PO01--LO001--CO6--SL001--PX32500--PW0100--IN0020--TM271--X086535--Y064992--Z209983--T2848328909,4022.0,5466.0,497.99494936611666,234.20786792938713,30.94083569708305,0.42837362871445306,0.9912352700035802,0.7358214416392242,229.10696191953662,0.8672715799612,0.7014372267640627,0.36617822547205403,0.3245601333962046,0.1118893497896391,0.2718001553517416,0.00012420107420327894,229.0,41.0,5.585365853658536
WE00081---G009--PO01--LO001--CO6--SL001--PX32500--PW0100--IN0020--TM281--X086535--Y064992--Z212537--T2355582545.png,WE00081---G009--PO01--LO001--CO6--SL001--PX32500--PW0100--IN0020--TM281--X086535--Y064992--Z212537--T2355582545,WE00081---G009--PO01--LO001--CO6--SL001--PX32500--PW0100--IN0020--TM281--X086535--Y064992--Z212537--T2355582545,4067.0,6344.0,487.26197667087547,206.89331855534707,37.111907981975136,0.25851767098906686,0.9837804037943474,0.641078184110971,216.37467504308356,0.6789731217252721,0.4053127098748995,0.2272593998769441,0.19577296957576054,0.041282867087394225,0.12222313142785168,-0.0009712905905363556,207.0,76.0,2.723684210526316
WE00081---G009--PO01--LO001--CO6--SL001--PX32500--PW0100--IN0020--TM282--X086535--Y064992--Z210039--T2366108564.png,WE00081---G009--PO01--LO001--CO6--SL001--PX32500--PW0100--IN0020--TM282--X086535--Y064992--Z210039--T2366108564,WE00081---G009--PO01--LO001--CO6--SL001--PX32500--PW0100--IN0020--TM282--X086535--Y064992--Z210039--T2366108564,2012.0,2244.0,193.58073580374355,74.11177692733341,36.88763819468994,0.5988095238095238,0.8673321562127742,0.8966131907308378,71.80529228406496,0.21288684551780493,0.01647383754747995,0.0009712662469578709,0.00013232292187655368,1.9700025450872166e-08,3.7918983039204753e-06,4.3153507137972167e-08,48.0,70.0,0.6857142857142857
WE00081---G009--PO01--LO001--CO6--SL001--PX32500--PW0100--IN0020--TM282--X086535--Y064992--Z210886--T2678388232.png,WE00081---G009--PO01--LO001--CO6--SL001--PX32500--PW0100--IN0020--TM282--X086535--Y064992--Z210886--T2678388232,WE00081---G009--PO01--LO001--CO6--SL001--PX32500--PW0100--IN0020--TM282--X086535--Y064992--Z210886--T2678388232,3416.0,4883.0,414.6234123846127,94.3717441953856,72.31958871901966,0.4908045977011494,0.6424510610637112,0.6995699365144379,87.69264507357501,0.2586385577972675,0.004523269257956094,0.0008643942442815609,0.0007015147745873817,4.9836296052955056e-08,-3.437524232997568e-05,-5.439967833402107e-07,87.0,80.0,1.0875
WE00081---G009--PO01--LO001--CO6--SL001--PX32500--PW0100--IN0020--TM283--X086535--Y064992--Z212461--T2345974536.png,WE00081---G009--PO01--LO001--CO6--SL001--PX32500--PW0100--IN0020--TM283--X086535--Y064992--Z212461--T2345974536,WE00081---G009--PO01--LO001--CO6--SL001--PX32500--PW0100--IN0020--TM283--X086535--Y064992--Z212461--T2345974536,3925.0,6686.0,452.1492782986674,205.61762628308279,41.22135145269907,0.29143154143154143,0.9796986611309366,0.587047562069997,189.1718795170149,0.7002835677368858,0.4175342782507666,0.17378351457298843,0.12332796761611567,0.01801230997181735,0.07724945277852174,-0.001240342386438907,182.0,74.0,2.4594594594594597
WE00082---G010--PO01--LO001--CO6--SL001--PX32500--PW0100--IN0020--TM257--X095544--Y064992--Z211070--T2942638835.png,WE00082---G010--PO01--LO001--CO6--SL001--PX32500--PW0100--IN0020--TM257--X095544--Y064992--Z211070--T2942638835,WE00082---G010--PO01--LO001--CO6--SL001--PX32500--PW0100--IN0020--TM257--X095544--Y064992--Z211070--T2942638835,3137.0,4864.0,376.0904037956217,106.39436507248352,63.93290033439055,0.47674772036474167,0.7993204891272988,0.6449424342105263,96.04686356149273,0.306964788499044,0.0207629609837365,0.0023970308293918417,0.002040688725097227,4.326473901479892e-06,4.717707937274118e-05,1.285390203721668e-06,94.0,70.0,1.3428571428571427
WE00082---G010--PO01--LO001--CO6--SL001--PX32500--PW0100--IN0020--TM281--X095544--Y064992--Z212737--T2355662317.png,WE00082---G010--PO01--LO001--CO6--SL001--PX32500--PW0100--IN0020--TM281--X095544--Y064992--Z212737--T2355662317,WE00082---G010--PO01--LO001--CO6--SL001--PX32500--PW0100--IN0020--TM281--X095544--Y064992--Z212737--T2355662317,2666.0,3427.0,288.048773235279,126.27265635301795,35.141407729501644,0.4145545016327165,0.9604948262754464,0.7779398891158448,117.38824472663352,0.4027499596694122,0.11892061066124407,0.009179725070767409,0.0028798212561320603,1.2229585801632057e-05,0.00047094346750615405,8.347484788768755e-06,109.0,59.0,1.847457627118644
WE00082---G010--PO01--LO001--CO6--SL001--PX32500--PW0100--IN0020--TM282--X095544--Y064992--Z210686--T2678469260.png,WE00082---G010--PO01--LO001--CO6--SL001--PX32500--PW0100--IN0020--TM282--X095544--Y064992--Z210686--T2678469260,WE00082---G010--PO01--LO001--CO6--SL001--PX32500--PW0100--IN0020--TM282--X095544--Y064992--Z210686--T2678469260,2763.0,4263.0,332.3919189857867,97.18198880491487,63.52326480941957,0.4915495463440669,0.7567946942084518,0.6481351161154116,86.21484790916237,0.3049118738718386,0.014971099940096887,0.0036023167715377715,0.0011713706818174223,7.138006424293705e-07,-8.143195994405567e-05,-2.2978918913831583e-06,77.0,73.0,1.0547945205479452
WE00082---G010--PO01--LO001--CO6--SL001--PX32500--PW0100--IN0020--TM282--X095544--Y064992--Z215461--T2341129795.png,WE00082---G010--PO01--LO001--CO6--SL001--PX32500--PW0100--IN0020--TM282--X095544--Y064992--Z215461--T2341129795,WE00082---G010--PO01--LO001--CO6--SL001--PX32500--PW0100--IN0020--TM282--X095544--Y064992--Z215461--T2341129795,5613.0,7413.0,510.74220741123065,243.233934909095,34.46304533071811,0.259500693481276,0.9899115324288311,0.7571833265884257,221.72054483064937,0.6719941273030132,0.41672748787863545,0.016996591892720268,0.015674949474528653,0.0002558399924365366,0.010105741030411926,2.5584332994969073e-06,206.0,105.0,1.9619047619047618
WE00082---G010--PO01--LO001--CO6--SL001--PX32500--PW0100--IN0020--TM283--X095544--Y064992--Z211453--T2864946235.png,WE00082---G010--PO01--LO001--CO6--SL001--PX32500--PW0100--IN0020--TM283--X095544--Y064992--Z211453--T2864946235,WE00082---G010--PO01--LO001--CO6--SL001--PX32500--PW0100--IN0020--TM283--X095544--Y064992--Z211453--T2864946235,3077.0,5575.0,365.8061325481598,116.38690473428161,68.71023582779587,0.3861696787148594,0.8071396619086617,0.5519282511210762,104.31682510506155,0.37103932607121515,0.03213041020842669,0.015317967311830983,0.005907394440188443,4.7451261831930205e-05,-0.0002475347262751908,-3.010332117207956e-05,96.0,83.0,1.1566265060240963
WE00083---G011--PO01--LO001--CO6--SL001--PX32500--PW0100--IN0020--TM254--X104554--Y064992--Z210773--T2930690588.png,WE00083---G011--PO01--LO001--CO6--SL001--PX32500--PW0100--IN0020--TM254--X104554--Y064992--Z210773--T2930690588,WE00083---G011--PO01--LO001--CO6--SL001--PX32500--PW0100--IN0020--TM254--X104554--Y064992--Z210773--T2930690588,4389.0,5934.0,504.5512985522207,247.10768463857602,29.690660318841466,0.5202702702702703,0.9927554200288159,0.7396359959555107,228.96506283710622,0.8820879345751707,0.7344173802150102,0.26603390268280724,0.23798559475491765,0.05988070353527722,0.20343987339752886,-0.0003543433545567902,228.0,37.0,6.162162162162162
WE00083---G011--PO01--LO001--CO6--SL001--PX32500--PW0100--IN0020--TM258--X104554--Y064992--Z212670--T2942718105.png,WE00083---G011--PO01--LO001--CO6--SL001--PX32500--PW0100--IN0020--TM258--X104554--Y064992--Z212670--T2942718105,WE00083---G011--PO01--LO001--CO6--SL001--PX32500--PW0100--IN0020--TM258--X104554--Y064992--Z212670--T2942718105,3401.0,7038.0,415.06096654409873,127.86122811548606,76.23183029756825,0.3386101154918359,0.8028303372415312,0.4832338732594487,117.04699910719626,0.40722922680310214,0.037497072090867806,0.024012633564388552,0.017654386739361073,0.00034202241586699393,0.0016167724359301232,-0.00012308343204135344,108.0,93.0,1.1612903225806452
WE00083---G011--PO01--LO001--CO6--SL001--PX32500--PW0100--IN0020--TM282--X104554--Y064992--Z210086--T2678550445.png,WE00083---G011--PO01--LO001--CO6--SL001--PX32500--PW0100--IN0020--TM282--X104554--Y064992--Z210086--T2678550445,WE00083---G011--PO01--LO001--CO6--SL001--PX32500--PW0100--IN0020--TM282--X104554--Y064992--Z210086--T2678550445,2750.0,3513.0,282.5929291125633,121.12196960510508,34.783966022712995,0.4721840659340659,0.9578762418023513,0.7828067179049246,113.95174417269794,0.36091945030202843,0.09358881558197146,0.0023253363364868574,0.0008973621668278719,1.1111508605532227e-06,0.00014048221695342909,6.675719766763752e-07,112.0,52.0,2.1538461538461537
WE00083---G011--PO01--LO001--CO6--SL001--PX32500--PW0100--IN0020--TM282--X104554--Y064992--Z211839--T2366269957.png,WE00083---G011--PO01--LO001--CO6--SL001--PX32500--PW0100--IN0020--TM282--X104554--Y064992--Z211839--T2366269957,WE00083---G011--PO01--LO001--CO6--SL001--PX32500--PW0100--IN0020--TM282--X104554--Y064992--Z211839--T2366269957,3446.0,5782.0,372.81832585697947,123.10243932880589,64.29139897658547,0.47622996130458817,0.852786713999373,0.5959875475613975,109.65856099730654,0.349818531468892,0.03995377559607805,0.011981348200703472,0.004753629787882862,2.299669837272494e-05,3.384729995875802e-05,2.7534730402394295e-05,108.0,67.0,1.6119402985074627
WE00084---G012--PO01--LO001--CO6--SL001--PX32500--PW0100--IN0020--TM254--X113563--Y064992--Z215173--T2930769129.png,WE00084---G012--PO01--LO001--CO6--SL001--PX32500--PW0100--IN0020--TM254--X113563--Y064992--Z215173--T2930769129,WE00084---G012--PO01--LO001--CO6--SL001--PX32500--PW0100--IN0020--TM254--X113563--Y064992--Z215173--T2930769129,3967.0,6284.0,511.4213562373095,251.23012490824092,31.909420688891284,0.47231813311108467,0.9919010887124722,0.6312858052196053,227.2201575564985,1.0104421916768176,0.9571851640268851,0.4727113011253306,0.41892066480775475,0.18639751559034823,0.4041899100207002,0.002981462428273844,227.0,37.0,6.135135135135135
WE00084---G012--PO01--LO001--CO6--SL001--PX32500--PW0100--IN0020--TM258--X113563--Y064992--Z211070--T2942797824.png,WE00084---G012--PO01--LO001--CO6--SL001--PX32500--PW0100--IN0020--TM258--X113563--Y064992--Z211070--T2942797824,WE00084---G012--PO01--LO001--CO6--SL001--PX32500--PW0100--IN0020--TM258--X113563--Y064992--Z211070--T2942797824,4175.0,7601.0,482.2325394193526,221.28019369593835,49.102148570672924,0.22685285807433167,0.9750693526147522,0.5492698329167215,196.02295783912658,0.7691009747959348,0.48569012344422524,0.17820950593689752,0.09295435796554809,0.011674065695708575,0.05354156510870786,0.0026171183386956348,107.0,172.0,0.622093023255814
WE00084---G012--PO01--LO001--CO6--SL001--PX32500--PW0100--IN0020--TM281--X113563--Y064992--Z211937--T2355822389.png,WE00084---G012--PO01--LO001--CO6--SL001--PX32500--PW0100--IN0020--TM281--X113563--Y064992--Z211937--T2355822389,WE00084---G012--PO01--LO001--CO6--SL001--PX32500--PW0100--IN0020--TM281--X113563--Y064992--Z211937--T2355822389,3619.0,7322.0,420.8183258569795,138.7897591045973,71.92421747044888,0.34206049149338374,0.8552447817949699,0.494263862332696,124.67958934805648,0.4220034935591422,0.05920716802230787,0.023187599676308537,0.014104456364064755,0.00023290898871552594,0.0009775696817221563,0.00010399528519756346,92.0,115.0,0.8
WE00084---G012--PO01--LO001--CO6--SL001--PX32500--PW0100--IN0020--TM282--X113563--Y064992--Z210286--T2678632065.png,WE00084---G012--PO01--LO001--CO6--SL001--PX32500--PW0100--IN0020--TM282--X113563--Y064992--Z210286--T2678632065,WE00084---G012--PO01--LO001--CO6--SL001--PX32500--PW0100--IN0020--TM282--X113563--Y064992--Z210286--T2678632065,3281.0,4879.0,364.9360748630709,157.41032372972293,32.49392757449246,0.5373403209957419,0.9784617540061705,0.6724738675958188,142.68847185389575,0.49211111981698685,0.20420004853329846,0.018710818027839093,0.013959538639455897,0.00022512989766285756,0.006109272098333636,-1.4667816326390352e-05,43.0,142.0,0.3028169014084507
WE00084---G012--PO01--LO001--CO6--SL001--PX32500--PW0100--IN0020--TM283--X113563--Y064992--Z214253--T2865091235.png,WE00084---G012--PO01--LO001--CO6--SL001--PX32500--PW0100--IN0020--TM283--X113563--Y064992--Z214253--T2865091235,WE00084---G012--PO01--LO001--CO6--SL001--PX32500--PW0100--IN0020--TM283--X113563--Y064992--Z214253--T2865091235,3430.0,5520.0,375.36248173426384,112.42757273675123,64.71124927902218,0.37626151820974113,0.817744305548856,0.6213768115942029,114.0175425099138,0.3066236314637252,0.023721013841745412,0.013687238130716655,0.008025749951168757,7.98817234050484e-05,0.0008779295059881255,2.6356475684146867e-05,86.0,106.0,0.8113207547169812
WE00085---H012--PO01--LO001--CO6--SL001--PX32500--PW0100--IN0020--TM258--X113563--Y073964--Z211270--T2942877708.png,WE00085---H012--PO01--LO001--CO6--SL001--PX32500--PW0100--IN0020--TM258--X113563--Y073964--Z211270--T2942877708,WE00085---H012--PO01--LO001--CO6--SL001--PX32500--PW0100--IN0020--TM258--X113563--Y073964--Z211270--T2942877708,4491.0,9341.0,473.88939366884495,191.34209699917747,68.85751297881426,0.29741721854304637,0.9330040031761538,0.4807836420083503,169.44615663980107,0.57550037822409,0.19672070413657092,0.06646641044155802,0.04421170940323153,0.0023410409657920253,0.012017931527534938,-0.0005133453197901849,151.0,100.0,1.51
WE00085---H012--PO01--LO001--CO6--SL001--PX32500--PW0100--IN0020--TM272--X113563--Y073964--Z209783--T2848646204.png,WE00085---H012--PO01--LO001--CO6--SL001--PX32500--PW0100--IN0020--TM272--X113563--Y073964--Z209783--T2848646204,WE00085---H012--PO01--LO001--CO6--SL001--PX32500--PW0100--IN0020--TM272--X113563--Y073964--Z209783--T2848646204,4145.0,5520.0,501.1787155501902,237.94950797031592,29.331682674161335,0.3542735042735043,0.9923733536434047,0.7509057971014492,227.705950734714,0.8667116398041785,0.7068879640863605,0.29705312552075713,0.26662660117491,0.07503568971985049,0.2237978219043023,0.00033773268439597423,225.0,52.0,4.326923076923077
WE00085---H012--PO01--LO001--CO6--SL001--PX32500--PW0100--IN0020--TM281--X113563--Y073964--Z211537--T2355902352.png,WE00085---H012--PO01--LO001--CO6--SL001--PX32500--PW0100--IN0020--TM281--X113563--Y073964--Z211537--T2355902352,WE00085---H012--PO01--LO001--CO6--SL001--PX32500--PW0100--IN0020--TM281--X113563--Y073964--Z211537--T2355902352,4261.0,6744.0,405.9898987322333,157.65598726402894,61.969777809113154,0.408259078279199,0.9195087165406539,0.6318208778173191,148.94629904767692,0.42090565128353835,0.09501720306322425,0.0322749799715278,0.006986095421465506,5.6763630867980447e-05,-0.0002572063202991314,8.821774257023302e-05,147.0,71.0,2.0704225352112675
WE00086---H011--PO01--LO001--CO6--SL001--PX32500--PW0100--IN0020--TM253--X104554--Y073964--Z209773--T2930926286.png,WE00086---H011--PO01--LO001--CO6--SL001--PX32500--PW0100--IN0020--TM253--X104554--Y073964--Z209773--T2930926286,WE00086---H011--PO01--LO001--CO6--SL001--PX32500--PW0100--IN0020--TM253--X104554--Y073964--Z209773--T2930926286,4516.0,5878.0,525.5218613006979,251.22939927579458,29.54457308222231,0.42944085203499427,0.9930610474688865,0.768288533514801,240.52026941611388,0.885588641207476,0.7420579057593016,0.32917157097897054,0.3011087732099894,0.09479713540335667,0.2593070322644044,-0.00020947636597174954,239.0,44.0,5.431818181818182
WE00086---H011--PO01--LO001--CO6--SL001--PX32500--PW0100--IN0020--TM259--X104554--Y073964--Z210470--T2942957727.png,WE00086---H011--PO01--LO001--CO6--SL001--PX32500--PW0100--IN0020--TM259--X104554--Y073964--Z210470--T2942957727,WE00086---H011--PO01--LO001--CO6--SL001--PX32500--PW0100--IN0020--TM259--X104554--Y073964--Z210470--T2942957727,3691.0,6307.0,418.75335469952387,115.49605192252022,71.8980951211478,0.4456652982371408,0.7826073832513616,0.5852227683526241,103.77379245262264,0.31340886771435766,0.01913886866819524,0.00201600819150034,0.0027317107039420085,6.203985398027425e-06,-2.8822092980047343e-05,1.6143938126608038e-06,101.0,82.0,1.2317073170731707
WE00086---H011--PO01--LO001--CO6--SL001--PX32500--PW0100--IN0020--TM272--X104554--Y073964--Z213783--T2848725901.png,WE00086---H011--PO01--LO001--CO6--SL001--PX32500--PW0100--IN0020--TM272--X104554--Y073964--Z213783--T2848725901,WE00086---H011--PO01--LO001--CO6--SL001--PX32500--PW0100--IN0020--TM272--X104554--Y073964--Z213783--T2848725901,4723.0,6381.0,547.0782104868018,264.13987524030574,28.376567557290926,0.4991545127879941,0.9942126423522027,0.7401661181632972,249.45139807184887,0.9339284257661679,0.8328698526869391,0.2756212531586435,0.25471709123789066,0.06749029889993366,0.23224807263799246,0.00021137006397464742,38.0,249.0,0.15261044176706828
WE00086---H011--PO01--LO001--CO6--SL001--PX32500--PW0100--IN0020--TM282--X104554--Y073964--Z210461--T2341452153.png,WE00086---H011--PO01--LO001--CO6--SL001--PX32500--PW0100--IN0020--TM282--X104554--Y073964--Z210461--T2341452153,WE00086---H011--PO01--LO001--CO6--SL001--PX32500--PW0100--IN0020--TM282--X104554--Y073964--Z210461--T2341452153,2835.0,4294.0,306.14927829866735,98.60220306922919,58.269485979971655,0.4660529344073648,0.8067043668369793,0.66022356776898,87.8179936004006,0.289191522188616,0.01945619962859552,0.003712082792467777,0.0010784398200526988,-2.8704717115570004e-07,-0.00011470433009712676,-2.13857960931067e-06,79.0,77.0,1.025974025974026
WE00087---H010--PO01--LO001--CO6--SL001--PX32500--PW0100--IN0020--TM253--X095544--Y073964--Z214773--T2931005315.png,WE00087---H010--PO01--LO001--CO6--SL001--PX32500--PW0100--IN0020--TM253--X095544--Y073964--Z214773--T2931005315,WE00087---H010--PO01--LO001--CO6--SL001--PX32500--PW0100--IN0020--TM253--X095544--Y073964--Z214773--T2931005315,4142.0,5693.0,509.13203435596427,224.9611019316695,31.52863535259184,0.2367398262459991,0.9901300711025975,0.7275601616019673,227.0594635772753,0.7786327895567916,0.5604521901412807,0.29197758977530863,0.26189634121221267,0.0724212620921797,0.19591176083148196,-0.00026086401588722163,216.0,81.0,2.6666666666666665
WE00087---H010--PO01--LO001--CO6--SL001--PX32500--PW0100--IN0020--TM259--X095544--Y073964--Z218070--T2943036984.png,WE00087---H010--PO01--LO001--CO6--SL001--PX32500--PW0100--IN0020--TM259--X095544--Y073964--Z218070--T2943036984,WE00087---H010--PO01--LO001--CO6--SL001--PX32500--PW0100--IN0020--TM259--X095544--Y073964--Z218070--T2943036984,4589.0,5807.0,447.77164466275354,199.12398768767127,33.54157182324819,0.2350922131147541,0.9857109409595916,0.7902531427587395,197.40820651634522,0.5553415710532521,0.27530655455018876,0.03642634085394227,0.03052436134670879,0.0010178075455297398,0.01596581492661136,-7.562065266310646e-06,160.0,122.0,1.3114754098360655
WE00087---H010--PO01--LO001--CO6--SL001--PX32500--PW0100--IN0020--TM282--X095544--Y073964--Z213661--T2341532311.png,WE00087---H010--PO01--LO001--CO6--SL001--PX32500--PW0100--IN0020--TM282--X095544--Y073964--Z213661--T2341532311,WE00087---H010--PO01--LO001--CO6--SL001--PX32500--PW0100--IN0020--TM282--X095544--Y073964--Z213661--T2341532311,3565.0,6218.0,399.36857838867365,120.09249098219001,68.87188709279197,0.42209329860288897,0.8192123018288084,0.5733354776455452,105.53672346628922,0.3360018096428764,0.028793220307279696,0.006136929486361643,0.0036180572525680533,1.318286879091216e-05,-7.713572770003189e-05,1.0810491629489965e-05,103.0,82.0,1.2560975609756098
WE00088---H009--PO01--LO001--CO6--SL001--PX32500--PW0100--IN0020--TM259--X086535--Y073964--Z211070--T2943116707.png,WE00088---H009--PO01--LO001--CO6--SL001--PX32500--PW0100--IN0020--TM259--X086535--Y073964--Z211070--T2943116707,WE00088---H009--PO01--LO001--CO6--SL001--PX32500--PW0100--IN0020--TM259--X086535--Y073964--Z211070--T2943116707,4426.0,7558.0,512.6761902332486,233.94055581429672,44.53080324453837,0.40420091324200913,0.9817161107036719,0.5856046573167505,219.02054698132775,0.800824334787419,0.5547572130790289,0.21294363662647792,0.14086792750686378,0.024265640269733383,0.09615566240530854,-0.002535931280350609,219.0,50.0,4.38
WE00088---H009--PO01--LO001--CO6--SL001--PX32500--PW0100--IN0020--TM281--X086535--Y073964--Z213137--T2356142838.png,WE00088---H009--PO01--LO001--CO6--SL001--PX32500--PW0100--IN0020--TM281--X086535--Y073964--Z213137--T2356142838,WE00088---H009--PO01--LO001--CO6--SL001--PX32500--PW0100--IN0020--TM281--X086535--Y073964--Z213137--T2356142838,3584.0,7098.0,410.13203435596427,144.10667321724642,74.63952732362873,0.3584,0.8554130959479082,0.504930966469428,125.57467897629681,0.4592946481730776,0.07022051032781594,0.03792934429324085,0.017340432346625613,0.00038084498634293417,0.0007854070947631634,0.00022961854538610987,125.0,80.0,1.5625
WE00088---H009--PO01--LO001--CO6--SL001--PX32500--PW0100--IN0020--TM282--X086535--Y073964--Z210261--T2341613046.png,WE00088---H009--PO01--LO001--CO6--SL001--PX32500--PW0100--IN0020--TM282--X086535--Y073964--Z210261--T2341613046,WE00088---H009--PO01--LO001--CO6--SL001--PX32500--PW0100--IN0020--TM282--X086535--Y073964--Z210261--T2341613046,4121.0,7139.0,415.9898987322333,151.8975709850036,50.16297811993442,0.44407327586206896,0.9438962508521169,0.5772517159266004,145.34441853748632,0.3880914287340031,0.09719751600662928,0.017072928550800042,0.011908305423636663,0.0001661217389915384,0.0028692720653861175,3.513472776664562e-05,145.0,64.0,2.265625
WE00088---H009--PO01--LO001--CO6--SL001--PX32500--PW0100--IN0020--TM283--X086535--Y073964--Z211081--T2692962786.png,WE00088---H009--PO01--LO001--CO6--SL001--PX32500--PW0100--IN0020--TM283--X086535--Y073964--Z211081--T2692962786,WE00088---H009--PO01--LO001--CO6--SL001--PX32500--PW0100--IN0020--TM283--X086535--Y073964--Z211081--T2692962786,4086.0,5714.0,488.30865786510145,232.17416741485548,31.792122635250976,0.45299334811529934,0.9905804202270065,0.7150857542877144,220.22715545545242,0.8399960700629614,0.6546027950404807,0.32165594928655505,0.2826490803609232,0.08522499414064656,0.2286819278936991,7.744598658946614e-05,220.0,41.0,5.365853658536586
WE00089---H008--PO01--LO001--CO6--SL001--PX32500--PW0100--IN0020--TM283--X077526--Y073964--Z209453--T2865452801.png,WE00089---H008--PO01--LO001--CO6--SL001--PX32500--PW0100--IN0020--TM283--X077526--Y073964--Z209453--T2865452801,WE00089---H008--PO01--LO001--CO6--SL001--PX32500--PW0100--IN0020--TM283--X077526--Y073964--Z209453--T2865452801,2917.0,4944.0,335.1787155501902,127.8841786188442,54.6727906567944,0.41247171945701355,0.9040068272694334,0.5900080906148867,109.59014554237986,0.4144557160442688,0.08200518102134287,0.014152685221774524,0.008141005675706496,8.317135279206934e-05,0.0010289634198841185,-2.680766524128421e-05,104.0,68.0,1.5294117647058822
WE00090---H007--PO01--LO001--CO6--SL001--PX32500--PW0100--IN0020--TM272--X068517--Y073964--Z213783--T2849044370.png,WE00090---H007--PO01--LO001--CO6--SL001--PX32500--PW0100--IN0020--TM272--X068517--Y073964--Z213783--T2849044370,WE00090---H007--PO01--LO001--CO6--SL001--PX32500--PW0100--IN0020--TM272--X068517--Y073964--Z213783--T2849044370,3756.0,5387.0,498.6589462905455,230.50910352447536,29.938721022931322,0.18981200727713765,0.9915296070885128,0.6972340820493781,220.61731573020282,0.8990743780642009,0.7555860678703864,0.40202594423804133,0.3581464754362415,0.13589953662316828,0.3113128298555908,8.589779597787534e-05,204.0,97.0,2.1030927835051547
WE00090---H007--PO01--LO001--CO6--SL001--PX32500--PW0100--IN0020--TM282--X068517--Y073964--Z212461--T2341774571.png,WE00090---H007--PO01--LO001--CO6--SL001--PX32500--PW0100--IN0020--TM282--X068517--Y073964--Z212461--T2341774571,WE00090---H007--PO01--LO001--CO6--SL001--PX32500--PW0100--IN0020--TM282--X068517--Y073964--Z212461--T2341774571,3229.0,5597.0,409.48127676088177,119.43882728486025,70.29010016182839,0.41397435897435897,0.8084950822008465,0.5769162051098803,102.1077861869505,0.3717546385092627,0.03257733826873346,0.0037298140489334477,0.0020659396710459963,5.415663594962751e-06,-0.00010278260408348593,1.8864745990314888e-06,100.0,78.0,1.2820512820512822
WE00090---H007--PO01--LO001--CO6--SL001--PX32500--PW0100--IN0020--TM283--X068517--Y073964--Z210653--T2865525656.png,WE00090---H007--PO01--LO001--CO6--SL001--PX32500--PW0100--IN0020--TM283--X068517--Y073964--Z210653--T2865525656,WE00090---H007--PO01--LO001--CO6--SL001--PX32500--PW0100--IN0020--TM283--X068517--Y073964--Z210653--T2865525656,3088.0,5063.0,370.97770542341357,149.1144474411257,37.091474415087255,0.37704517704517704,0.9685690068430867,0.6099150701165317,134.892549831338,0.4778759696801594,0.17824059260584948,0.016694807146946093,0.015069145049659694,0.000238455587120526,0.005863176505536719,1.6330941506451335e-05,130.0,63.0,2.0634920634920637
WE00090---H007--PO01--LO001--CO6--SL001--PX32500--PW0100--IN0020--TM283--X068517--Y073964--Z210881--T2693122347.png,WE00090---H007--PO01--LO001--CO6--SL001--PX32500--PW0100--IN0020--TM283--X068517--Y073964--Z210881--T2693122347,WE00090---H007--PO01--LO001--CO6--SL001--PX32500--PW0100--IN0020--TM283--X068517--Y073964--Z210881--T2693122347,5328.0,6769.0,527.1787155501902,245.88933269477337,33.10134779599382,0.5307830245068739,0.9908974496922376,0.7871177426503176,239.35329536064467,0.7220962739183594,0.48495919527017695,0.09856816863490551,0.08425784170201349,0.007678005987232723,0.05801296194093352,-9.802718032894198e-05,239.0,42.0,5.690476190476191
WE00091---H006--PO01--LO001--CO6--SL001--PX32500--PW0100--IN0020--TM272--X059508--Y073964--Z209983--T2849123309.png,WE00091---H006--PO01--LO001--CO6--SL001--PX32500--PW0100--IN0020--TM272--X059508--Y073964--Z209983--T2849123309,WE00091---H006--PO01--LO001--CO6--SL001--PX32500--PW0100--IN0020--TM272--X059508--Y073964--Z209983--T2849123309,3984.0,5464.0,486.06601717798213,239.01547756428093,27.876847084888535,0.46596491228070175,0.9931752023302522,0.7291361639824304,225.31977276750482,0.9084073343165717,0.7814999319084673,0.3170401318018614,0.2867174176301344,0.08644438306470209,0.25336148945037174,0.00022379820758929372,225.0,38.0,5.921052631578948
WE00091---H006--PO01--LO001--CO6--SL001--PX32500--PW0100--IN0020--TM281--X059508--Y073964--Z210875--T2857277276.png,WE00091---H006--PO01--LO001--CO6--SL001--PX32500--PW0100--IN0020--TM281--X059508--Y073964--Z210875--T2857277276,WE00091---H006--PO01--LO001--CO6--SL001--PX32500--PW0100--IN0020--TM281--X059508--Y073964--Z210875--T2857277276,3687.0,4334.0,389.0782104868019,174.3402879571346,29.352173999713827,0.43032212885154064,0.9857253374235112,0.8507152745731426,173.17043627594174,0.5298360137558666,0.25062735752818804,0.018524125970633628,0.014753009685747661,0.00024387480029795303,0.007329545956787779,-2.5032508581483676e-06,168.0,51.0,3.2941176470588234
WE00091---H006--PO01--LO001--CO6--SL001--PX32500--PW0100--IN0020--TM281--X059508--Y073964--Z213537--T2356383933.png,WE00091---H006--PO01--LO001--CO6--SL001--PX32500--PW0100--IN0020--TM281--X059508--Y073964--Z213537--T2356383933,WE00091---H006--PO01--LO001--CO6--SL001--PX32500--PW0100--IN0020--TM281--X059508--Y073964--Z213537--T2356383933,4497.0,7103.0,412.8599564173221,131.033133863409,75.46389692318346,0.39537541761913136,0.8175098504046526,0.6331127692524285,124.19742348374221,0.3177740981334629,0.02543377053108181,0.013741320075971005,0.003277996694572922,1.2997000936617182e-05,-0.0001737858221339719,1.7750706527997428e-05,94.0,121.0,0.7768595041322314
WE00091---H006--PO01--LO001--CO6--SL001--PX32500--PW0100--IN0020--TM283--X059508--Y073964--Z209053--T2865598085.png,WE00091---H006--PO01--LO001--CO6--SL001--PX32500--PW0100--IN0020--TM283--X059508--Y073964--Z209053--T2865598085,WE00091---H006--PO01--LO001--CO6--SL001--PX32500--PW0100--IN0020--TM283--X059508--Y073964--Z209053--T2865598085,3064.0,4643.0,334.2497833620557,138.81166488188296,41.07018998551213,0.4226206896551724,0.9552282538018327,0.6599181563644195,128.16005617976296,0.42745265202199406,0.12862192450553345,0.02534947113967193,0.014618840617343518,0.0002754209558154714,0.004298101751894013,-5.779367225970826e-05,125.0,58.0,2.1551724137931036
WE00092---H005--PO01--LO001--CO6--SL001--PX32500--PW0100--IN0020--TM261--X050499--Y073964--Z210870--T2943435050.png,WE00092---H005--PO01--LO001--CO6--SL001--PX32500--PW0100--IN0020--TM261--X050499--Y073964--Z210870--T2943435050,WE00092---H005--PO01--LO001--CO6--SL001--PX32500--PW0100--IN0020--TM261--X050499--Y073964--Z210870--T2943435050,4164.0,7095.0,459.32085117392114,196.12024884165183,52.53997899381516,0.3279773156899811,0.9634476252711448,0.586892177589852,188.73261509341728,0.6187500209891627,0.2871711305437292,0.13978720665424574,0.07491260564347346,0.007524106519133264,0.034692448687303465,0.0014678670521872943,184.0,69.0,2.6666666666666665
WE00092---H005--PO01--LO001--CO6--SL001--PX32500--PW0100--IN0020--TM281--X050499--Y073964--Z212675--T2857357975.png,WE00092---H005--PO01--LO001--CO6--SL001--PX32500--PW0100--IN0020--TM281--X050499--Y073964--Z212675--T2857357975,WE00092---H005--PO01--LO001--CO6--SL001--PX32500--PW0100--IN0020--TM281--X050499--Y073964--Z212675--T2857357975,3653.0,6161.0,509.5218613006978,233.5733952492926,33.554247974126774,0.3204385964912281,0.9896276667743983,0.5929232267489044,230.37577997697588,0.9526830434812389,0.8356828665953179,0.6501656331337402,0.5814794204239473,0.3575076556284656,0.5288686194840335,0.004072937840888011,228.0,50.0,4.56
WE00092---H005--PO01--LO001--CO6--SL001--PX32500--PW0100--IN0020--TM281--X050499--Y073964--Z215537--T2356464336.png,WE00092---H005--PO01--LO001--CO6--SL001--PX32500--PW0100--IN0020--TM281--X050499--Y073964--Z215537--T2356464336,WE00092---H005--PO01--LO001--CO6--SL001--PX32500--PW0100--IN0020--TM281--X050499--Y073964--Z215537--T2356464336,4450.0,7280.0,457.2447327281724,188.99016127710027,53.190762630907464,0.3131156768927667,0.9595766989208024,0.6112637362637363,192.1067411623028,0.541383964730364,0.2133612610981715,0.06650505872341188,0.02913137118064884,0.0012150460850716058,0.008074755766697696,-0.00040963149640926117,187.0,76.0,2.460526315789474
WE00092---H005--PO01--LO001--CO6--SL001--PX32500--PW0100--IN0020--TM282--X050499--Y073964--Z210061--T2341937949.png,WE00092---H005--PO01--LO001--CO6--SL001--PX32500--PW0100--IN0020--TM282--X050499--Y073964--Z210061--T2341937949,WE00092---H005--PO01--LO001--CO6--SL001--PX32500--PW0100--IN0020--TM282--X050499--Y073964--Z210061--T2341937949,3457.0,6180.0,393.9898987322333,129.10386906106785,66.70677068479014,0.4251106738809641,0.8561721222211987,0.5593851132686084,108.78419002777932,0.38179061074867165,0.048793574761173325,0.013925706701077496,0.004439461654206721,1.390271191556136e-05,-0.00039459231437071623,-3.2018211838025024e-05,107.0,76.0,1.4078947368421053
WE00092---H005--PO01--LO001--CO6--SL001--PX32500--PW0100--IN0020--TM283--X050499--Y073964--Z209653--T2865670296.png,WE00092---H005--PO01--LO001--CO6--SL001--PX32500--PW0100--IN0020--TM283--X050499--Y073964--Z209653--T2865670296,WE00092---H005--PO01--LO001--CO6--SL001--PX32500--PW0100--IN0020--TM283--X050499--Y073964--Z209653--T2865670296,3921.0,5419.0,369.1614716074871,134.41461407972375,49.72061954750064,0.4322089947089947,0.9290696376225581,0.7235652334379037,120.83045973594572,0.32739461372080425,0.06179386752982965,0.0037330861985274957,0.0017915461046092483,4.19334069057839e-06,0.00018810027070030456,-1.970263019286057e-06,81.0,112.0,0.7232142857142857
WE00093---H004--PO01--LO001--CO6--SL001--PX32500--PW0100--IN0020--TM282--X041490--Y073964--Z212861--T2342019362.png,WE00093---H004--PO01--LO001--CO6--SL001--PX32500--PW0100--IN0020--TM282--X041490--Y073964--Z212861--T2342019362,WE00093---H004--PO01--LO001--CO6--SL001--PX32500--PW0100--IN0020--TM282--X041490--Y073964--Z212861--T2342019362,3027.0,4774.0,370.6761902332486,94.98416355939489,74.79166824700208,0.47296875,0.616427104028172,0.6340594888981986,82.46211251235322,0.30177950458885655,0.0050103366564646055,0.0023292191090292665,0.0011128684884659534,1.4245218981116933e-06,-2.9484703335590236e-05,1.086742714198457e-06,80.0,80.0,1.0
WE00093---H004--PO01--LO001--CO6--SL001--PX32500--PW0100--IN0020--TM283--X041490--Y073964--Z210453--T2865742627.png,WE00093---H004--PO01--LO001--CO6--SL001--PX32500--PW0100--IN0020--TM283--X041490--Y073964--Z210453--T2865742627,WE00093---H004--PO01--LO001--CO6--SL001--PX32500--PW0100--IN0020--TM283--X041490--Y073964--Z210453--T2865742627,4036.0,5581.0,404.9188309203678,123.47564462668095,52.01780397672981,0.422794887911167,0.9069306853295229,0.72316789105895,124.82387592123551,0.277999361164146,0.03771197809149993,0.0012171992426629264,0.0005440559461189822,4.4176267999379605e-07,6.081356767676015e-05,-2.9361730107258096e-08,111.0,86.0,1.2906976744186047
WE00093---H004--PO01--LO001--CO6--SL001--PX32500--PW0100--IN0020--TM283--X041490--Y073964--Z210481--T2693362656.png,WE00093---H004--PO01--LO001--CO6--SL001--PX32500--PW0100--IN0020--TM283--X041490--Y073964--Z210481--T2693362656,WE00093---H004--PO01--LO001--CO6--SL001--PX32500--PW0100--IN0020--TM283--X041490--Y073964--Z210481--T2693362656,5708.0,6988.0,552.9777054234136,265.8061053290053,32.1276213415273,0.3836021505376344,0.992668511073575,0.8168288494562106,251.3662666309861,0.7849188604068719,0.5811241134351788,0.11633394083549871,0.10419404298986798,0.011471375573498869,0.07941490541614361,3.530117625444654e-05,248.0,60.0,4.133333333333334
WE00094---H003--PO01--LO001--CO6--SL001--PX32500--PW0100--IN0020--TM261--X032481--Y073964--Z209870--T2943594419.png,WE00094---H003--PO01--LO001--CO6--SL001--PX32500--PW0100--IN0020--TM261--X032481--Y073964--Z209870--T2943594419,WE00094---H003--PO01--LO001--CO6--SL001--PX32500--PW0100--IN0020--TM261--X032481--Y073964--Z209870--T2943594419,4767.0,7876.0,507.11984104714446,242.01500048595665,44.359361979281026,0.40494393476044854,0.9830585540690678,0.6052564753682073,218.66183937761065,0.7937252655683144,0.5507524242117956,0.2024726033230339,0.14968801182790822,0.0259989350047982,0.10310994705396037,0.0017735179466696338,218.0,54.0,4.037037037037037
WE00094---H003--PO01--LO001--CO6--SL001--PX32500--PW0100--IN0020--TM273--X032481--Y073964--Z215183--T2849361397.png,WE00094---H003--PO01--LO001--CO6--SL001--PX32500--PW0100--IN0020--TM273--X032481--Y073964--Z215183--T2849361397,WE00094---H003--PO01--LO001--CO6--SL001--PX32500--PW0100--IN0020--TM273--X032481--Y073964--Z215183--T2849361397,4177.0,5284.0,500.541197284454,235.90152678033604,27.729491897598617,0.17648301504140612,0.9930673328514547,0.7904996214988645,226.03539545832197,0.8441832514093934,0.6743243999962338,0.20693288792869657,0.1874580141915048,0.03692070582132143,0.15390219051420787,7.008934002247129e-05,122.0,194.0,0.6288659793814433
WE00094---H003--PO01--LO001--CO6--SL001--PX32500--PW0100--IN0020--TM281--X032481--Y073964--Z214737--T2356626017.png,WE00094---H003--PO01--LO001--CO6--SL001--PX32500--PW0100--IN0020--TM281--X032481--Y073964--Z214737--T2356626017,WE00094---H003--PO01--LO001--CO6--SL001--PX32500--PW0100--IN0020--TM281--X032481--Y073964--Z214737--T2356626017,2829.0,5327.0,372.91273426595797,107.88762029297668,69.90709803434702,0.3970526315789474,0.7616725074160312,0.5310681434203116,95.88013350011565,0.36511887964089157,0.022256338359526052,0.012604489504891996,0.008503005870976328,8.340186917308504e-05,0.0003679965721512786,-2.81615935091883e-05,95.0,75.0,1.2666666666666666
WE00094---H003--PO01--LO001--CO6--SL001--PX32500--PW0100--IN0020--TM282--X032481--Y073964--Z210061--T2342100779.png,WE00094---H003--PO01--LO001--CO6--SL001--PX32500--PW0100--IN0020--TM282--X032481--Y073964--Z210061--T2342100779,WE00094---H003--PO01--LO001--CO6--SL001--PX32500--PW0100--IN0020--TM282--X032481--Y073964--Z210061--T2342100779,3714.0,5992.0,406.6761902332486,109.89420472370138,73.65808607708264,0.46483103879849813,0.7421231008116829,0.619826435246996,100.72239075796404,0.2945316686253653,0.012527926590721949,0.0024404339126930454,0.0019126452441326099,3.5039632911289376e-06,-5.367601276601166e-05,2.1903468310165063e-06,94.0,85.0,1.1058823529411765
WE00095---H002--PO01--LO001--CO6--SL001--PX32500--PW0100--IN0020--TM261--X023472--Y073964--Z213670--T2943674491.png,WE00095---H002--PO01--LO001--CO6--SL001--PX32500--PW0100--IN0020--TM261--X023472--Y073964--Z213670--T2943674491,WE00095---H002--PO01--LO001--CO6--SL001--PX32500--PW0100--IN0020--TM261--X023472--Y073964--Z213670--T2943674491,3227.0,3952.0,346.5756851698602,79.99036697858423,65.63148327207662,0.5987012987012987,0.5716575217816601,0.8165485829959515,77.92945527847606,0.207351069217955,0.0016400479656834804,0.0003118327924057226,0.0001176135934225811,2.2488774235539327e-08,-3.8088023347063214e-06,-1.2607413069857007e-09,77.0,70.0,1.1
WE00095---H002--PO01--LO001--CO6--SL001--PX32500--PW0100--IN0020--TM281--X023472--Y073964--Z214537--T2356706598.png,WE00095---H002--PO01--LO001--CO6--SL001--PX32500--PW0100--IN0020--TM281--X023472--Y073964--Z214537--T2356706598,WE00095---H002--PO01--LO001--CO6--SL001--PX32500--PW0100--IN0020--TM281--X023472--Y073964--Z214537--T2356706598,3921.0,6730.0,415.50461735799473,161.9432835772293,48.61900815719628,0.263437248051599,0.9538692179555257,0.5826151560178306,163.52675622050356,0.4557101990876757,0.14466832377533378,0.03616337667417245,0.027027848273833966,0.0008391195114415328,0.008220623392407476,9.943320215954855e-05,122.0,122.0,1.0
WE00095---H002--PO01--LO001--CO6--SL001--PX32500--PW0100--IN0020--TM282--X023472--Y073964--Z213661--T2342182412.png,WE00095---H002--PO01--LO001--CO6--SL001--PX32500--PW0100--IN0020--TM282--X023472--Y073964--Z213661--T2342182412,WE00095---H002--PO01--LO001--CO6--SL001--PX32500--PW0100--IN0020--TM282--X023472--Y073964--Z213661--T2342182412,3667.0,6745.0,397.60512242138304,129.50954348735735,74.5296965604394,0.36973180076628354,0.8178183281602145,0.543661971830986,119.87076374162301,0.3805460445134796,0.036557177895045596,0.023246560271409946,0.014402108212082309,0.0002407956618729405,0.0014484587965227689,0.00010705978718215916,87.0,114.0,0.7631578947368421
WE00095---H002--PO01--LO001--CO6--SL001--PX32500--PW0100--IN0020--TM284--X023472--Y073964--Z209653--T2865887112.png,WE00095---H002--PO01--LO001--CO6--SL001--PX32500--PW0100--IN0020--TM284--X023472--Y073964--Z209653--T2865887112,WE00095---H002--PO01--LO001--CO6--SL001--PX32500--PW0100--IN0020--TM284--X023472--Y073964--Z209653--T2865887112,3099.0,4832.0,323.4213562373095,117.2469820260929,58.13037764563146,0.402729044834308,0.8684400252782857,0.6413493377483444,107.42439201596628,0.3453935866297732,0.0437202763185952,0.011750862587136063,0.0033477827565880766,1.2519480764272944e-05,4.992571206442692e-05,-1.6857166925106287e-05,95.0,81.0,1.1728395061728396
WE00096---H001--PO01--LO001--CO6--SL001--PX32500--PW0100--IN0020--TM261--X014463--Y073964--Z213070--T2943753570.png,WE00096---H001--PO01--LO001--CO6--SL001--PX32500--PW0100--IN0020--TM261--X014463--Y073964--Z213070--T2943753570,WE00096---H001--PO01--LO001--CO6--SL001--PX32500--PW0100--IN0020--TM261--X014463--Y073964--Z213070--T2943753570,3187.0,5387.0,398.3330444827409,102.92375559394821,75.5241938064314,0.4590895995390377,0.6793787592257643,0.5916094301095229,91.54780172128658,0.31960314001557494,0.009194037381960956,0.0019060429575541323,0.0018519612918795295,3.3764946108596193e-06,-8.411499110930656e-05,-8.402720709374714e-07,89.0,78.0,1.141025641025641
WE00096---H001--PO01--LO001--CO6--SL001--PX32500--PW0100--IN0020--TM282--X014463--Y073964--Z203039--T2366432383.png,WE00096---H001--PO01--LO001--CO6--SL001--PX32500--PW0100--IN0020--TM282--X014463--Y073964--Z203039--T2366432383,WE00096---H001--PO01--LO001--CO6--SL001--PX32500--PW0100--IN0020--TM282--X014463--Y073964--Z203039--T2366432383,3436.0,5016.0,342.3330444827409,131.42058307618484,51.240997794093644,0.44879832810867293,0.920856841614141,0.6850079744816587,125.23977004130916,0.36192173877726125,0.0709701559475,0.015190318477104628,0.006211663463099806,5.390882388199601e-05,0.0011827865995382941,-2.710326238883268e-05,116.0,66.0,1.7575757575757576
WE00096---H001--PO01--LO001--CO6--SL001--PX32500--PW0100--IN0020--TM282--X014463--Y073964--Z210337--T2356787357.png,WE00096---H001--PO01--LO001--CO6--SL001--PX32500--PW0100--IN0020--TM282--X014463--Y073964--Z210337--T2356787357,WE00096---H001--PO01--LO001--CO6--SL001--PX32500--PW0100--IN0020--TM282--X014463--Y073964--Z210337--T2356787357,4453.0,5524.0,462.5512985522207,208.2726798552954,32.60913918112025,0.5411350103293231,0.9876669514348493,0.806118754525706,211.53250341259616,0.6237489491949254,0.3527166434407784,0.0936109502048605,0.0820216289386002,0.007187036754841691,0.048690005006424605,3.792374157257725e-05,211.0,39.0,5.410256410256411
WE00096---H001--PO01--LO001--CO6--SL001--PX32500--PW0100--IN0020--TM284--X014463--Y073964--Z212053--T2865959803.png,WE00096---H001--PO01--LO001--CO6--SL001--PX32500--PW0100--IN0020--TM284--X014463--Y073964--Z212053--T2865959803,WE00096---H001--PO01--LO001--CO6--SL001--PX32500--PW0100--IN0020--TM284--X014463--Y073964--Z212053--T2865959803,3411.0,5030.0,349.84776310850236,143.60546391648407,43.88146894556263,0.4478728991596639,0.9521697323580685,0.6781312127236581,136.36715146984628,0.4131506996388336,0.11736482106712212,0.015238004641461137,0.008372496518526139,9.247161761671168e-05,0.002015614148690147,-1.9804082678836693e-05,136.0,56.0,2.4285714285714284
